the	31374
and	31373
of	31372
to	31371
a	31370
in	31369
that	31368
for	31367
it	31366
on	31365
with	31364
be	31363
is	31362
as	31361
this	31360
he	31359
have	31358
by	31357
at	31356
not	31355
was	31354
i	31353
you	31352
from	31351
are	31350
his	31349
but	31348
or	31347
they	31346
all	31345
one	31344
can	31343
we	31342
an	31341
do	31340
their	31339
about	31338
so	31337
who	31336
her	31335
what	31334
there	31333
if	31332
which	31331
more	31330
would	31329
were	31328
will	31327
she	31326
had	31325
my	31324
when	31323
out	31322
no	31321
has	31320
time	31319
me	31318
other	31317
like	31316
some	31315
just	31314
also	31313
its	31312
than	31311
into	31310
them	31309
people	31308
your	31307
been	31306
him	31305
first	31304
new	31303
only	31302
two	31301
could	31300
these	31299
up	31298
then	31297
now	31296
get	31295
over	31294
after	31293
how	31292
most	31291
well	31290
because	31289
any	31288
know	31287
may	31286
make	31285
many	31284
where	31283
see	31282
very	31281
back	31280
even	31279
go	31278
did	31277
our	31276
such	31275
way	31274
think	31273
use	31272
much	31271
through	31270
year	31269
work	31268
good	31267
said	31266
right	31265
between	31264
those	31263
should	31262
before	31261
say	31260
while	31259
take	31258
still	31257
used	31256
being	31255
world	31254
life	31253
here	31252
us	31251
want	31250
both	31249
same	31248
day	31247
down	31246
three	31245
made	31244
too	31243
never	31242
each	31241
need	31240
last	31239
part	31238
during	31237
own	31236
come	31235
off	31234
state	31233
another	31232
man	31231
under	31230
long	31229
around	31228
since	31227
really	31226
does	31225
high	31224
number	31223
great	31222
against	31221
every	31220
look	31219
why	31218
going	31217
must	31216
place	31215
system	31214
without	31213
government	31212
different	31211
something	31210
little	31209
home	31208
family	31207
end	31206
until	31205
again	31204
school	31203
found	31202
find	31201
years	31200
few	31199
city	31198
got	31197
give	31196
next	31195
called	31194
always	31193
help	31192
might	31191
set	31190
second	31189
old	31188
thing	31187
later	31186
however	31185
often	31184
best	31183
point	31182
name	31181
country	31180
case	31179
group	31178
put	31177
show	31176
power	31175
game	31174
let	31173
small	31172
water	31171
better	31170
left	31169
public	31168
love	31167
house	31166
away	31165
four	31164
including	31163
big	31162
money	31161
keep	31160
mean	31159
large	31158
tell	31157
things	31156
though	31155
less	31154
night	31153
early	31152
feel	31151
play	31150
thought	31149
become	31148
ever	31147
important	31146
several	31145
today	31144
national	31143
am	31142
lot	31141
war	31140
change	31139
within	31138
area	31137
once	31136
children	31135
team	31134
call	31133
times	31132
says	31131
known	31130
women	31129
took	31128
million	31127
line	31126
came	31125
example	31124
law	31123
president	31122
head	31121
days	31120
among	31119
support	31118
using	31117
sure	31116
yes	31115
book	31114
real	31113
company	31112
political	31111
oh	31110
fact	31109
far	31108
states	31107
enough	31106
music	31105
order	31104
business	31103
side	31102
yet	31101
death	31100
hand	31099
information	31098
person	31097
least	31096
form	31095
already	31094
main	31093
having	31092
believe	31091
men	31090
white	31089
yeah	31088
control	31087
nothing	31086
five	31085
others	31084
kind	31083
free	31082
anything	31081
problem	31080
social	31079
general	31078
run	31077
together	31076
week	31075
given	31074
start	31073
doing	31072
story	31071
someone	31070
history	31069
almost	31068
went	31067
body	31066
along	31065
done	31064
black	31063
able	31062
young	31061
care	31060
human	31059
making	31058
based	31057
seen	31056
woman	31055
told	31054
local	31053
try	31052
course	31051
talk	31050
open	31049
although	31048
major	31047
actually	31046
service	31045
party	31044
everything	31043
following	31042
bad	31041
either	31040
became	31039
possible	31038
top	31037
level	31036
process	31035
live	31034
data	31033
read	31032
job	31031
hard	31030
father	31029
face	31028
room	31027
child	31026
question	31025
full	31024
mother	31023
whole	31022
air	31021
citation	31020
program	31019
study	31018
health	31017
food	31016
per	31015
means	31014
stop	31013
word	31012
rather	31011
light	31010
common	31009
research	31008
whether	31007
maybe	31006
late	31005
single	31004
please	31003
members	31002
age	31001
himself	31000
development	30999
sometimes	30998
turn	30997
thank	30996
ask	30995
car	30994
season	30993
working	30992
move	30991
getting	30990
due	30989
idea	30988
half	30987
international	30986
leave	30985
office	30984
usually	30983
result	30982
century	30981
students	30980
community	30979
began	30978
military	30977
ago	30976
across	30975
looking	30974
period	30973
news	30972
film	30971
past	30970
include	30969
mind	30968
court	30967
probably	30966
field	30965
close	30964
education	30963
trying	30962
six	30961
low	30960
according	30959
pay	30958
makes	30957
lost	30956
language	30955
force	30954
understand	30953
above	30952
months	30951
available	30950
similar	30949
matter	30948
cause	30947
market	30946
wanted	30945
friend	30944
class	30943
role	30942
further	30941
saw	30940
else	30939
taken	30938
behind	30937
land	30936
reason	30935
especially	30934
position	30933
third	30932
space	30931
south	30930
everyone	30929
special	30928
energy	30927
guy	30926
future	30925
former	30924
short	30923
provide	30922
issue	30921
morning	30920
started	30919
art	30918
experience	30917
building	30916
hear	30915
works	30914
bring	30913
economic	30912
sense	30911
term	30910
police	30909
asked	30908
instead	30907
remember	30906
certain	30905
outside	30904
son	30903
held	30902
hold	30901
coming	30900
thanks	30899
hope	30898
original	30897
true	30896
words	30895
soon	30894
type	30893
okay	30892
percent	30891
themselves	30890
population	30889
itself	30888
saying	30887
considered	30886
plan	30885
strong	30884
games	30883
current	30882
girl	30881
friends	30880
wrong	30879
action	30878
taking	30877
living	30876
north	30875
act	30874
countries	30873
view	30872
wait	30871
various	30870
return	30869
total	30868
heart	30867
clear	30866
lead	30865
report	30864
hit	30863
present	30862
near	30861
upon	30860
meet	30859
interest	30858
town	30857
stay	30856
policy	30855
areas	30854
front	30853
evidence	30852
win	30851
effect	30850
cut	30849
final	30848
higher	30847
deal	30846
rate	30845
red	30844
value	30843
mr	30842
production	30841
hey	30840
likely	30839
fire	30838
church	30837
wife	30836
groups	30835
anyone	30834
center	30833
moment	30832
month	30831
personal	30830
systems	30829
died	30828
gave	30827
record	30826
led	30825
convert	30824
rest	30823
quite	30822
society	30821
security	30820
pretty	30819
watch	30818
seem	30817
problems	30816
design	30815
bit	30814
video	30813
comes	30812
site	30811
student	30810
model	30809
ground	30808
happen	30807
natural	30806
table	30805
cost	30804
list	30803
member	30802
modern	30801
popular	30800
terms	30799
guys	30798
college	30797
finally	30796
private	30795
needs	30794
west	30793
nice	30792
particular	30791
thus	30790
continue	30789
create	30788
longer	30787
size	30786
wrote	30785
god	30784
project	30783
knew	30782
heard	30781
services	30780
published	30779
talking	30778
eyes	30777
sound	30776
test	30775
boy	30774
sorry	30773
media	30772
dead	30771
difficult	30770
range	30769
road	30768
individual	30767
easy	30766
street	30765
door	30764
relationship	30763
created	30762
results	30761
average	30760
source	30759
federal	30758
points	30757
whose	30756
hours	30755
played	30754
industry	30753
perhaps	30752
myself	30751
cases	30750
generally	30749
phone	30748
allow	30747
simply	30746
s	30745
inside	30744
received	30743
nature	30742
fall	30741
lower	30740
buy	30739
practice	30738
increase	30737
learn	30736
american	30735
science	30734
brought	30733
written	30732
playing	30731
significant	30730
post	30729
middle	30728
official	30727
trade	30726
rights	30725
happy	30724
parents	30723
summer	30722
needed	30721
performance	30720
decision	30719
recent	30718
king	30717
situation	30716
stand	30715
baby	30714
tax	30713
character	30712
price	30711
seems	30710
minutes	30709
fine	30708
oil	30707
figure	30706
player	30705
developed	30704
begin	30703
couple	30702
break	30701
changes	30700
version	30699
ready	30698
write	30697
amount	30696
board	30695
standard	30694
hour	30693
blood	30692
culture	30691
chance	30690
technology	30689
foreign	30688
key	30687
included	30686
voice	30685
alone	30684
follow	30683
issues	30682
throughout	30681
running	30680
involved	30679
felt	30678
central	30677
required	30676
thinking	30675
built	30674
addition	30673
turned	30672
killed	30671
theory	30670
event	30669
share	30668
attack	30667
kids	30666
looks	30665
sent	30664
song	30663
allowed	30662
happened	30661
subject	30660
check	30659
shit	30658
fight	30657
region	30656
species	30655
computer	30654
department	30653
simple	30652
continued	30651
success	30650
attention	30649
nearly	30648
shows	30647
players	30646
medical	30645
yourself	30644
worked	30643
entire	30642
shot	30641
below	30640
hands	30639
toward	30638
risk	30637
exactly	30636
training	30635
added	30634
companies	30633
takes	30632
bill	30631
paper	30630
answer	30629
director	30628
won	30627
movement	30626
specific	30625
series	30624
ok	30623
writing	30622
offer	30621
kill	30620
forces	30619
growth	30618
account	30617
east	30616
brother	30615
poor	30614
seven	30613
economy	30612
pressure	30611
goes	30610
released	30609
campaign	30608
quickly	30607
looked	30606
financial	30605
parts	30604
press	30603
particularly	30602
material	30601
article	30600
step	30599
movie	30598
beginning	30597
drive	30596
weeks	30595
numbers	30594
response	30593
add	30592
legal	30591
questions	30590
books	30589
access	30588
eye	30587
tried	30586
die	30585
army	30584
physical	30583
network	30582
color	30581
difference	30580
style	30579
followed	30578
meeting	30577
speak	30576
serious	30575
provided	30574
knowledge	30573
events	30572
guess	30571
reading	30570
date	30569
nation	30568
quality	30567
de	30566
gone	30565
base	30564
religious	30563
career	30562
ways	30561
whatever	30560
complete	30559
page	30558
star	30557
forward	30556
therefore	30555
vote	30554
picture	30553
sex	30552
walk	30551
choice	30550
image	30549
moved	30548
lose	30547
stage	30546
lives	30545
approach	30544
increased	30543
gets	30542
race	30541
blue	30540
d	30539
green	30538
pass	30537
cover	30536
send	30535
wants	30534
met	30533
described	30532
rule	30531
daughter	30530
consider	30529
fun	30528
sea	30527
eat	30526
sort	30525
section	30524
ability	30523
beautiful	30522
miss	30521
hair	30520
traditional	30519
radio	30518
surface	30517
hot	30516
decided	30515
bank	30514
wall	30513
changed	30512
reported	30511
appear	30510
necessary	30509
eight	30508
truth	30507
produced	30506
schools	30505
capital	30504
related	30503
ten	30502
loss	30501
potential	30500
build	30499
note	30498
treatment	30497
feeling	30496
focus	30495
studies	30494
beyond	30493
earlier	30492
produce	30491
earth	30490
reach	30489
limited	30488
park	30487
property	30486
born	30485
recently	30484
sit	30483
established	30482
analysis	30481
april	30480
united	30479
dark	30478
despite	30477
stuff	30476
structure	30475
remain	30474
rules	30473
fuck	30472
management	30471
sign	30470
staff	30469
named	30468
administration	30467
piece	30466
release	30465
giving	30464
husband	30463
shall	30462
conditions	30461
listen	30460
title	30459
wish	30458
television	30457
largest	30456
online	30455
majority	30454
effort	30453
eventually	30452
gold	30451
goal	30450
billion	30449
directly	30448
product	30447
minute	30446
letter	30445
ball	30444
certainly	30443
save	30442
married	30441
kid	30440
lines	30439
band	30438
perfect	30437
message	30436
agree	30435
leading	30434
hell	30433
completely	30432
levels	30431
designed	30430
bed	30429
effects	30428
spend	30427
gas	30426
activity	30425
previous	30424
mom	30423
chief	30422
university	30421
peace	30420
normal	30419
greater	30418
deep	30417
speed	30416
lack	30415
cold	30414
fast	30413
successful	30412
code	30411
programs	30410
rock	30409
expected	30408
organization	30407
serve	30406
weight	30405
text	30404
except	30403
income	30402
pick	30401
county	30400
worth	30399
island	30398
teacher	30397
leader	30396
expect	30395
hospital	30394
positive	30393
drug	30392
union	30391
function	30390
spent	30389
meaning	30388
additional	30387
cool	30386
fucking	30385
floor	30384
wide	30383
paid	30382
river	30381
disease	30380
june	30379
moving	30378
learning	30377
visit	30376
charge	30375
western	30374
girls	30373
towards	30372
scene	30371
workers	30370
influence	30369
ones	30368
marriage	30367
grow	30366
tonight	30365
huge	30364
direction	30363
civil	30362
uses	30361
complex	30360
kept	30359
ahead	30358
clearly	30357
method	30356
council	30355
opportunity	30354
larger	30353
review	30352
dog	30351
station	30350
immediately	30349
associated	30348
direct	30347
author	30346
environment	30345
round	30344
box	30343
officer	30342
degree	30341
heavy	30340
carry	30339
global	30338
growing	30337
respect	30336
whom	30335
battle	30334
independent	30333
contact	30332
commercial	30331
impact	30330
mark	30329
election	30328
store	30327
minister	30326
cup	30325
female	30324
explain	30323
address	30322
highly	30321
primary	30320
currently	30319
sleep	30318
everybody	30317
professional	30316
stories	30315
fear	30314
require	30313
content	30312
pain	30311
products	30310
daily	30309
claim	30308
doctor	30307
trust	30306
construction	30305
sell	30304
basic	30303
returned	30302
safe	30301
caused	30300
knows	30299
mostly	30298
mass	30297
features	30296
starting	30295
committee	30294
internet	30293
heat	30292
ice	30291
basis	30290
track	30289
cannot	30288
search	30287
memory	30286
album	30285
types	30284
families	30283
plant	30282
sister	30281
places	30280
interesting	30279
remains	30278
passed	30277
status	30276
choose	30275
purpose	30274
authority	30273
forms	30272
machine	30271
develop	30270
easily	30269
travel	30268
join	30267
regular	30266
statement	30265
september	30264
operation	30263
active	30262
photo	30261
nor	30260
sir	30259
cultural	30258
club	30257
plans	30256
shown	30255
gives	30254
attempt	30253
receive	30252
july	30251
includes	30250
fish	30249
protect	30248
dad	30247
older	30246
sun	30245
typically	30244
names	30243
brown	30242
card	30241
behavior	30240
gun	30239
justice	30238
variety	30237
effective	30236
unit	30235
aircraft	30234
foot	30233
avoid	30232
cell	30231
defense	30230
leaving	30229
reality	30228
crime	30227
conference	30226
straight	30225
condition	30224
tree	30223
ship	30222
separate	30221
feet	30220
january	30219
multiple	30218
waiting	30217
laws	30216
understanding	30215
sold	30214
collection	30213
none	30212
believed	30211
safety	30210
rise	30209
hi	30208
b	30207
southern	30206
self	30205
freedom	30204
reached	30203
football	30202
unless	30201
critical	30200
cities	30199
politics	30198
mission	30197
brain	30196
credit	30195
sexual	30194
october	30193
seemed	30192
software	30191
judge	30190
drop	30189
forget	30188
powerful	30187
male	30186
speech	30185
via	30184
distance	30183
supposed	30182
jobs	30181
costs	30180
meant	30179
m	30178
suggest	30177
activities	30176
characters	30175
indeed	30174
forced	30173
mine	30172
spring	30171
window	30170
exist	30169
violence	30168
november	30167
compared	30166
elements	30165
agreement	30164
december	30163
nuclear	30162
skin	30161
match	30160
stock	30159
wear	30158
responsible	30157
smaller	30156
league	30155
hate	30154
sources	30153
ideas	30152
reasons	30151
northern	30150
rich	30149
individuals	30148
beat	30147
enjoy	30146
district	30145
lived	30144
august	30143
cancer	30142
calls	30141
annual	30140
appeared	30139
herself	30138
resources	30137
agency	30136
temperature	30135
opened	30134
raise	30133
miles	30132
glass	30131
boys	30130
tomorrow	30129
seeing	30128
flight	30127
prevent	30126
closed	30125
located	30124
fair	30123
accept	30122
somebody	30121
nobody	30120
association	30119
opinion	30118
concept	30117
fully	30116
absolutely	30115
t	30114
reduce	30113
winter	30112
helped	30111
hurt	30110
hundred	30109
bar	30108
february	30107
appears	30106
trial	30105
onto	30104
tour	30103
ended	30102
officials	30101
leaders	30100
c	30099
scale	30098
presence	30097
coach	30096
animal	30095
sales	30094
served	30093
arm	30092
announced	30091
negative	30090
length	30089
london	30088
patients	30087
failed	30086
opening	30085
john	30084
introduced	30083
reports	30082
secret	30081
nine	30080
placed	30079
showed	30078
faith	30077
pull	30076
damage	30075
famous	30074
relatively	30073
offered	30072
animals	30071
remained	30070
location	30069
interview	30068
standing	30067
learned	30066
budget	30065
professor	30064
competition	30063
interested	30062
welcome	30061
cross	30060
double	30059
equipment	30058
parties	30057
target	30056
decide	30055
spread	30054
democratic	30053
anyway	30052
overall	30051
wind	30050
values	30049
actual	30048
provides	30047
crazy	30046
efforts	30045
rates	30044
executive	30043
evening	30042
contract	30041
senior	30040
otherwise	30039
bottom	30038
train	30037
solution	30036
trip	30035
concerned	30034
friday	30033
catch	30032
french	30031
dance	30030
agreed	30029
raised	30028
teams	30027
operations	30026
dream	30025
measure	30024
challenge	30023
manager	30022
hotel	30021
generation	30020
factor	30019
ran	30018
historical	30017
mouth	30016
insurance	30015
camera	30014
environmental	30013
occur	30012
watching	30011
wonder	30010
investment	30009
patient	30008
sounds	30007
teachers	30006
enter	30005
realize	30004
supply	30003
concern	30002
becomes	30001
scientific	30000
trouble	29999
exchange	29998
religion	29997
fighting	29996
feature	29995
benefit	29994
demand	29993
imagine	29992
engine	29991
birth	29990
gonna	29989
debate	29988
advantage	29987
audience	29986
protection	29985
fit	29984
clean	29983
drink	29982
arms	29981
fell	29980
sunday	29979
website	29978
strength	29977
highest	29976
discussion	29975
determine	29974
completed	29973
march	29972
touch	29971
parent	29970
languages	29969
strategy	29968
methods	29967
notes	29966
quick	29965
link	29964
happens	29963
stated	29962
largely	29961
english	29960
seat	29959
damn	29958
neither	29957
records	29956
carried	29955
screen	29954
worry	29953
improve	29952
fresh	29951
performed	29950
missing	29949
unique	29948
formed	29947
proposed	29946
british	29945
referred	29944
draw	29943
telling	29942
block	29941
edge	29940
extra	29939
comments	29938
allows	29937
non	29936
conflict	29935
object	29934
funny	29933
frequently	29932
teaching	29931
slow	29930
units	29929
spirit	29928
noted	29927
favorite	29926
artist	29925
describe	29924
planning	29923
york	29922
labor	29921
failure	29920
fourth	29919
metal	29918
finished	29917
finding	29916
calling	29915
increasing	29914
lie	29913
e	29912
correct	29911
firm	29910
initial	29909
previously	29908
asking	29907
gain	29906
cells	29905
seriously	29904
stone	29903
leadership	29902
holding	29901
widely	29900
lady	29899
loved	29898
speaking	29897
r	29896
saturday	29895
shape	29894
represent	29893
weather	29892
division	29891
twice	29890
reference	29889
equal	29888
tv	29887
doubt	29886
ancient	29885
application	29884
throw	29883
fans	29882
dinner	29881
plus	29880
nations	29879
thousand	29878
cars	29877
internal	29876
recorded	29875
stars	29874
notice	29873
comment	29872
setting	29871
becoming	29870
sitting	29869
murder	29868
hall	29867
coast	29866
thousands	29865
slightly	29864
extremely	29863
score	29862
context	29861
crisis	29860
prison	29859
novel	29858
officers	29857
amazing	29856
caught	29855
defined	29854
magazine	29853
models	29852
prior	29851
anymore	29850
america	29849
european	29848
file	29847
responsibility	29846
finish	29845
sports	29844
details	29843
device	29842
intended	29841
argument	29840
obviously	29839
path	29838
claims	29837
approximately	29836
numerous	29835
maintain	29834
monday	29833
weapons	29832
applied	29831
teach	29830
apply	29829
investigation	29828
originally	29827
push	29826
contain	29825
greatest	29824
tend	29823
shut	29822
spot	29821
master	29820
traffic	29819
reaction	29818
tradition	29817
broken	29816
reduced	29815
prime	29814
actions	29813
apparently	29812
standards	29811
plane	29810
fat	29809
aid	29808
village	29807
square	29806
covered	29805
remaining	29804
supported	29803
task	29802
web	29801
instance	29800
flow	29799
stopped	29798
factors	29797
digital	29796
etc	29795
plants	29794
perform	29793
impossible	29792
useful	29791
progress	29790
weekend	29789
posted	29788
materials	29787
fund	29786
suddenly	29785
advice	29784
prove	29783
hearing	29782
commission	29781
suggested	29780
elected	29779
discovered	29778
accepted	29777
partner	29776
signed	29775
fuel	29774
songs	29773
skills	29772
films	29771
bus	29770
secretary	29769
coffee	29768
border	29767
intelligence	29766
host	29765
mental	29764
threat	29763
camp	29762
sweet	29761
crew	29760
dangerous	29759
connection	29758
la	29757
lay	29756
climate	29755
winning	29754
definition	29753
adult	29752
agent	29751
native	29750
background	29749
capacity	29748
sport	29747
soldiers	29746
literature	29745
worse	29744
operating	29743
identity	29742
removed	29741
troops	29740
prices	29739
relations	29738
era	29737
wild	29736
possibly	29735
count	29734
importance	29733
decade	29732
alternative	29731
spending	29730
ring	29729
images	29728
aware	29727
willing	29726
determined	29725
showing	29724
seek	29723
presented	29722
eastern	29721
goals	29720
entirely	29719
beach	29718
lord	29717
continues	29716
writer	29715
estimated	29714
regional	29713
rose	29712
mountain	29711
cash	29710
europe	29709
core	29708
appropriate	29707
user	29706
conversation	29705
tough	29704
grand	29703
driving	29702
plays	29701
runs	29700
alive	29699
benefits	29698
broke	29697
cast	29696
mentioned	29695
signal	29694
dry	29693
distribution	29692
stupid	29691
balance	29690
domestic	29689
limit	29688
communication	29687
handle	29686
map	29685
sick	29684
walking	29683
museum	29682
wood	29681
option	29680
users	29679
requires	29678
volume	29677
candidate	29676
citizens	29675
governor	29674
soul	29673
appearance	29672
bought	29671
ride	29670
commonly	29669
episode	29668
command	29667
lake	29666
mention	29665
afraid	29664
remove	29663
reform	29662
fly	29661
slowly	29660
identify	29659
bridge	29658
truly	29657
library	29656
upper	29655
fan	29654
victory	29653
drugs	29652
leaves	29651
letters	29650
yesterday	29649
changing	29648
dollars	29647
horse	29646
existing	29645
differences	29644
tuesday	29643
projects	29642
arrived	29641
garden	29640
urban	29639
youth	29638
grew	29637
corner	29636
sides	29635
edition	29634
killing	29633
biggest	29632
industrial	29631
sky	29630
definitely	29629
apart	29628
super	29627
holy	29626
items	29625
vision	29624
phase	29623
buildings	29622
thursday	29621
contains	29620
rare	29619
pieces	29618
shoot	29617
criminal	29616
gay	29615
owner	29614
element	29613
classes	29612
pattern	29611
wonderful	29610
sector	29609
forest	29608
boat	29607
wine	29606
debt	29605
affect	29604
bag	29603
adopted	29602
totally	29601
wednesday	29600
captain	29599
healthy	29598
warm	29597
foundation	29596
primarily	29595
chair	29594
airport	29593
worst	29592
possibility	29591
survey	29590
keeping	29589
pair	29588
replaced	29587
objects	29586
contrast	29585
enemy	29584
joined	29583
vehicle	29582
prepared	29581
putting	29580
creating	29579
fill	29578
hill	29577
afternoon	29576
extended	29575
kitchen	29574
centre	29573
bear	29572
display	29571
expensive	29570
existence	29569
views	29568
combined	29567
developing	29566
offers	29565
sites	29564
turns	29563
exercise	29562
trees	29561
musical	29560
shop	29559
hello	29558
communities	29557
wave	29556
pictures	29555
specifically	29554
sale	29553
motion	29552
ensure	29551
indicate	29550
ordered	29549
concerns	29548
moral	29547
interests	29546
achieve	29545
l	29544
closer	29543
farm	29542
mainly	29541
recognize	29540
seconds	29539
guard	29538
lots	29537
glad	29536
attacks	29535
windows	29534
managed	29533
planned	29532
proper	29531
powers	29530
france	29529
newspaper	29528
wearing	29527
identified	29526
crowd	29525
policies	29524
academic	29523
houses	29522
typical	29521
regarding	29520
sets	29519
al	29518
employees	29517
discuss	29516
promise	29515
steps	29514
planet	29513
lawyer	29512
shared	29511
royal	29510
somewhere	29509
leg	29508
treat	29507
technical	29506
measures	29505
evil	29504
unable	29503
expression	29502
clothes	29501
claimed	29500
tells	29499
losing	29498
opposition	29497
relative	29496
medicine	29495
editor	29494
journal	29493
significantly	29492
fixed	29491
decades	29490
extent	29489
attorney	29488
eating	29487
painting	29486
organizations	29485
functions	29484
advanced	29483
channel	29482
causes	29481
quarter	29480
driver	29479
re	29478
decisions	29477
emergency	29476
luck	29475
allowing	29474
apartment	29473
chemical	29472
manner	29471
bodies	29470
divided	29469
combination	29468
increasingly	29467
ass	29466
authorities	29465
roll	29464
surprise	29463
creation	29462
follows	29461
route	29460
guide	29459
housing	29458
providing	29457
snow	29456
desire	29455
dropped	29454
suit	29453
england	29452
port	29451
anybody	29450
waste	29449
cards	29448
humans	29447
fashion	29446
constant	29445
silver	29444
strike	29443
transfer	29442
stress	29441
connected	29440
argue	29439
rain	29438
dress	29437
occurred	29436
acting	29435
fellow	29434
sugar	29433
refer	29432
applications	29431
resulting	29430
figures	29429
copy	29428
solid	29427
sat	29426
ultimately	29425
establish	29424
gift	29423
stood	29422
opposite	29421
hole	29420
testing	29419
stick	29418
sample	29417
duty	29416
somewhat	29415
latter	29414
massive	29413
restaurant	29412
principle	29411
belief	29410
request	29409
canada	29408
dr	29407
entered	29406
respond	29405
escape	29404
perspective	29403
turning	29402
zone	29401
obvious	29400
fields	29399
ships	29398
properties	29397
studio	29396
depending	29395
feels	29394
taxes	29393
africa	29392
smart	29391
yellow	29390
examples	29389
affected	29388
refused	29387
flat	29386
ends	29385
smile	29384
essential	29383
empty	29382
territory	29381
grade	29380
steel	29379
iron	29378
familiar	29377
devices	29376
estate	29375
resistance	29374
quiet	29373
van	29372
educational	29371
chain	29370
award	29369
fail	29368
conservative	29367
description	29366
universe	29365
accident	29364
capable	29363
starts	29362
cycle	29361
engineering	29360
soft	29359
bet	29358
armed	29357
positions	29356
transport	29355
error	29354
customers	29353
electric	29352
maximum	29351
honor	29350
net	29349
easier	29348
filled	29347
joint	29346
represented	29345
funding	29344
taught	29343
relationships	29342
external	29341
observed	29340
experienced	29339
arts	29338
walked	29337
institutions	29336
tests	29335
detail	29334
struggle	29333
express	29332
happening	29331
corporate	29330
abuse	29329
artists	29328
funds	29327
taste	29326
assume	29325
anywhere	29324
theme	29323
formal	29322
pop	29321
advance	29320
prepare	29319
shooting	29318
founded	29317
soil	29316
matters	29315
shift	29314
p	29313
weapon	29312
emotional	29311
conduct	29310
residents	29309
neck	29308
helping	29307
bright	29306
frame	29305
selected	29304
latest	29303
brand	29302
victim	29301
gender	29300
technique	29299
hang	29298
rural	29297
normally	29296
appointed	29295
regions	29294
origin	29293
wake	29292
meat	29291
closely	29290
favor	29289
focused	29288
begins	29287
broad	29286
elections	29285
laugh	29284
mobile	29283
illegal	29282
bird	29281
frequency	29280
accounts	29279
salt	29278
excellent	29277
consumer	29276
tiny	29275
weak	29274
strange	29273
minor	29272
orders	29271
jump	29270
moon	29269
hundreds	29268
appeal	29267
beauty	29266
launch	29265
replace	29264
techniques	29263
treated	29262
pulled	29261
basically	29260
philosophy	29259
worker	29258
tool	29257
younger	29256
split	29255
client	29254
neighborhood	29253
acts	29252
mistake	29251
cat	29250
baseball	29249
storm	29248
marketing	29247
chairman	29246
chosen	29245
ocean	29244
necessarily	29243
presidential	29242
independence	29241
feed	29240
attitude	29239
proud	29238
expressed	29237
surprised	29236
improved	29235
sad	29234
issued	29233
fifth	29232
opposed	29231
australia	29230
spoke	29229
contemporary	29228
category	29227
goods	29226
minimum	29225
co	29224
magic	29223
apple	29222
initially	29221
selling	29220
forever	29219
drinking	29218
pages	29217
queen	29216
talked	29215
expert	29214
shoulder	29213
washington	29212
practical	29211
vice	29210
selection	29209
confidence	29208
walls	29207
photograph	29206
operate	29205
signs	29204
knowing	29203
faster	29202
severe	29201
missed	29200
mix	29199
survive	29198
homes	29197
cook	29196
legislation	29195
milk	29194
beer	29193
pool	29192
terrible	29191
session	29190
height	29189
circle	29188
document	29187
german	29186
serving	29185
movies	29184
nearby	29183
unknown	29182
recognized	29181
danger	29180
congress	29179
winner	29178
scientists	29177
grant	29176
zero	29175
manage	29174
committed	29173
x	29172
resolution	29171
suggests	29170
tea	29169
extreme	29168
angry	29167
busy	29166
usual	29165
democracy	29164
wedding	29163
assistance	29162
lucky	29161
truck	29160
mixed	29159
bay	29158
injury	29157
appreciate	29156
chinese	29155
literally	29154
constitution	29153
cable	29152
passing	29151
smoke	29150
promote	29149
practices	29148
streets	29147
destroyed	29146
unlike	29145
thinks	29144
liberal	29143
conducted	29142
revenue	29141
coverage	29140
till	29139
explained	29138
leads	29137
flying	29136
charges	29135
percentage	29134
sentence	29133
alcohol	29132
ourselves	29131
involve	29130
paris	29129
chapter	29128
valley	29127
classic	29126
lunch	29125
circumstances	29124
portion	29123
reflect	29122
lies	29121
permanent	29120
pure	29119
markets	29118
medium	29117
heads	29116
vast	29115
grown	29114
admit	29113
banks	29112
expansion	29111
print	29110
realized	29109
plastic	29108
atmosphere	29107
legs	29106
carbon	29105
comfortable	29104
proved	29103
controlled	29102
creative	29101
fix	29100
purchase	29099
secondary	29098
understood	29097
tools	29096
liked	29095
parliament	29094
customer	29093
click	29092
secure	29091
tired	29090
argued	29089
organized	29088
mode	29087
increases	29086
paying	29085
heavily	29084
owned	29083
visual	29082
awesome	29081
visible	29080
processes	29079
entry	29078
occurs	29077
granted	29076
brothers	29075
attend	29074
revolution	29073
marked	29072
procedure	29071
immediate	29070
brief	29069
sing	29068
twenty	29067
bowl	29066
dear	29065
picked	29064
strongly	29063
electronic	29062
yards	29061
aside	29060
thoughts	29059
solar	29058
experiences	29057
everywhere	29056
facility	29055
researchers	29054
ill	29053
structures	29052
david	29051
proof	29050
thin	29049
profit	29048
watched	29047
institution	29046
merely	29045
guilty	29044
journey	29043
documents	29042
adding	29041
effectively	29040
birthday	29039
noise	29038
tall	29037
pilot	29036
profile	29035
affairs	29034
sight	29033
plate	29032
equivalent	29031
skill	29030
excuse	29029
uk	29028
relief	29027
branch	29026
n	29025
rarely	29024
breaking	29023
actor	29022
storage	29021
yours	29020
extensive	29019
revealed	29018
output	29017
chicken	29016
purposes	29015
china	29014
victims	29013
options	29012
personnel	29011
careful	29010
blow	29009
tape	29008
criticism	29007
russian	29006
ethnic	29005
convention	29004
feelings	29003
boss	29002
relation	29001
row	29000
golden	28999
st	28998
launched	28997
charged	28996
somehow	28995
surrounding	28994
weird	28993
supporting	28992
participants	28991
resource	28990
blog	28989
fruit	28988
plenty	28987
attempts	28986
item	28985
mail	28984
spiritual	28983
consistent	28982
mayor	28981
bringing	28980
millions	28979
listed	28978
regard	28977
introduction	28976
offering	28975
holds	28974
candidates	28973
persons	28972
blame	28971
surgery	28970
incident	28969
destroy	28968
guest	28967
directed	28966
votes	28965
combat	28964
helps	28963
guns	28962
assembly	28961
fundamental	28960
employment	28959
honest	28958
declared	28957
finger	28956
links	28955
sequence	28954
recording	28953
pleasure	28952
aspects	28951
senator	28950
broadcast	28949
household	28948
facts	28947
encourage	28946
relevant	28945
stations	28944
stands	28943
articles	28942
sought	28941
voters	28940
hero	28939
christian	28938
rapidly	28937
draft	28936
wealth	28935
holiday	28934
voting	28933
degrees	28932
resulted	28931
pro	28930
carrying	28929
stable	28928
publication	28927
unusual	28926
drawing	28925
arrive	28924
conclusion	28923
assessment	28922
format	28921
whereas	28920
falling	28919
moves	28918
worried	28917
principles	28916
facilities	28915
forth	28914
carefully	28913
proposal	28912
define	28911
dogs	28910
instrument	28909
festival	28908
ending	28907
assistant	28906
giant	28905
india	28904
versions	28903
germany	28902
bomb	28901
layer	28900
kick	28899
nose	28898
fewer	28897
panel	28896
hide	28895
accurate	28894
dedicated	28893
bond	28892
transportation	28891
recognition	28890
reveal	28889
cry	28888
fiction	28887
suffering	28886
bigger	28885
principal	28884
businesses	28883
decline	28882
schedule	28881
poverty	28880
deliver	28879
aspect	28878
comparison	28877
compare	28876
authors	28875
hardly	28874
diet	28873
mad	28872
obtain	28871
paint	28870
ii	28869
warning	28868
chest	28867
depends	28866
michael	28865
acid	28864
jury	28863
essentially	28862
adults	28861
breath	28860
kingdom	28859
transition	28858
considering	28857
ideal	28856
recovery	28855
achieved	28854
besides	28853
photos	28852
listening	28851
bell	28850
employee	28849
writers	28848
formation	28847
elsewhere	28846
afford	28845
platform	28844
telephone	28843
worldwide	28842
exposure	28841
dozen	28840
african	28839
protein	28838
sufficient	28837
fired	28836
fairly	28835
settlement	28834
subsequent	28833
drawn	28832
linked	28831
depression	28830
unfortunately	28829
vehicles	28828
jesus	28827
representative	28826
birds	28825
suffered	28824
attempted	28823
governments	28822
violent	28821
approved	28820
courts	28819
thick	28818
prince	28817
obtained	28816
vary	28815
capture	28814
reputation	28813
requirements	28812
discovery	28811
root	28810
republic	28809
inspired	28808
o	28807
collected	28806
suppose	28805
rising	28804
inner	28803
minority	28802
kinds	28801
regime	28800
campus	28799
singing	28798
universal	28797
confirmed	28796
sees	28795
suicide	28794
rice	28793
joke	28792
personally	28791
participate	28790
causing	28789
exists	28788
trend	28787
theater	28786
automatically	28785
canadian	28784
whenever	28783
opportunities	28782
mrs	28781
commitment	28780
explanation	28779
properly	28778
reporting	28777
childhood	28776
centuries	28775
suffer	28774
wing	28773
architecture	28772
tank	28771
instruction	28770
exact	28769
ticket	28768
reasonable	28767
saved	28766
finds	28765
soldier	28764
indian	28763
yard	28762
prefer	28761
index	28760
talent	28759
defend	28758
california	28757
agents	28756
marry	28755
component	28754
james	28753
arrest	28752
heaven	28751
arrested	28750
fishing	28749
ordinary	28748
symbol	28747
reader	28746
buying	28745
dying	28744
burn	28743
lift	28742
fault	28741
discover	28740
stream	28739
distinct	28738
sharp	28737
perfectly	28736
evolution	28735
string	28734
cream	28733
excited	28732
plot	28731
basketball	28730
patterns	28729
gained	28728
absence	28727
citizen	28726
dude	28725
shopping	28724
entertainment	28723
http	28722
components	28721
competitive	28720
detailed	28719
experiment	28718
shirt	28717
falls	28716
limits	28715
therapy	28714
orange	28713
officially	28712
studied	28711
drama	28710
stores	28709
cheap	28708
personality	28707
email	28706
receiving	28705
chose	28704
barely	28703
friendly	28702
describes	28701
occasionally	28700
witness	28699
greatly	28698
huh	28697
w	28696
statistics	28695
exception	28694
pm	28693
pack	28692
regularly	28691
honey	28690
switch	28689
deeply	28688
reduction	28687
silence	28686
recall	28685
historic	28684
pointed	28683
faces	28682
doctors	28681
package	28680
engage	28679
israel	28678
peak	28677
regardless	28676
contained	28675
tie	28674
islands	28673
bottle	28672
bread	28671
depth	28670
critics	28669
subjects	28668
f	28667
tight	28666
roles	28665
radiation	28664
laid	28663
trading	28662
topic	28661
machines	28660
bone	28659
discussed	28658
attached	28657
gray	28656
engaged	28655
loan	28654
labour	28653
lying	28652
visited	28651
narrow	28650
lights	28649
load	28648
suspect	28647
owners	28646
jail	28645
absolute	28644
stuck	28643
cutting	28642
delivered	28641
tip	28640
manufacturing	28639
grace	28638
trained	28637
wow	28636
notion	28635
accused	28634
contribute	28633
substantial	28632
constantly	28631
papers	28630
processing	28629
concert	28628
dealing	28627
shortly	28626
networks	28625
continuing	28624
roughly	28623
enforcement	28622
sharing	28621
temperatures	28620
random	28619
mirror	28618
defeat	28617
v	28616
formula	28615
intervention	28614
shoes	28613
aim	28612
expanded	28611
literary	28610
rapid	28609
successfully	28608
golf	28607
represents	28606
scared	28605
false	28604
containing	28603
input	28602
advertising	28601
difficulty	28600
indicated	28599
finance	28598
japan	28597
bitch	28596
apparent	28595
classical	28594
characteristics	28593
hidden	28592
computers	28591
complicated	28590
efficient	28589
featured	28588
ear	28587
christmas	28586
outcome	28585
employed	28584
interpretation	28583
angle	28582
cheese	28581
tower	28580
valuable	28579
keeps	28578
lesson	28577
welfare	28576
hunting	28575
agencies	28574
programming	28573
ratio	28572
trail	28571
genetic	28570
dramatic	28569
statements	28568
smell	28567
hat	28566
reserve	28565
mountains	28564
roof	28563
commander	28562
hoping	28561
experts	28560
clinical	28559
uncle	28558
egg	28557
republican	28556
respectively	28555
answers	28554
noticed	28553
interior	28552
marine	28551
equally	28550
metres	28549
exposed	28548
solve	28547
immigration	28546
pregnant	28545
consequences	28544
prayer	28543
approval	28542
desk	28541
factory	28540
logic	28539
situations	28538
measured	28537
counter	28536
improvement	28535
brings	28534
messages	28533
infrastructure	28532
reporter	28531
seats	28530
intense	28529
ought	28528
newly	28527
wet	28526
column	28525
meanwhile	28524
san	28523
meal	28522
select	28521
button	28520
destruction	28519
considerable	28518
colors	28517
upset	28516
breakfast	28515
empire	28514
seeking	28513
gap	28512
clock	28511
voted	28510
pocket	28509
landscape	28508
kiss	28507
wheel	28506
flag	28505
retirement	28504
paul	28503
extend	28502
expand	28501
earned	28500
delivery	28499
captured	28498
convinced	28497
readers	28496
administrative	28495
producer	28494
license	28493
cooking	28492
silent	28491
graduate	28490
offensive	28489
participation	28488
girlfriend	28487
shock	28486
cloud	28485
ministry	28484
moments	28483
poetry	28482
consumption	28481
blind	28480
crash	28479
raw	28478
roads	28477
objective	28476
repeat	28475
rush	28474
naturally	28473
folks	28472
refers	28471
circuit	28470
bunch	28469
nervous	28468
concrete	28467
mechanism	28466
files	28465
returns	28464
hits	28463
ignore	28462
corporation	28461
communications	28460
quit	28459
driven	28458
stayed	28457
biological	28456
symptoms	28455
doors	28454
liquid	28453
calm	28452
dust	28451
introduce	28450
sensitive	28449
earn	28448
downtown	28447
faced	28446
believes	28445
electricity	28444
wan	28443
h	28442
composition	28441
producing	28440
conventional	28439
promised	28438
ultimate	28437
saving	28436
involving	28435
dating	28434
teeth	28433
assigned	28432
clothing	28431
facing	28430
passage	28429
scores	28428
contributed	28427
sand	28426
involves	28425
agricultural	28424
sending	28423
championship	28422
rejected	28421
virtually	28420
prominent	28419
enjoyed	28418
landing	28417
likes	28416
scheme	28415
returning	28414
flowers	28413
invited	28412
parking	28411
illness	28410
scenes	28409
collect	28408
retired	28407
involvement	28406
connect	28405
joy	28404
payment	28403
maintained	28402
settled	28401
rank	28400
regulation	28399
stadium	28398
performing	28397
label	28396
rooms	28395
headed	28394
wars	28393
talks	28392
prize	28391
stronger	28390
muscle	28389
ceremony	28388
disaster	28387
protected	28386
amounts	28385
assumed	28384
contribution	28383
instruments	28382
enormous	28381
anger	28380
extension	28379
shadow	28378
update	28377
efficiency	28376
sons	28375
membership	28374
gene	28373
motor	28372
wins	28371
harm	28370
temporary	28369
spoken	28368
shake	28367
drew	28366
partners	28365
abandoned	28364
estimate	28363
interaction	28362
drunk	28361
cap	28360
tournament	28359
variable	28358
el	28357
substance	28356
settle	28355
representation	28354
gate	28353
junior	28352
challenges	28351
audio	28350
remote	28349
dreams	28348
bedroom	28347
findings	28346
ages	28345
oxygen	28344
meetings	28343
classroom	28342
google	28341
attended	28340
fingers	28339
judgment	28338
asia	28337
lovely	28336
texas	28335
potentially	28334
register	28333
desert	28332
regarded	28331
emphasis	28330
towns	28329
reaching	28328
strategic	28327
harder	28326
loud	28325
pounds	28324
generate	28323
superior	28322
intellectual	28321
assault	28320
chicago	28319
transmission	28318
visitors	28317
crown	28316
hardware	28315
quote	28314
chamber	28313
russia	28312
burning	28311
achievement	28310
ladies	28309
dates	28308
treaty	28307
examine	28306
belong	28305
faculty	28304
bound	28303
japanese	28302
reply	28301
organic	28300
speaker	28299
agriculture	28298
movements	28297
don	28296
constitutional	28295
establishment	28294
phrase	28293
surely	28292
rough	28291
guitar	28290
monitor	28289
maintenance	28288
bathroom	28287
facebook	28286
attractive	28285
grab	28284
beneath	28283
pink	28282
seasons	28281
pushed	28280
affair	28279
wire	28278
pitch	28277
struck	28276
awareness	28275
concerning	28274
explains	28273
anniversary	28272
entitled	28271
waves	28270
script	28269
designs	28268
eggs	28267
uniform	28266
domain	28265
amendment	28264
clients	28263
shots	28262
churches	28261
champion	28260
solutions	28259
awards	28258
politicians	28257
demands	28256
permission	28255
periods	28254
lifetime	28253
scientist	28252
recommended	28251
sudden	28250
sleeping	28249
laughing	28248
u	28247
continuous	28246
rely	28245
scored	28244
compete	28243
deputy	28242
wanna	28241
partly	28240
supplies	28239
resident	28238
cuts	28237
comedy	28236
locations	28235
occasion	28234
farmers	28233
turkey	28232
begun	28231
concluded	28230
psychological	28229
loose	28228
sheet	28227
preferred	28226
acquired	28225
breast	28224
repeated	28223
passion	28222
spanish	28221
fee	28220
defensive	28219
mid	28218
dirty	28217
bike	28216
refuse	28215
deaths	28214
explore	28213
dollar	28212
fought	28211
gotten	28210
racial	28209
smooth	28208
concentration	28207
dependent	28206
twelve	28205
anti	28204
viewed	28203
raising	28202
survival	28201
hence	28200
tested	28199
physics	28198
contest	28197
mess	28196
crucial	28195
associate	28194
mystery	28193
writes	28192
hired	28191
incredible	28190
priority	28189
waters	28188
consists	28187
headquarters	28186
solo	28185
coalition	28184
reviews	28183
demonstrate	28182
gradually	28181
rescue	28180
puts	28179
deserve	28178
province	28177
generated	28176
grass	28175
losses	28174
attacked	28173
regulations	28172
representatives	28171
alliance	28170
stability	28169
serves	28168
george	28167
lab	28166
arrival	28165
perceived	28164
weekly	28163
tied	28162
loves	28161
smoking	28160
dick	28159
kilometres	28158
cooperation	28157
temple	28156
mood	28155
seed	28154
consideration	28153
ongoing	28152
confused	28151
chart	28150
plain	28149
honestly	28148
dancing	28147
mixture	28146
tech	28145
penalty	28144
lands	28143
widespread	28142
depend	28141
belt	28140
sections	28139
odd	28138
implementation	28137
choices	28136
divorce	28135
abortion	28134
celebrate	28133
agenda	28132
metre	28131
deny	28130
rating	28129
pride	28128
brilliant	28127
passes	28126
highway	28125
radical	28124
similarly	28123
australian	28122
satellite	28121
coal	28120
entrance	28119
knife	28118
tracks	28117
informed	28116
priest	28115
singer	28114
asks	28113
videos	28112
hunt	28111
parallel	28110
crimes	28109
lock	28108
assets	28107
tube	28106
scheduled	28105
delay	28104
coat	28103
sin	28102
wooden	28101
influenced	28100
categories	28099
threatened	28098
blocks	28097
joining	28096
fed	28095
offices	28094
j	28093
poll	28092
diverse	28091
frequent	28090
stages	28089
boyfriend	28088
printed	28087
opera	28086
shares	28085
separated	28084
marks	28083
painted	28082
saint	28081
vital	28080
engineer	28079
pursue	28078
preparation	28077
shell	28076
unlikely	28075
virus	28074
beliefs	28073
strip	28072
heritage	28071
rolling	28070
diversity	28069
encouraged	28068
flower	28067
nurse	28066
innocent	28065
recommend	28064
stomach	28063
hanging	28062
exciting	28061
closing	28060
gather	28059
fantasy	28058
anxiety	28057
tone	28056
narrative	28055
covers	28054
infection	28053
foods	28052
abroad	28051
fallen	28050
publicly	28049
consumers	28048
economics	28047
everyday	28046
courses	28045
supreme	28044
g	28043
knee	28042
intention	28041
relate	28040
rid	28039
ban	28038
perception	28037
cabinet	28036
commit	28035
buried	28034
tail	28033
disorder	28032
ownership	28031
actors	28030
hire	28029
exhibition	28028
crying	28027
beside	28026
theatre	28025
copies	28024
protest	28023
grounds	28022
fate	28021
centers	28020
sum	28019
admitted	28018
arguments	28017
evaluation	28016
gear	28015
procedures	28014
experimental	28013
injured	28012
thirty	28011
assist	28010
deck	28009
exclusive	28008
scholars	28007
controls	28006
initiative	28005
pray	28004
routine	28003
aggressive	28002
observation	28001
instructions	28000
ad	27999
dialogue	27998
horses	27997
stretch	27996
steal	27995
fantastic	27994
italy	27993
industries	27992
rape	27991
app	27990
funeral	27989
cake	27988
comprehensive	27987
posts	27986
threw	27985
laboratory	27984
precisely	27983
vs	27982
elite	27981
pace	27980
humanity	27979
appointment	27978
terrorist	27977
covering	27976
rear	27975
pope	27974
oldest	27973
battery	27972
criteria	27971
invasion	27970
trick	27969
lawyers	27968
sake	27967
phenomenon	27966
institute	27965
romantic	27964
framework	27963
twitter	27962
strategies	27961
bishop	27960
tries	27959
judges	27958
chocolate	27957
hungry	27956
requirement	27955
helpful	27954
extraordinary	27953
poem	27952
comfort	27951
reducing	27950
senate	27949
reverse	27948
remind	27947
tongue	27946
currency	27945
signals	27944
denied	27943
punishment	27942
slave	27941
impression	27940
pot	27939
distinction	27938
references	27937
drove	27936
discipline	27935
pacific	27934
nevertheless	27933
killer	27932
dispute	27931
concepts	27930
privacy	27929
roots	27928
civilian	27927
boston	27926
females	27925
cousin	27924
controversy	27923
permit	27922
approaches	27921
replacement	27920
shame	27919
butter	27918
forgot	27917
academy	27916
juice	27915
responses	27914
wise	27913
psychology	27912
possession	27911
tissue	27910
curious	27909
cultures	27908
collective	27907
confirm	27906
enterprise	27905
racing	27904
partnership	27903
clubs	27902
comic	27901
riding	27900
theories	27899
jazz	27898
deals	27897
jack	27896
integrated	27895
valid	27894
swing	27893
database	27892
registered	27891
behalf	27890
lowest	27889
ruling	27888
combine	27887
checked	27886
badly	27885
surrounded	27884
unemployment	27883
hopes	27882
expense	27881
expectations	27880
offense	27879
enemies	27878
piano	27877
drivers	27876
fake	27875
rome	27874
technologies	27873
gang	27872
ms	27871
founder	27870
succeed	27869
dominant	27868
climb	27867
crystal	27866
controversial	27865
examination	27864
physically	27863
demonstrated	27862
supports	27861
steady	27860
texts	27859
keys	27858
distant	27857
bills	27856
visiting	27855
mutual	27854
gross	27853
significance	27852
memories	27851
gotta	27850
vulnerable	27849
inches	27848
lane	27847
corruption	27846
flash	27845
rent	27844
dynamic	27843
staying	27842
populations	27841
tension	27840
titles	27839
virtual	27838
soviet	27837
observe	27836
naked	27835
guarantee	27834
tears	27833
tickets	27832
angel	27831
colleagues	27830
males	27829
woods	27828
damaged	27827
scope	27826
passengers	27825
pound	27824
spin	27823
friendship	27822
risks	27821
wage	27820
adds	27819
moderate	27818
representing	27817
florida	27816
mate	27815
alongside	27814
mexico	27813
responded	27812
preserve	27811
duties	27810
y	27809
versus	27808
filed	27807
gallery	27806
wisdom	27805
declined	27804
inflation	27803
artistic	27802
isolated	27801
composed	27800
remarkable	27799
sixth	27798
retail	27797
indicates	27796
proportion	27795
elementary	27794
wash	27793
heading	27792
overcome	27791
existed	27790
darkness	27789
feedback	27788
dressed	27787
brazil	27786
hopefully	27785
enable	27784
mount	27783
nowhere	27782
math	27781
pan	27780
shore	27779
ease	27778
reliable	27777
cute	27776
swimming	27775
investigate	27774
collapse	27773
adopt	27772
chip	27771
gathered	27770
acceptable	27769
opponent	27768
journalist	27767
impressive	27766
happiness	27765
estimates	27764
craft	27763
charity	27762
pre	27761
installed	27760
legislative	27759
lists	27758
wounded	27757
divine	27756
alleged	27755
hip	27754
translation	27753
survived	27752
burden	27751
purchased	27750
presentation	27749
discrimination	27748
firms	27747
monthly	27746
samples	27745
awful	27744
spectrum	27743
connections	27742
conservation	27741
entering	27740
burned	27739
atlantic	27738
buddy	27737
studying	27736
targets	27735
confident	27734
grave	27733
wore	27732
pleased	27731
nights	27730
throat	27729
designer	27728
balls	27727
convince	27726
letting	27725
mainstream	27724
supporters	27723
guests	27722
horrible	27721
wealthy	27720
legend	27719
jewish	27718
legacy	27717
decrease	27716
prisoners	27715
legitimate	27714
tale	27713
locked	27712
bars	27711
identification	27710
universities	27709
accuracy	27708
injuries	27707
eliminate	27706
chase	27705
liberty	27704
salary	27703
chances	27702
communicate	27701
adventure	27700
immigrants	27699
managers	27698
contributions	27697
ai	27696
defence	27695
wondering	27694
sauce	27693
handling	27692
swear	27691
diseases	27690
styles	27689
italian	27688
daddy	27687
sisters	27686
testimony	27685
repeatedly	27684
fifty	27683
mile	27682
deficit	27681
opinions	27680
slide	27679
drag	27678
publishing	27677
experiments	27676
addressed	27675
consciousness	27674
attract	27673
ridiculous	27672
presents	27671
lessons	27670
differently	27669
tons	27668
breaks	27667
knock	27666
cited	27665
curriculum	27664
asleep	27663
gods	27662
fortune	27661
dish	27660
encounter	27659
cotton	27658
briefly	27657
neighbor	27656
pants	27655
boom	27654
confusion	27653
negotiations	27652
summit	27651
answered	27650
underlying	27649
repair	27648
britain	27647
usa	27646
functional	27645
bears	27644
vacation	27643
ruled	27642
furniture	27641
implement	27640
implemented	27639
terrorism	27638
performances	27637
investors	27636
jacket	27635
fiscal	27634
bother	27633
iran	27632
consent	27631
corn	27630
horror	27629
interviews	27628
hills	27627
underground	27626
monster	27625
creates	27624
soccer	27623
invite	27622
wings	27621
resort	27620
crack	27619
jet	27618
structural	27617
pregnancy	27616
remembered	27615
simultaneously	27614
minds	27613
pushing	27612
devoted	27611
utility	27610
exit	27609
gravity	27608
auto	27607
predict	27606
rail	27605
sword	27604
yield	27603
shower	27602
princess	27601
leather	27600
centimetre	27599
opens	27598
aimed	27597
ah	27596
bye	27595
wanting	27594
cop	27593
spaces	27592
generations	27591
transformation	27590
constructed	27589
mere	27588
maps	27587
programme	27586
communist	27585
hoped	27584
paintings	27583
frozen	27582
races	27581
directors	27580
surprising	27579
ghost	27578
stops	27577
thrown	27576
lieutenant	27575
contrary	27574
intent	27573
fleet	27572
sacred	27571
forgotten	27570
ties	27569
odds	27568
bacteria	27567
fees	27566
moscow	27565
engagement	27564
lets	27563
crossing	27562
popularity	27561
ha	27560
inspiration	27559
exhibit	27558
fame	27557
memorial	27556
bureau	27555
qualified	27554
desired	27553
tobacco	27552
ray	27551
pepper	27550
k	27549
bid	27548
physician	27547
bones	27546
guidance	27545
referring	27544
sydney	27543
flesh	27542
anonymous	27541
reflected	27540
voices	27539
essay	27538
alright	27537
actress	27536
millimetre	27535
volunteer	27534
catholic	27533
traveling	27532
terror	27531
sacrifice	27530
berlin	27529
oral	27528
loans	27527
errors	27526
acceptance	27525
handed	27524
hearts	27523
peoples	27522
wolf	27521
payments	27520
congressional	27519
stem	27518
courage	27517
millimetres	27516
hitting	27515
variables	27514
tasks	27513
ugly	27512
rocks	27511
improving	27510
progressive	27509
acknowledge	27508
resolve	27507
magnetic	27506
bonds	27505
politically	27504
tear	27503
disappointed	27502
doctrine	27501
managing	27500
compensation	27499
rivers	27498
celebration	27497
density	27496
invest	27495
intelligent	27494
innovation	27493
consistently	27492
engines	27491
tablespoon	27490
electrical	27489
menu	27488
lifestyle	27487
pollution	27486
producers	27485
restaurants	27484
dumb	27483
ears	27482
summary	27481
documentary	27480
babies	27479
mothers	27478
awarded	27477
wound	27476
fraud	27475
painful	27474
hunter	27473
lips	27472
newspapers	27471
thats	27470
flood	27469
twin	27468
nanometer	27467
integration	27466
attracted	27465
gathering	27464
segment	27463
ireland	27462
derived	27461
peter	27460
banking	27459
contracts	27458
grandfather	27457
slip	27456
throwing	27455
emerged	27454
folk	27453
worn	27452
traditions	27451
nanometers	27450
logical	27449
holes	27448
difficulties	27447
stolen	27446
beating	27445
reflection	27444
allies	27443
scenario	27442
des	27441
proven	27440
commerce	27439
log	27438
desperate	27437
sessions	27436
forum	27435
beings	27434
spain	27433
bow	27432
commissioner	27431
foster	27430
speaks	27429
youtube	27428
ambassador	27427
parks	27426
orientation	27425
tips	27424
sciences	27423
breathing	27422
divide	27421
whoever	27420
mistakes	27419
assumption	27418
manual	27417
emerging	27416
genuine	27415
adequate	27414
restrictions	27413
tag	27412
compromise	27411
loving	27410
timing	27409
explosion	27408
settings	27407
egypt	27406
figured	27405
disappeared	27404
signature	27403
mining	27402
midnight	27401
pen	27400
mechanical	27399
picking	27398
server	27397
genius	27396
photographs	27395
grandmother	27394
shelter	27393
threats	27392
imagination	27391
glory	27390
clay	27389
disappear	27388
miami	27387
accounting	27386
tables	27385
reward	27384
employer	27383
fifteen	27382
milligrams	27381
updated	27380
passenger	27379
boundaries	27378
cleaning	27377
statistical	27376
powder	27375
savings	27374
engineers	27373
mouse	27372
stroke	27371
slight	27370
branches	27369
trials	27368
bench	27367
opponents	27366
slavery	27365
ethics	27364
breathe	27363
peaceful	27362
usage	27361
directions	27360
tennis	27359
monitoring	27358
instant	27357
ignored	27356
intensity	27355
palace	27354
complaint	27353
trace	27352
alien	27351
silly	27350
colour	27349
castle	27348
pet	27347
diagnosis	27346
subsequently	27345
judicial	27344
replied	27343
equality	27342
precious	27341
humor	27340
bite	27339
educated	27338
bands	27337
inch	27336
fitness	27335
profits	27334
boost	27333
dawn	27332
actively	27331
consensus	27330
fiber	27329
dirt	27328
bits	27327
relax	27326
neighbors	27325
integrity	27324
custom	27323
hospitals	27322
crossed	27321
theoretical	27320
bags	27319
phones	27318
adoption	27317
correctly	27316
athletes	27315
excess	27314
suggestion	27313
ceiling	27312
cameras	27311
drinks	27310
railway	27309
decent	27308
prevention	27307
korea	27306
colonel	27305
drives	27304
cognitive	27303
discussions	27302
pulling	27301
arrangement	27300
overseas	27299
stones	27298
lean	27297
madrid	27296
asian	27295
fool	27294
insight	27293
bullet	27292
suitable	27291
firing	27290
preparing	27289
bull	27288
productive	27287
announcement	27286
accessible	27285
usb	27284
motivation	27283
disagree	27282
resist	27281
praise	27280
profession	27279
emotions	27278
modified	27277
photography	27276
bullshit	27275
detective	27274
abstract	27273
behaviour	27272
wildlife	27271
sophisticated	27270
aunt	27269
hurry	27268
competing	27267
lately	27266
satisfied	27265
devil	27264
tragedy	27263
shipping	27262
collaboration	27261
elderly	27260
districts	27259
quietly	27258
habit	27257
touched	27256
rings	27255
purple	27254
creature	27253
navy	27252
wishes	27251
counsel	27250
spell	27249
distributed	27248
download	27247
satisfaction	27246
steam	27245
stake	27244
pizza	27243
voter	27242
mask	27241
daughters	27240
walks	27239
borders	27238
designated	27237
squad	27236
manufacturers	27235
bloody	27234
palm	27233
themes	27232
venture	27231
striking	27230
searching	27229
meets	27228
chronic	27227
emotion	27226
boring	27225
signing	27224
deeper	27223
presidency	27222
assess	27221
hook	27220
clip	27219
arena	27218
accomplished	27217
impressed	27216
alert	27215
eve	27214
calculated	27213
veteran	27212
enhance	27211
checking	27210
milligram	27209
galaxy	27208
legislature	27207
gifts	27206
maintaining	27205
suggesting	27204
pretend	27203
winds	27202
copyright	27201
bitter	27200
observations	27199
unions	27198
transferred	27197
attempting	27196
advocate	27195
promotion	27194
ward	27193
microsoft	27192
fancy	27191
forgive	27190
complain	27189
gps	27188
makeup	27187
landed	27186
microgram	27185
crap	27184
reforms	27183
operated	27182
ski	27181
gains	27180
grateful	27179
pdf	27178
gates	27177
claiming	27176
aged	27175
waited	27174
alarm	27173
examined	27172
visits	27171
journalists	27170
micrograms	27169
cats	27168
shops	27167
challenging	27166
carries	27165
regret	27164
trigger	27163
expecting	27162
dig	27161
wherever	27160
describing	27159
cure	27158
iraq	27157
feeding	27156
topics	27155
reveals	27154
matches	27153
recipe	27152
custody	27151
improvements	27150
closest	27149
bible	27148
beef	27147
historically	27146
rom	27145
analyst	27144
gym	27143
argues	27142
provisions	27141
expanding	27140
surveillance	27139
dare	27138
spare	27137
punch	27136
trends	27135
boxes	27134
developments	27133
suspected	27132
rational	27131
ford	27130
vessel	27129
professionals	27128
hockey	27127
wider	27126
boards	27125
stranger	27124
stepped	27123
expenses	27122
pints	27121
societies	27120
myth	27119
earnings	27118
hiding	27117
bias	27116
ethical	27115
ranks	27114
targeted	27113
christ	27112
publish	27111
mama	27110
pant	27109
dining	27108
modest	27107
clinic	27106
genes	27105
episodes	27104
couples	27103
seeds	27102
tremendous	27101
consequence	27100
ministers	27099
occasional	27098
glasses	27097
tune	27096
fence	27095
guards	27094
requiring	27093
nomination	27092
screaming	27091
tokyo	27090
scary	27089
cops	27088
volunteers	27087
effectiveness	27086
globe	27085
sink	27084
blues	27083
celebrity	27082
operator	27081
struggling	27080
insane	27079
channels	27078
failing	27077
loaded	27076
unexpected	27075
murdered	27074
hung	27073
meaningful	27072
ate	27071
spots	27070
api	27069
protecting	27068
carrier	27067
balanced	27066
counting	27065
corporations	27064
corps	27063
witnesses	27062
frank	27061
incredibly	27060
idiot	27059
dramatically	27058
embrace	27057
handful	27056
amazon	27055
choosing	27054
candy	27053
html	27052
veterans	27051
particles	27050
biology	27049
nursing	27048
cigarette	27047
occupied	27046
brave	27045
residence	27044
dropping	27043
ranging	27042
afghanistan	27041
colleges	27040
conscious	27039
eligible	27038
converted	27037
outer	27036
essence	27035
implications	27034
accompanied	27033
vessels	27032
convicted	27031
melbourne	27030
url	27029
guidelines	27028
afterwards	27027
seattle	27026
panic	27025
justify	27024
toilet	27023
chaos	27022
defeated	27021
ads	27020
peer	27019
sexy	27018
complaints	27017
rob	27016
violation	27015
conspiracy	27014
wages	27013
soup	27012
wifi	27011
removal	27010
kicked	27009
evident	27008
identical	27007
laughed	27006
technological	27005
burst	27004
boots	27003
outstanding	27002
focusing	27001
deer	27000
predicted	26999
disability	26998
execution	26997
beijing	26996
fabric	26995
garage	26994
regulatory	26993
approached	26992
pleasant	26991
strikes	26990
homeless	26989
mall	26988
luxury	26987
reaches	26986
counts	26985
shoulders	26984
diabetes	26983
milliliter	26982
corresponding	26981
debut	26980
cabin	26979
mortgage	26978
drops	26977
laughter	26976
healing	26975
lol	26974
encouraging	26973
muslim	26972
lonely	26971
heroes	26970
milliliters	26969
jordan	26968
scandal	26967
outcomes	26966
practically	26965
pointing	26964
abilities	26963
acknowledged	26962
warming	26961
brush	26960
goodbye	26959
promoting	26958
packed	26957
realistic	26956
tap	26955
civilization	26954
bass	26953
campaigns	26952
chef	26951
conflicts	26950
announce	26949
pale	26948
insisted	26947
gospel	26946
relatives	26945
arguing	26944
prospect	26943
beast	26942
quart	26941
latin	26940
guilt	26939
scholarship	26938
translated	26937
clouds	26936
enjoying	26935
characteristic	26934
recover	26933
emperor	26932
congratulations	26931
nuts	26930
demanded	26929
quarts	26928
interactions	26927
delhi	26926
horizon	26925
blacks	26924
arab	26923
seemingly	26922
worthy	26921
cruise	26920
limitations	26919
kidding	26918
cares	26917
uncomfortable	26916
stored	26915
subtle	26914
defending	26913
argentina	26912
investments	26911
healthcare	26910
filling	26909
assuming	26908
creatures	26907
smith	26906
invisible	26905
attending	26904
athletic	26903
institutional	26902
measurement	26901
wrap	26900
smartphone	26899
conversion	26898
tracking	26897
tourist	26896
rally	26895
tourism	26894
shed	26893
pie	26892
classified	26891
promises	26890
nonetheless	26889
rolled	26888
printing	26887
employers	26886
jokes	26885
requests	26884
export	26883
dated	26882
revolutionary	26881
shocked	26880
https	26879
arranged	26878
grades	26877
plates	26876
lyrics	26875
checks	26874
israeli	26873
amongst	26872
fluid	26871
generous	26870
quantity	26869
teaspoons	26868
attitudes	26867
handled	26866
separation	26865
belgium	26864
whoa	26863
departure	26862
restricted	26861
terminal	26860
conversations	26859
vertical	26858
warned	26857
produces	26856
lawsuit	26855
trash	26854
stocks	26853
butt	26852
stir	26851
consultant	26850
angels	26849
interface	26848
sue	26847
teen	26846
evaluate	26845
flew	26844
promising	26843
classification	26842
talented	26841
secrets	26840
et	26839
poet	26838
owe	26837
worlds	26836
variation	26835
automatic	26834
racism	26833
suggestions	26832
distinguished	26831
copper	26830
bare	26829
tablespoons	26828
photographer	26827
boundary	26826
forcing	26825
creek	26824
dishes	26823
von	26822
refugees	26821
strict	26820
stopping	26819
trips	26818
gb	26817
indigenous	26816
oven	26815
wheels	26814
missile	26813
handsome	26812
reads	26811
provision	26810
bush	26809
miracle	26808
quarterback	26807
backed	26806
fears	26805
tanks	26804
knees	26803
william	26802
colonial	26801
brussels	26800
vegetables	26799
deadly	26798
logo	26797
chips	26796
kings	26795
mike	26794
sits	26793
racist	26792
partially	26791
succeeded	26790
rocket	26789
hurricane	26788
inevitable	26787
recommendations	26786
developers	26785
exclusively	26784
crop	26783
adapted	26782
jersey	26781
sec	26780
jumped	26779
threatening	26778
restore	26777
planes	26776
calendar	26775
ratings	26774
notable	26773
approaching	26772
pays	26771
grain	26770
operational	26769
expertise	26768
calorie	26767
residential	26766
pile	26765
muscles	26764
ingredients	26763
emissions	26762
privilege	26761
mb	26760
linear	26759
gently	26758
sustainable	26757
filter	26756
diplomatic	26755
knocked	26754
conclusions	26753
prosecutor	26752
hydrogen	26751
occupation	26750
sorts	26749
reflects	26748
fires	26747
traveled	26746
banned	26745
fighter	26744
reception	26743
permitted	26742
thread	26741
eager	26740
hated	26739
salad	26738
demanding	26737
jurisdiction	26736
executed	26735
sole	26734
explaining	26733
shanghai	26732
sheriff	26731
marijuana	26730
screening	26729
retain	26728
couch	26727
trapped	26726
destination	26725
proceed	26724
neutral	26723
diamond	26722
lifted	26721
shaped	26720
sms	26719
circles	26718
posting	26717
endless	26716
coaches	26715
ours	26714
editorial	26713
celebrated	26712
leaf	26711
orbit	26710
patent	26709
taiwan	26708
sweat	26707
unity	26706
slaves	26705
discussing	26704
pole	26703
sub	26702
imperial	26701
cent	26700
geneva	26699
aids	26698
worship	26697
del	26696
possibilities	26695
sooner	26694
excitement	26693
suits	26692
partial	26691
gentle	26690
cleared	26689
ballot	26688
electoral	26687
disk	26686
moreover	26685
touching	26684
basement	26683
earliest	26682
incorporated	26681
overwhelming	26680
precise	26679
clue	26678
reporters	26677
thereby	26676
boats	26675
wondered	26674
pakistan	26673
tb	26672
ranked	26671
flavor	26670
participating	26669
chemistry	26668
em	26667
revenues	26666
giants	26665
mathematics	26664
irish	26663
xml	26662
coastal	26661
bin	26660
reign	26659
louis	26658
austria	26657
mounted	26656
medal	26655
municipal	26654
parliamentary	26653
noon	26652
loop	26651
vienna	26650
stairs	26649
favour	26648
artificial	26647
charter	26646
formerly	26645
bluetooth	26644
critic	26643
radar	26642
reactions	26641
georgia	26640
throne	26639
annually	26638
determination	26637
bankruptcy	26636
pipe	26635
dried	26634
broader	26633
css	26632
meals	26631
sql	26630
cried	26629
bonus	26628
roman	26627
loading	26626
burns	26625
olive	26624
recalled	26623
overnight	26622
hop	26621
surprisingly	26620
sheets	26619
listened	26618
viewers	26617
quantum	26616
appeals	26615
pump	26614
apologize	26613
naval	26612
amsterdam	26611
genre	26610
submit	26609
pressed	26608
specified	26607
fathers	26606
seal	26605
inhabitants	26604
curve	26603
ya	26602
robert	26601
pc	26600
asset	26599
routes	26598
activists	26597
portrait	26596
celsius	26595
compound	26594
owns	26593
uri	26592
deserves	26591
mathematical	26590
remarks	26589
traditionally	26588
probability	26587
tom	26586
aging	26585
dual	26584
un	26583
shoe	26582
featuring	26581
garbage	26580
lit	26579
goodness	26578
protocol	26577
awake	26576
coaching	26575
fox	26574
responsibilities	26573
consist	26572
hawaii	26571
fascinating	26570
bulk	26569
diameter	26568
trucks	26567
reminded	26566
scoring	26565
wells	26564
cliff	26563
colony	26562
frankly	26561
dozens	26560
helicopter	26559
tribute	26558
completion	26557
importantly	26556
laser	26555
greece	26554
organ	26553
ed	26552
smiling	26551
hertz	26550
cattle	26549
ex	26548
notably	26547
speakers	26546
dubai	26545
spokesman	26544
habits	26543
tunnel	26542
villages	26541
specialist	26540
receiver	26539
equation	26538
differ	26537
gentlemen	26536
username	26535
organisation	26534
forming	26533
wrapped	26532
kilohertz	26531
le	26530
slept	26529
autumn	26528
prisoner	26527
cups	26526
cargo	26525
islamic	26524
correspondent	26523
lemon	26522
farming	26521
kelvin	26520
flights	26519
disney	26518
seventh	26517
zealand	26516
acquire	26515
challenged	26514
lens	26513
hiring	26512
megahertz	26511
counties	26510
fahrenheit	26509
polls	26508
trauma	26507
sounded	26506
strictly	26505
edited	26504
democrat	26503
meters	26502
indonesia	26501
toys	26500
magazines	26499
affordable	26498
missions	26497
rhetoric	26496
garlic	26495
gigahertz	26494
suspended	26493
attributed	26492
legally	26491
farmer	26490
thomas	26489
emerge	26488
equipped	26487
voltage	26486
margin	26485
influential	26484
tropical	26483
reminds	26482
complexity	26481
manufacturer	26480
providers	26479
lighting	26478
barrier	26477
provincial	26476
journalism	26475
syria	26474
restored	26473
proceedings	26472
springs	26471
stole	26470
treatments	26469
mexican	26468
dominated	26467
solely	26466
pause	26465
harbor	26464
kilowatt	26463
lover	26462
medieval	26461
default	26460
android	26459
imagined	26458
array	26457
evolved	26456
infinite	26455
recession	26454
jeans	26453
kilowatts	26452
declare	26451
magnitude	26450
caring	26449
conservatives	26448
anchor	26447
consecutive	26446
mature	26445
acquisition	26444
occasions	26443
iphone	26442
supplied	26441
buck	26440
lobby	26439
picks	26438
dns	26437
dimension	26436
detect	26435
los	26434
volumes	26433
mary	26432
closet	26431
pour	26430
greek	26429
bucks	26428
vpn	26427
staring	26426
pension	26425
disc	26424
premier	26423
beans	26422
kb	26421
tcp	26420
engaging	26419
canal	26418
dna	26417
varied	26416
beam	26415
lawn	26414
gpu	26413
divisions	26412
rival	26411
nationwide	26410
promoted	26409
inquiry	26408
bath	26407
rotation	26406
minimal	26405
axis	26404
variations	26403
blade	26402
releases	26401
ampere	26400
raises	26399
seoul	26398
transform	26397
chris	26396
acres	26395
cookies	26394
frustrated	26393
compounds	26392
addressing	26391
ui	26390
frustration	26389
executives	26388
specialized	26387
territories	26386
rubber	26385
researcher	26384
amperes	26383
duration	26382
loyalty	26381
eu	26380
intend	26379
rifle	26378
submitted	26377
expedition	26376
migration	26375
arise	26374
followers	26373
sony	26372
nurses	26371
ssd	26370
particle	26369
dose	26368
discourse	26367
ssh	26366
der	26365
codes	26364
symbols	26363
lasted	26362
northwest	26361
habitat	26360
vacuum	26359
terrorists	26358
conclude	26357
ohm	26356
sergeant	26355
funded	26354
trains	26353
hdd	26352
formally	26351
outdoor	26350
nerve	26349
trap	26348
syndrome	26347
applies	26346
organize	26345
ftp	26344
exploration	26343
reject	26342
ohms	26341
brick	26340
imposed	26339
fort	26338
binding	26337
laughs	26336
considerably	26335
politician	26334
thermal	26333
peers	26332
drum	26331
loyal	26330
responding	26329
toy	26328
joule	26327
capability	26326
kit	26325
honour	26324
shorter	26323
insist	26322
dies	26321
costa	26320
tribe	26319
warfare	26318
physicians	26317
shook	26316
retreat	26315
respective	26314
consisting	26313
franchise	26312
bronze	26311
behaviors	26310
independently	26309
displayed	26308
whites	26307
grocery	26306
joules	26305
olympic	26304
cuba	26303
demonstration	26302
optical	26301
continent	26300
ide	26299
lip	26298
safely	26297
harsh	26296
approve	26295
severely	26294
coin	26293
hosts	26292
distinguish	26291
atomic	26290
bearing	26289
mhz	26288
potatoes	26287
recovered	26286
blew	26285
react	26284
historian	26283
preference	26282
im	26281
pose	26280
varying	26279
cents	26278
receives	26277
forty	26276
employ	26275
adaptation	26274
dealer	26273
harmony	26272
algorithm	26271
sustained	26270
shaking	26269
invented	26268
bangkok	26267
entity	26266
hosted	26265
interviewed	26264
inform	26263
provinces	26262
cave	26261
login	26260
bombing	26259
abandon	26258
athlete	26257
hypothesis	26256
ally	26255
situated	26254
whilst	26253
monetary	26252
richard	26251
bent	26250
noble	26249
adjacent	26248
pairs	26247
fever	26246
publisher	26245
commentary	26244
socialist	26243
varies	26242
propose	26241
vocal	26240
grid	26239
woke	26238
consequently	26237
barrel	26236
tendency	26235
chairs	26234
toxic	26233
transit	26232
acted	26231
conviction	26230
adjust	26229
bases	26228
reportedly	26227
excessive	26226
lesser	26225
configuration	26224
ghz	26223
boot	26222
json	26221
layers	26220
purely	26219
median	26218
construct	26217
coins	26216
charles	26215
broadcasting	26214
novels	26213
weakness	26212
ben	26211
dragon	26210
withdraw	26209
exports	26208
concentrate	26207
lasting	26206
verse	26205
surrender	26204
yaml	26203
liver	26202
rhythm	26201
wireless	26200
mumbai	26199
heating	26198
alternate	26197
constitute	26196
doc	26195
allegations	26194
eleven	26193
senators	26192
possess	26191
qr	26190
csv	26189
momentum	26188
invention	26187
flexible	26186
quoted	26185
artillery	26184
revenge	26183
explicitly	26182
keyboard	26181
requested	26180
freely	26179
proteins	26178
presidents	26177
retained	26176
tsv	26175
maker	26174
sheep	26173
backs	26172
participant	26171
shield	26170
railroad	26169
grammar	26168
install	26167
debates	26166
surviving	26165
mild	26164
poorly	26163
sanctions	26162
xbox	26161
immune	26160
stare	26159
assignment	26158
swim	26157
horn	26156
molecules	26155
visitor	26154
matrix	26153
distinctive	26152
availability	26151
operates	26150
operators	26149
behavioral	26148
comparable	26147
revised	26146
mysql	26145
publications	26144
locate	26143
grabbed	26142
kilobyte	26141
locally	26140
netherlands	26139
breeding	26138
skilled	26137
statue	26136
bat	26135
strain	26134
colleague	26133
equity	26132
transaction	26131
restoration	26130
tooth	26129
entitle	26128
investigators	26127
albums	26126
kilobytes	26125
velocity	26124
observer	26123
advocates	26122
slipped	26121
disabled	26120
struggled	26119
obligation	26118
favourite	26117
lied	26116
qualify	26115
porch	26114
horizontal	26113
hers	26112
megabyte	26111
musicians	26110
threaten	26109
smiled	26108
delayed	26107
philosophical	26106
declaration	26105
mechanisms	26104
admission	26103
cricket	26102
electron	26101
ceo	26100
ranch	26099
duke	26098
characterized	26097
sizes	26096
altitude	26095
shadows	26094
megabytes	26093
compelling	26092
import	26091
elaborate	26090
protective	26089
potato	26088
meter	26087
joins	26086
quest	26085
vector	26084
spite	26083
citizenship	26082
impose	26081
lecture	26080
webpage	26079
aboard	26078
baking	26077
manufacture	26076
writings	26075
alter	26074
dimensions	26073
separately	26072
deemed	26071
negotiate	26070
remainder	26069
amateur	26068
gigabyte	26067
manufactured	26066
graphic	26065
compact	26064
architect	26063
molecular	26062
prey	26061
propaganda	26060
uncertainty	26059
blast	26058
determining	26057
escaped	26056
indication	26055
reserved	26054
counseling	26053
hashtag	26052
origins	26051
concentrated	26050
switzerland	26049
tribes	26048
analyses	26047
hostile	26046
calories	26045
gigabytes	26044
bend	26043
withdrawal	26042
integral	26041
ritual	26040
warn	26039
footage	26038
preliminary	26037
bangladesh	26036
faithful	26035
lung	26034
consisted	26033
infantry	26032
cinema	26031
terabyte	26030
productivity	26029
strings	26028
scholar	26027
udp	26026
graphics	26025
sphere	26024
premium	26023
nigeria	26022
interference	26021
oppose	26020
ranges	26019
bulgaria	26018
atoms	26017
merchant	26016
torture	26015
terabytes	26014
attendance	26013
circular	26012
elect	26011
southeast	26010
colombia	26009
samsung	26008
antarctica	26007
temporarily	26006
liberals	26005
zurich	26004
satisfy	26003
contents	26002
intermediate	26001
petabyte	26000
bob	25999
urge	25998
ethernet	25997
layout	25996
coup	25995
furthermore	25994
occupy	25993
expectation	25992
mill	25991
airline	25990
pursuit	25989
architectural	25988
reserves	25987
sdk	25986
disabilities	25985
eighth	25984
grey	25983
petabytes	25982
wheat	25981
sail	25980
servant	25979
snake	25978
pulls	25977
neighborhoods	25976
patrol	25975
pin	25974
poland	25973
readily	25972
cli	25971
netflix	25970
speeds	25969
historians	25968
accommodate	25967
upstairs	25966
processor	25965
governing	25964
companion	25963
longest	25962
nominated	25961
customs	25960
flame	25959
algeria	25958
criticized	25957
prosecution	25956
mineral	25955
electronics	25954
farther	25953
prevented	25952
islam	25950
troop	25949
renewed	25948
aviation	25947
powered	25946
compatible	25945
korean	25944
attraction	25943
cult	25942
altogether	25941
opposing	25940
earthquake	25939
successor	25938
retire	25937
iraqi	25936
chat	25935
tends	25934
respondents	25933
computing	25932
poems	25931
ukraine	25930
descent	25929
intel	25928
interpreted	25927
isolation	25926
openly	25925
mm	25924
decreased	25923
correspondence	25922
enabled	25921
detection	25920
establishing	25919
ux	25918
capabilities	25917
cluster	25916
bold	25915
container	25914
blocked	25913
arrange	25912
circulation	25911
raid	25910
stating	25909
measurements	25908
theology	25907
uncertain	25906
kph	25905
gentleman	25904
linux	25903
accomplish	25902
arc	25901
guaranteed	25900
facilitate	25899
collections	25898
rgb	25897
rounds	25896
realm	25895
vegetable	25894
creator	25893
petition	25892
americans	25891
succession	25890
patch	25889
departments	25888
pronounced	25887
rod	25886
surfaces	25885
unnecessary	25884
ruin	25883
oled	25882
eternal	25881
serial	25880
kenya	25879
parade	25878
quantities	25877
chopped	25876
punk	25875
controller	25874
malaysia	25873
registration	25872
administrator	25871
lion	25870
graph	25869
reconstruction	25868
ink	25867
camps	25866
provider	25865
edit	25864
en	25863
strengthen	25862
armenia	25861
warrior	25860
valve	25859
exceed	25858
installation	25857
displays	25856
attacking	25855
indirect	25854
ranking	25853
colored	25852
webcam	25851
skull	25850
immigrant	25849
snap	25848
rope	25847
preserved	25846
triple	25845
convenient	25844
infant	25843
metropolitan	25842
virtue	25841
crops	25840
goddamn	25839
substantially	25838
deliberately	25837
precision	25836
permanently	25835
organisms	25834
fatal	25833
billions	25832
imported	25831
henry	25830
scream	25829
slot	25828
pit	25827
secular	25826
costume	25825
dominate	25824
pilots	25823
gaze	25822
stack	25821
expose	25820
robot	25819
icon	25818
arrow	25817
nato	25816
recommendation	25815
accurately	25814
khz	25813
joe	25812
trillion	25811
southwest	25810
fusion	25809
cow	25808
voluntary	25807
rebel	25806
lap	25805
shallow	25804
administrators	25803
info	25802
romance	25801
founding	25800
advantages	25799
lightning	25798
static	25797
martin	25796
ebay	25795
suspension	25794
congressman	25793
sustain	25792
denmark	25791
mysterious	25790
instantly	25789
instrumental	25788
addresses	25787
calculate	25786
musician	25785
medication	25784
innovative	25783
necessity	25782
accordance	25781
influences	25780
educators	25779
vitamin	25778
marshall	25777
claude	25776
elder	25775
terrain	25774
scottish	25773
touchscreen	25772
accent	25771
invitation	25770
mbps	25769
privately	25768
guangzhou	25767
transmitted	25766
fraction	25765
passive	25764
dam	25763
arrangements	25762
sculpture	25761
fitted	25760
connecting	25759
lighter	25758
manuscript	25757
altered	25756
workshop	25755
sweden	25754
gbps	25753
advise	25752
max	25751
controlling	25750
dense	25749
composer	25748
kinda	25747
soap	25746
editing	25745
armies	25744
incorporate	25743
playoff	25742
osaka	25741
finite	25740
sufficiently	25739
kills	25738
dutch	25737
duck	25736
mercy	25735
informal	25734
interact	25733
vietnam	25732
secured	25731
measuring	25730
highlight	25729
breakdown	25728
fastest	25727
resigned	25726
exile	25725
tribal	25724
thereafter	25723
namely	25722
flows	25721
technically	25720
substitute	25719
instagram	25718
thumb	25717
unclear	25716
explicit	25715
floating	25714
warrant	25713
cloth	25712
mines	25711
analysts	25710
finishing	25709
touchdown	25708
adapt	25707
heated	25706
arbitrary	25705
profound	25704
tolerance	25703
alike	25702
mommy	25701
emphasize	25700
pulse	25699
upgrade	25698
suite	25697
mortality	25696
orchestra	25695
territorial	25694
weigh	25693
cooling	25692
toll	25691
metals	25690
authorized	25689
respected	25688
reasoning	25687
hull	25686
harry	25685
imply	25684
surround	25683
varieties	25682
fighters	25681
licensed	25680
breed	25679
parameters	25678
inc	25677
recalls	25676
absent	25675
hunger	25674
investor	25673
enhanced	25672
alpha	25671
congo	25670
liability	25669
venue	25668
generic	25667
shenzhen	25666
activist	25665
honda	25664
removing	25663
bahrain	25662
palestinian	25661
viewing	25660
defendant	25659
teenager	25658
nasa	25657
rebellion	25656
ion	25655
mud	25654
dealt	25653
cancel	25652
symbolic	25651
freeze	25650
trailer	25649
binary	25648
decay	25647
allied	25646
developer	25645
electrons	25644
mechanics	25643
philippines	25642
flexibility	25641
suck	25640
outbreak	25639
interval	25638
width	25637
masters	25636
proposals	25635
lakes	25634
enforce	25633
firmly	25632
dismissed	25631
internationally	25630
awkward	25629
accidentally	25628
emission	25627
discount	25626
flour	25625
dioxide	25624
colonies	25623
plasma	25622
inspection	25621
placing	25620
accompany	25619
singapore	25618
painter	25617
systematic	25616
auction	25615
adjustment	25614
definitions	25613
diary	25612
upcoming	25611
relating	25610
navigation	25609
shout	25608
listing	25607
analyze	25606
translate	25605
interpret	25604
infected	25603
grip	25602
eliminated	25601
commissioned	25600
forests	25599
bmw	25598
bosnia	25597
initiated	25596
incentive	25595
extensively	25594
cavalry	25593
ports	25592
slope	25591
backing	25590
render	25589
threshold	25588
execute	25587
timber	25586
presumably	25585
norm	25584
dont	25583
priests	25582
toyota	25581
certificate	25580
accordingly	25579
cope	25578
occurring	25577
machinery	25576
nitrogen	25575
logout	25574
treasure	25573
continuously	25572
animation	25571
undergo	25570
capitalism	25569
parish	25568
assure	25567
fled	25566
magical	25565
fails	25564
bubble	25563
thoroughly	25562
ideology	25561
dynamics	25560
sodium	25559
spelling	25558
participated	25557
chad	25556
casting	25555
mainland	25554
stamp	25553
cambodia	25552
iii	25551
casino	25550
refugee	25549
sovereignty	25548
lebanon	25547
lee	25546
twist	25545
shade	25544
sometime	25543
hybrid	25542
depressed	25541
reduces	25540
encountered	25539
inventory	25538
inspire	25537
stance	25536
sentences	25535
intact	25534
finland	25533
closure	25532
supporter	25531
agreements	25530
cybersecurity	25529
perceptions	25528
rat	25527
polar	25526
regulate	25525
autonomy	25524
atmospheric	25523
theorem	25522
ipad	25521
instances	25520
console	25519
speculation	25518
certified	25517
environments	25516
synthesis	25515
acute	25514
consume	25513
columns	25512
spacecraft	25511
compression	25510
sweep	25509
documented	25508
aims	25507
gauge	25506
attorneys	25505
implies	25504
lamp	25503
atom	25502
bitcoin	25501
pig	25500
deposit	25499
preservation	25498
champions	25497
ambitious	25496
filming	25495
albania	25494
affects	25493
croatia	25492
knight	25491
trunk	25490
portfolio	25489
norway	25488
likewise	25487
credited	25486
libraries	25485
bean	25484
geometry	25483
portugal	25482
scattered	25481
smiles	25480
detected	25479
northeast	25478
cease	25477
neighboring	25476
megapixel	25475
basket	25474
perceive	25473
rainfall	25472
sexually	25471
thrust	25470
useless	25469
tide	25468
widow	25467
azerbaijan	25466
gigapixel	25465
missiles	25464
matching	25463
calculation	25462
resignation	25461
appearing	25460
ammunition	25459
publicity	25458
embassy	25457
behave	25456
rider	25455
allegedly	25454
sensitivity	25453
jones	25452
fossil	25451
scan	25450
drain	25449
legendary	25448
span	25447
brass	25446
walmart	25445
resume	25444
applying	25443
explosive	25442
sharply	25441
ios	25440
costly	25439
cooked	25438
ruler	25437
flee	25436
evolutionary	25435
fold	25434
indicating	25433
silk	25432
oceania	25431
martial	25430
enthusiasm	25429
blank	25428
spy	25427
siege	25426
geographic	25425
discharge	25424
bishops	25423
dignity	25422
continental	25421
defining	25420
negotiation	25419
premiere	25418
depicted	25417
pine	25416
illustrate	25415
households	25414
absorb	25413
distances	25412
harvest	25411
bind	25410
casualties	25409
mandatory	25408
civilians	25407
slower	25406
titled	25405
revival	25404
contributing	25403
poster	25402
angola	25401
extract	25400
shelf	25399
reliability	25398
appearances	25397
epic	25396
boeing	25395
bolivia	25394
supposedly	25393
planets	25392
hotspot	25391
placement	25390
resolved	25389
optional	25388
condemned	25387
masses	25386
motivated	25385
inherent	25384
cartoon	25383
freezing	25382
nest	25381
advised	25380
beneficial	25379
feminist	25378
ash	25377
tactics	25376
juror	25375
prosecutors	25374
screw	25373
submission	25372
aggression	25371
countryside	25370
frequencies	25369
editions	25368
unhappy	25367
salmon	25366
exceptions	25365
battles	25364
literacy	25363
hungary	25362
coordinate	25361
civic	25360
interactive	25359
biography	25358
animated	25357
deployed	25356
suspicion	25355
viable	25354
cancelled	25353
mandate	25352
confront	25351
backup	25350
mixing	25349
dynasty	25348
maintains	25347
replacing	25346
metric	25345
specify	25344
basin	25343
holder	25342
salvation	25341
assisted	25340
steep	25339
bahamas	25338
modes	25337
cylinder	25336
eaten	25335
elevated	25334
belarus	25333
clause	25332
audiences	25331
emoji	25330
preceding	25329
prohibited	25328
taxi	25327
casual	25326
linguistic	25325
humanitarian	25324
monument	25323
molecule	25322
socially	25321
mobility	25320
projected	25319
primitive	25318
merit	25317
nail	25316
rica	25315
teenage	25314
appreciation	25313
nintendo	25312
exam	25311
gaming	25310
attach	25309
conjunction	25308
float	25307
printer	25306
persuade	25305
hammer	25304
steadily	25303
telescope	25302
thou	25301
collecting	25300
intensive	25299
surgeon	25298
aesthetic	25297
node	25296
proceeds	25295
variant	25294
modify	25293
credits	25292
membrane	25291
reluctant	25290
rebels	25289
nodded	25288
clergy	25287
hierarchy	25286
frontier	25285
restriction	25284
evolve	25283
patience	25282
assassination	25281
gesture	25280
sunlight	25279
winners	25278
carriers	25277
weed	25276
contacts	25275
charts	25274
unsuccessful	25273
recordings	25272
elevation	25271
transformed	25270
bore	25269
commodity	25268
illustrated	25267
triumph	25266
blend	25265
viewer	25264
recipient	25263
authentic	25262
inherited	25261
substances	25260
rage	25259
diagram	25258
sequences	25257
offset	25256
collision	25255
packet	25254
financing	25253
climbing	25252
avoided	25251
specification	25250
organs	25249
militia	25248
equilibrium	25247
disorders	25246
monopoly	25245
fur	25244
cameroon	25243
dot	25242
spectacular	25241
barbados	25240
texture	25239
nearest	25238
reproduction	25237
refuge	25236
profitable	25235
resign	25234
hongkong	25233
statute	25232
tent	25231
revision	25230
resemble	25229
intake	25228
guardian	25227
surplus	25226
attribute	25225
envelope	25224
circumstance	25223
embedded	25222
inclusion	25221
farms	25220
feared	25219
dean	25218
nick	25217
skip	25216
playstation	25215
voyage	25214
pad	25213
vincent	25212
triangle	25211
leap	25210
synthetic	25209
prosperity	25208
incorrect	25207
mentally	25206
exceptional	25205
buyer	25204
shapes	25203
tiger	25202
cuisine	25201
thailand	25200
crush	25199
sponsor	25198
bug	25197
convenience	25196
theft	25195
distribute	25194
revelation	25193
cite	25192
belongs	25191
conception	25190
reactor	25189
diesel	25188
geographical	25187
intimate	25186
guided	25185
crude	25184
overhead	25183
filmed	25182
edges	25181
seasonal	25180
sketch	25179
tenure	25178
oriented	25177
prototype	25176
vegetation	25175
beaten	25174
portable	25173
stared	25172
morality	25171
cyprus	25170
poison	25169
focuses	25168
desirable	25167
borrow	25166
harmful	25165
favorable	25164
whale	25163
unfair	25162
bury	25161
recognised	25160
reasonably	25159
helmet	25158
interfere	25157
qualities	25156
uncommon	25155
sporting	25154
appoint	25153
transparent	25152
likelihood	25151
tragic	25150
consistency	25149
suspicious	25148
secretly	25147
ninth	25146
tackle	25145
oak	25144
ghana	25143
zones	25142
graduated	25141
dive	25140
palestine	25139
exotic	25138
inadequate	25137
gardens	25136
blessing	25135
toe	25134
tesla	25133
cathedral	25132
beta	25131
theological	25130
salvador	25129
minimize	25128
haha	25127
verbal	25126
toss	25125
inability	25124
optimal	25123
quarters	25122
compliance	25121
jew	25120
tender	25119
cocaine	25118
fictional	25117
justified	25116
liberation	25115
tomb	25114
johnson	25113
beloved	25112
grows	25111
radius	25110
antigua	25109
functioning	25108
nucleus	25107
congregation	25106
airplane	25105
nod	25104
cellular	25103
sexuality	25102
occurrence	25101
assign	25100
correction	25099
referendum	25098
revolt	25097
unstable	25096
travels	25095
derive	25094
correlation	25093
organism	25092
shy	25091
clever	25090
hub	25089
advances	25088
scott	25087
switching	25086
sectors	25085
modification	25084
commented	25083
automobile	25082
bridges	25081
capita	25080
sentiment	25079
bicycle	25078
deadline	25077
merger	25076
equations	25075
entities	25074
successive	25073
governance	25072
chains	25071
supplement	25070
federation	25069
virgin	25068
belly	25067
unconscious	25066
reservation	25065
illustration	25064
chemicals	25063
associations	25062
avenue	25061
rejection	25060
insufficient	25059
singles	25058
jumping	25057
videotape	25056
finals	25055
keen	25054
plague	25053
organizational	25052
consumed	25051
exhaust	25050
prediction	25049
defines	25048
centres	25047
rugby	25046
arriving	25045
spreading	25044
forbidden	25043
melt	25042
delicate	25041
cord	25040
submarine	25039
nike	25038
concerts	25037
oath	25036
runner	25035
decisive	25034
absorbed	25033
cruel	25032
cooperative	25031
prescription	25030
colours	25029
instructor	25028
needle	25027
rap	25026
transactions	25025
cheek	25024
advisory	25023
seize	25022
arch	25021
praised	25020
jealous	25019
limitation	25018
philosopher	25017
boxing	25016
armor	25015
twentieth	25014
nut	25013
vocabulary	25012
objectives	25011
shifted	25010
exploit	25009
nickname	25008
travelling	25007
audi	25006
shortage	25005
unified	25004
governmental	25003
herzegovina	25002
dell	25001
illusion	25000
frames	24999
motive	24998
commercially	24997
suburban	24996
religions	24995
inspector	24994
convey	24993
indicator	24992
heir	24991
analog	24990
wipe	24989
acoustic	24988
thesis	24987
assembled	24986
echo	24985
gaining	24984
correspond	24983
decorated	24982
continuity	24981
scales	24980
ethiopia	24979
restrict	24978
continually	24977
sentenced	24976
settlements	24975
wrist	24974
rip	24973
limiting	24972
tomato	24971
blessed	24970
grief	24969
jamaica	24968
fierce	24967
sandwich	24966
benin	24965
battlefield	24964
originated	24963
flip	24962
hatred	24961
obama	24960
servants	24959
polish	24958
applicable	24957
adjusted	24956
divorced	24955
paragraph	24954
travelled	24953
jaw	24952
antenna	24951
renowned	24950
module	24949
ecological	24948
investigator	24947
chapel	24946
disputes	24945
corrupt	24944
euro	24943
sam	24942
burial	24941
economically	24940
geography	24939
scotland	24938
rocky	24937
clan	24936
sensor	24935
validity	24934
cage	24933
biblical	24932
gambling	24931
kidney	24930
belize	24929
refusal	24928
tin	24927
treasury	24926
ingredient	24925
grandchild	24924
shuttle	24923
symptom	24922
libya	24921
tubes	24920
tactical	24919
ecuador	24918
moisture	24917
aluminum	24916
destiny	24915
graduation	24914
precipitation	24913
gasoline	24912
paypal	24911
proximity	24910
accuse	24909
hotels	24908
exhausted	24907
riot	24906
elephant	24905
nightmare	24904
clerk	24903
sailing	24902
jungle	24901
backwards	24900
debris	24899
verb	24898
lightly	24897
breach	24896
investigations	24895
canon	24894
regulated	24893
drift	24892
pipeline	24891
canvas	24890
nephew	24889
ruined	24888
elegant	24887
uranium	24886
projection	24885
charm	24884
livestock	24883
extending	24882
algorithms	24881
spray	24880
albeit	24879
paths	24878
injection	24877
bride	24876
marble	24875
onion	24874
abundance	24873
dan	24872
stressed	24871
sealed	24870
tire	24869
rigid	24868
sympathy	24867
persistent	24866
cannon	24865
switched	24864
outline	24863
portrayed	24862
assert	24861
blanket	24860
calcium	24859
burkina	24858
educate	24857
pork	24856
overview	24855
dismiss	24854
artwork	24853
organised	24852
drawings	24851
recreational	24850
prone	24849
dome	24848
conscience	24847
recruit	24846
donor	24845
underneath	24844
enters	24843
emergence	24842
incidents	24841
brake	24840
testify	24839
tense	24838
botswana	24837
olympics	24836
resistant	24835
lazy	24834
shine	24833
mentions	24832
sensation	24831
preventing	24830
phenomena	24829
gemini	24828
glance	24827
notation	24826
probe	24825
jewelry	24824
imports	24823
lease	24822
bombs	24821
offspring	24820
expenditure	24819
interim	24818
drought	24817
integrate	24816
shark	24815
adverse	24814
metro	24813
corridor	24812
amd	24811
inheritance	24810
supervision	24809
accommodation	24808
generating	24807
meantime	24806
faso	24805
disposal	24804
processed	24803
haiti	24802
spirits	24801
defender	24800
surgical	24799
shaft	24798
buses	24797
archaeological	24796
swiss	24795
counted	24794
circuits	24793
sends	24792
predecessor	24791
undergraduate	24790
commands	24789
donation	24788
survivor	24787
radioactive	24786
believing	24785
uber	24784
homeland	24783
simulation	24782
arabia	24781
sponsored	24780
dominance	24779
workplace	24778
chess	24777
sri	24776
wilderness	24775
sovereign	24774
specially	24773
introducing	24772
lunar	24771
ceased	24770
streak	24769
addiction	24768
anxious	24767
adviser	24766
dancer	24765
verde	24764
compensate	24763
tourists	24762
predominantly	24761
sixteen	24760
competitor	24759
erosion	24758
cement	24757
precede	24756
punish	24755
morocco	24754
incomplete	24753
collector	24752
acids	24751
initiate	24750
creativity	24749
confirmation	24748
deceased	24747
valued	24746
unlimited	24745
flowing	24744
insert	24743
conquest	24742
brunei	24741
mercury	24740
conductor	24739
delegation	24738
exclude	24737
govern	24736
dairy	24735
transported	24734
urgent	24733
imaging	24732
economist	24731
anticipated	24730
km	24729
omit	24728
lend	24727
ridge	24726
justification	24725
carpet	24724
meditation	24723
problematic	24722
businessman	24721
ambition	24720
deployment	24719
freight	24718
sierra	24717
spatial	24716
fourteen	24715
goddess	24714
individually	24713
comply	24712
settlers	24711
heel	24710
unprecedented	24709
facial	24708
plug	24707
pastor	24706
scratch	24705
missionary	24704
pressing	24703
ferry	24702
arsenal	24701
tactic	24700
considers	24699
q	24698
seeks	24697
subjective	24696
phases	24695
feast	24694
portions	24693
brutal	24692
decides	24691
telecommunications	24690
protests	24689
extinction	24688
indoor	24687
desktop	24686
dump	24685
fork	24684
steve	24683
burundi	24682
les	24681
warriors	24680
violate	24679
schemes	24678
runway	24677
halt	24676
hint	24675
nasty	24674
contractor	24673
bounce	24672
incoming	24671
rebuild	24670
angeles	24669
distress	24668
unesco	24667
spotify	24666
definite	24665
tales	24664
elevator	24663
admire	24662
streams	24661
heal	24660
guatemala	24659
airbus	24658
suited	24657
den	24656
absorption	24655
carved	24654
financially	24653
concentrations	24652
bomber	24651
playoffs	24650
smallest	24649
spider	24648
disputed	24647
slice	24646
iceland	24645
pill	24644
elimination	24643
beg	24642
ideological	24641
trophy	24640
acceleration	24639
rated	24638
sandy	24637
proportional	24636
prompt	24635
electromagnetic	24634
friction	24633
fade	24632
hazard	24631
supportive	24630
stimulus	24629
con	24628
beard	24627
interrupt	24626
grants	24625
seized	24624
lengthy	24623
nvidia	24622
cheaper	24621
souls	24620
photoshop	24619
imprisonment	24618
transmit	24617
shorts	24616
thirteen	24615
nowadays	24614
arrives	24613
demographic	24612
collar	24611
cemetery	24610
inappropriate	24609
verdict	24608
governed	24607
imprisoned	24606
fulfill	24605
halfway	24604
par	24603
robust	24602
peru	24601
vague	24600
documentation	24599
belonging	24598
flooding	24597
orbital	24596
aerial	24595
altar	24594
coordination	24593
empirical	24592
puzzle	24591
generator	24590
adidas	24589
counterpart	24588
reinforce	24587
grasp	24586
confine	24585
andorra	24584
trusted	24583
platforms	24582
numbered	24581
performer	24580
insect	24579
pitcher	24578
naming	24577
theatrical	24576
squeeze	24575
tours	24574
minerals	24573
midst	24572
rabbit	24571
sampling	24570
peninsula	24569
administered	24568
solved	24567
calculations	24566
bless	24565
honduras	24564
competitors	24563
leaned	24562
implication	24561
borrowed	24560
nutrition	24559
exercises	24558
crushed	24557
vaccine	24556
cooperate	24555
terminology	24554
obstacle	24553
segments	24552
maritime	24551
curse	24550
unite	24549
afterward	24548
expressions	24547
lacking	24546
abundant	24545
delete	24544
collapsed	24543
angles	24542
marking	24541
grandparent	24540
gifted	24539
supervisor	24538
attributes	24537
lawmaker	24536
dictionary	24535
positively	24534
unaware	24533
annoying	24532
faction	24531
orthodox	24530
ego	24529
mansion	24528
wool	24527
rivalry	24526
servers	24525
chin	24524
troubled	24523
trademark	24522
bored	24521
vowel	24520
petroleum	24519
composite	24518
fairy	24517
pioneer	24516
tenth	24515
barbuda	24514
mini	24513
starbucks	24512
fried	24511
confrontation	24510
taxation	24509
allege	24508
specialty	24507
balloon	24506
fertility	24505
sheer	24504
fog	24503
criticize	24502
inferior	24501
op	24500
lesbian	24499
differential	24498
lacked	24497
subway	24496
earning	24495
autonomous	24494
ladder	24493
hood	24492
luxembourg	24491
nationally	24490
aired	24489
bleeding	24488
extends	24487
tightly	24486
ordering	24485
ions	24484
ma	24483
questioned	24482
shells	24481
cholesterol	24480
additionally	24479
apparatus	24478
regards	24477
fiji	24476
deposits	24475
immense	24474
whispered	24473
efficiently	24472
disappointment	24471
ankle	24470
imagery	24469
explode	24468
waist	24467
proposition	24466
impress	24465
pressures	24464
gases	24463
ikea	24462
declining	24461
consult	24460
periodic	24459
nationalist	24458
willingness	24457
bee	24456
passport	24455
boiling	24454
psychologist	24453
magnificent	24452
aftermath	24451
marker	24450
fragile	24449
massacre	24448
patron	24447
peasant	24446
wished	24445
certainty	24444
practiced	24443
christianity	24442
labels	24441
monk	24440
accepting	24439
scare	24438
prescribed	24437
parental	24436
prayers	24435
costco	24434
nepal	24433
standardized	24432
accompanying	24431
prevalent	24430
cab	24429
monkey	24428
eagle	24427
nobility	24426
refined	24425
sunshine	24424
devastating	24423
leisure	24422
slam	24421
williams	24420
programmes	24419
password	24418
cycles	24417
convincing	24416
gulf	24415
variants	24414
estonia	24413
outfit	24412
mankind	24411
turkish	24410
pond	24409
bucket	24408
gut	24407
regain	24406
enables	24405
favored	24404
termed	24403
deaf	24402
uh	24401
leak	24400
supplier	24399
panama	24398
undertake	24397
curiosity	24396
strongest	24395
trait	24394
ignorance	24393
tended	24392
automated	24391
melody	24390
touring	24389
unfortunate	24388
similarity	24387
banana	24386
laptop	24385
impulse	24384
indirectly	24383
conducting	24382
warehouse	24381
genome	24380
reddit	24379
prophet	24378
bang	24377
obscure	24376
arose	24375
daniel	24374
stiff	24373
glucose	24372
mob	24371
designation	24370
limb	24369
melting	24368
alphabet	24367
verify	24366
genus	24365
labeled	24364
romania	24363
relaxed	24362
rental	24361
urine	24360
rendered	24359
manipulation	24358
browser	24357
maturity	24356
metaphor	24355
decree	24354
villa	24353
cosmic	24352
lenovo	24351
draws	24350
thy	24349
inevitably	24348
mutter	24347
jam	24346
intersection	24345
torn	24344
entries	24343
insulin	24342
doll	24341
cycling	24340
chapters	24339
seldom	24338
denial	24337
delicious	24336
completing	24335
dressing	24334
kuwait	24333
incidence	24332
prestigious	24331
treating	24330
emotionally	24329
confession	24328
crowded	24327
vol	24326
excellence	24325
banner	24324
microwave	24323
silicon	24322
lifting	24321
rehabilitation	24320
buffalo	24319
purchasing	24318
amid	24317
utilize	24316
sunset	24315
chorus	24314
courtesy	24313
structured	24312
selective	24311
diving	24310
eventual	24309
autobiography	24308
survivors	24307
headline	24306
spouse	24305
mastercard	24304
assumptions	24303
traded	24302
caution	24301
credibility	24300
consulting	24299
frustrate	24298
cape	24297
sympathetic	24296
outlet	24295
achievements	24294
loads	24293
passionate	24292
destroying	24291
exploitation	24290
socialism	24289
wavelength	24288
compose	24287
intervals	24286
mighty	24285
disturbing	24284
drill	24283
endangered	24282
fare	24281
cart	24280
tumor	24279
ancestor	24278
donate	24277
irrelevant	24276
swift	24275
witch	24274
hostage	24273
rude	24272
enzyme	24271
defended	24270
forehead	24269
whereby	24268
spark	24267
algebra	24266
elbow	24265
taylor	24264
fragments	24263
shifting	24262
newer	24261
broadly	24260
tony	24259
makers	24258
conventions	24257
ballet	24256
clearing	24255
combustion	24254
outlook	24253
delegates	24252
whatsapp	24251
invested	24250
recreation	24249
postal	24248
trainer	24247
cultivation	24246
affecting	24245
spotted	24244
productions	24243
sudan	24242
updates	24241
wholly	24240
detention	24239
implied	24238
curtain	24237
fruits	24236
thorough	24235
attachment	24234
innings	24233
festivals	24232
renamed	24231
dissolved	24230
rotating	24229
reminder	24228
routinely	24227
councils	24226
destructive	24225
bhutan	24224
turbine	24223
brands	24222
tolerate	24221
ancestors	24220
depict	24219
solving	24218
damaging	24217
towers	24216
airports	24215
holidays	24214
ensemble	24213
descriptions	24212
humidity	24211
risky	24210
linkedin	24209
furious	24208
critically	24207
relieve	24206
supernatural	24205
bandwidth	24204
portray	24203
nineteenth	24202
cookie	24201
marathon	24200
soundtrack	24199
harassment	24198
pencil	24197
differing	24196
starter	24195
visa	24194
carriage	24193
underwater	24192
pistol	24191
skiing	24190
booth	24189
confusing	24188
nationalism	24187
inequality	24186
randomly	24185
derivative	24184
inclined	24183
blocking	24182
unto	24181
sequel	24180
hormone	24179
obey	24178
reproduce	24177
burnt	24176
humble	24175
unrelated	24174
traits	24173
manipulate	24172
critique	24171
straw	24170
liquor	24169
designers	24168
plea	24167
advent	24166
motorcycle	24165
belonged	24164
homosexual	24163
paradise	24162
rupees	24161
washing	24160
parameter	24159
mali	24158
thee	24157
feminine	24156
rim	24155
freshman	24154
monarch	24153
accidents	24152
psychiatric	24151
inland	24150
dependence	24149
stunning	24148
rounded	24147
rises	24146
sunny	24145
taxpayer	24144
cherry	24143
wax	24142
bolt	24141
pub	24140
reproductive	24139
forecast	24138
suburb	24137
rack	24136
firefox	24135
ca	24134
excluded	24133
teachings	24132
complement	24131
withdrew	24130
void	24129
dice	24128
openai	24127
simpler	24126
seller	24125
epidemic	24124
happily	24123
formats	24122
candle	24121
damages	24120
factories	24119
stays	24118
malta	24117
backward	24116
kazakhstan	24115
clarify	24114
workforce	24113
catalogue	24112
suppress	24111
chatgpt	24110
doubled	24109
gradual	24108
sixty	24107
lateral	24106
prohibition	24105
therapist	24104
subset	24103
monastery	24102
foul	24101
nonsense	24100
simplicity	24099
probable	24098
pupils	24097
yields	24096
hollow	24095
heavier	24094
bilateral	24093
offshore	24092
airlines	24091
specimen	24090
nominee	24089
singular	24088
foundations	24087
pursued	24086
definitive	24085
perfection	24084
millennium	24083
affection	24082
relay	24081
marginal	24080
accounted	24079
exterior	24078
rays	24077
enterprises	24076
intervene	24075
ambulance	24074
jews	24073
copilot	24072
jim	24071
networking	24070
goat	24069
infrared	24068
cooler	24067
precedent	24066
honored	24065
deciding	24064
merchants	24063
allocation	24062
noun	24061
combinations	24060
drainage	24059
countless	24058
assured	24057
identifying	24056
owing	24055
decorative	24054
catalog	24053
wives	24052
prolonged	24051
monarchy	24050
museums	24049
uniforms	24048
pearl	24047
disagreement	24046
advancing	24045
determines	24044
spill	24043
prompted	24042
monaco	24041
eighteen	24040
whip	24039
collectively	24038
batch	24037
investigated	24036
unicef	24035
panels	24034
sperm	24033
detector	24032
administer	24031
displaced	24030
landmark	24029
pickup	24028
certification	24027
cubic	24026
imaginary	24025
thickness	24024
developmental	24023
unusually	24022
irregular	24021
methodology	24020
enthusiastic	24019
pepsi	24018
combining	24017
corresponds	24016
loses	24015
amino	24014
diagnostic	24013
cabo	24012
licensing	24011
comparative	24010
embarrassed	24009
ye	24008
characterize	24007
urged	24006
insects	24005
stimulate	24004
devote	24003
toronto	24002
wrestling	24001
optimistic	24000
reconciliation	23999
chill	23998
mcdonalds	23997
capitalist	23996
avoiding	23995
conceived	23994
retrieve	23993
scholarly	23992
cheat	23991
charging	23990
yep	23989
lineup	23988
instability	23987
releasing	23986
astronomy	23985
fatigue	23984
fist	23983
cottage	23982
liberia	23981
choir	23980
assemble	23979
dock	23978
alex	23977
apology	23976
paradox	23975
disadvantage	23974
answering	23973
irrigation	23972
onset	23971
achieving	23970
progression	23969
consultation	23968
ecosystem	23967
blown	23966
rub	23965
eritrea	23964
immunity	23963
translations	23962
accord	23961
pat	23960
reviewed	23959
reversed	23958
upward	23957
symbolize	23956
myanmar	23955
dip	23954
subsidiary	23953
violin	23952
clarity	23951
discrete	23950
underway	23949
comics	23948
reunion	23947
endure	23946
questioning	23945
analogy	23944
erected	23943
prestige	23942
yell	23941
ore	23940
boarding	23939
du	23938
wordpress	23937
decreasing	23936
cheer	23935
comprise	23934
lithuania	23933
compassion	23932
feat	23931
daylight	23930
setup	23929
saints	23928
planted	23927
memorable	23926
interpol	23925
terrestrial	23924
trim	23923
solomon	23922
latvia	23921
fundamentally	23920
yearly	23919
barn	23918
inserted	23917
permits	23916
gravitational	23915
knot	23914
merge	23913
petty	23912
cane	23911
constraints	23910
skirt	23909
curved	23908
lanka	23907
jar	23906
compiled	23905
macedonia	23904
dedication	23903
arguably	23902
egyptian	23901
emphasized	23900
coral	23899
colorful	23898
breakthrough	23897
uprising	23896
charming	23895
inexpensive	23894
objection	23893
undermine	23892
embarrassing	23891
observers	23890
haven	23889
spontaneous	23888
heroic	23887
nodes	23886
revealing	23885
cardinal	23884
gambia	23883
homeowner	23882
sanctuary	23881
functionality	23880
zoo	23879
escort	23878
smash	23877
accidental	23876
vapor	23875
lifelong	23874
archive	23873
regiment	23872
shipped	23871
invade	23870
soda	23869
advocacy	23868
competitions	23867
qatar	23866
textbook	23865
greenhouse	23864
directory	23863
portal	23862
wagon	23861
spinning	23860
venezuela	23859
trio	23858
persecution	23857
coding	23856
adam	23855
negotiated	23854
commanded	23853
reservoir	23852
coordinates	23851
deliberate	23850
eh	23849
fitting	23848
premise	23847
hazardous	23846
witnessed	23845
gabon	23844
delighted	23843
tremble	23842
mac	23841
whatsoever	23840
madagascar	23839
remedy	23838
satellites	23837
donated	23836
dilemma	23835
remark	23834
mapping	23833
oxide	23832
walker	23831
evenly	23830
respiratory	23829
narrator	23828
sack	23827
fountain	23826
guyana	23825
juvenile	23824
serbia	23823
exclusion	23822
minus	23821
swallow	23820
overlap	23819
semester	23818
pledge	23817
cables	23816
monks	23815
undertaken	23814
heroin	23813
lengths	23812
phrases	23811
drums	23810
demon	23809
modeling	23808
spine	23807
dental	23806
miserable	23805
anticipate	23804
batteries	23803
da	23802
unemployed	23801
rendering	23800
straightforward	23799
fights	23798
nikon	23797
delta	23796
reflecting	23795
essays	23794
whisper	23793
obligations	23792
cone	23791
coil	23790
dull	23789
asshole	23788
longtime	23787
finale	23786
confined	23785
lectures	23784
dissolve	23783
diplomacy	23782
editors	23781
misleading	23780
decoration	23779
pupil	23778
youngest	23777
attain	23776
erupt	23775
comoros	23774
comparing	23773
descendants	23772
rushing	23771
clash	23770
pasta	23769
simplified	23768
decreases	23767
inconsistent	23766
confuse	23765
sleeve	23764
maternal	23763
finest	23762
absurd	23761
proceeded	23760
arithmetic	23759
homosexuality	23758
severity	23757
surroundings	23756
duo	23755
lobbyist	23754
cube	23753
glorious	23752
securities	23751
grenada	23750
litigation	23749
publishers	23748
variance	23747
marketplace	23746
digit	23745
disclosure	23744
prose	23743
wasted	23742
crust	23741
matched	23740
agrees	23739
symmetry	23738
reed	23737
oversee	23736
mum	23735
relied	23734
geometric	23733
mistaken	23732
recruitment	23731
anatomy	23730
conditioning	23729
paradigm	23728
economies	23727
comeback	23726
dough	23725
fragment	23724
realization	23723
isolate	23722
coupled	23721
metallic	23720
competent	23719
glove	23718
buffer	23717
differs	23716
delight	23715
vatican	23714
mammals	23713
propel	23712
rulers	23711
tract	23710
prevents	23709
astronomical	23708
lamb	23707
lethal	23706
bizarre	23705
rookie	23704
spiral	23703
peasants	23702
mentor	23701
penis	23700
subjected	23699
messenger	23698
possessed	23697
realism	23696
hemisphere	23695
lovers	23694
raids	23693
unchanged	23692
squares	23691
ashamed	23690
rolls	23689
di	23688
theirs	23687
expelled	23686
bundle	23685
corpse	23684
bake	23683
feasible	23682
susceptible	23681
magnet	23680
aide	23679
poetic	23678
coconut	23677
ceremonies	23676
ambiguous	23675
excluding	23674
rigorous	23673
municipality	23672
thunder	23671
lowered	23670
dial	23669
desperately	23668
frog	23667
dubbed	23666
strips	23665
educator	23664
sized	23663
unacceptable	23662
slap	23661
bust	23660
mythology	23659
alcoholic	23658
entrepreneur	23657
considerations	23656
upright	23655
nominal	23654
vein	23653
contend	23652
tile	23651
grape	23650
subscription	23649
yemen	23648
utterly	23647
enforced	23646
constituent	23645
obsolete	23644
contributor	23643
wander	23642
barriers	23641
therapeutic	23640
failures	23639
chord	23638
asylum	23637
shrimp	23636
legitimacy	23635
bout	23634
shotgun	23633
famine	23632
advisor	23631
reside	23630
platinum	23629
chancellor	23628
papal	23627
enrollment	23626
censorship	23625
vampire	23624
assertion	23623
shooter	23622
instinct	23621
processors	23620
poker	23619
delays	23618
accelerate	23617
notorious	23616
wales	23615
pending	23614
beds	23613
pathway	23612
huawei	23611
environmentalist	23610
niger	23609
intentionally	23608
displacement	23607
dietary	23606
cache	23605
withdrawn	23604
hostility	23603
internally	23602
modifications	23601
extraction	23600
weakened	23599
dances	23598
downward	23597
xiaomi	23596
tidal	23595
vowels	23594
relates	23593
conceptual	23592
discretion	23591
lodge	23590
organizing	23589
freed	23588
steering	23587
coordinator	23586
startle	23585
faint	23584
skeleton	23583
formulation	23582
adventures	23581
ham	23580
tencent	23579
committees	23578
numerical	23577
communal	23576
neglect	23575
intentions	23574
hug	23573
contested	23572
depart	23571
bark	23570
contamination	23569
cote	23568
shifts	23567
studios	23566
pricing	23565
predictable	23564
crystals	23563
resumed	23562
alibaba	23561
explosives	23560
interpreter	23559
lone	23558
chambers	23557
uganda	23556
deficiency	23555
degradation	23554
headache	23553
aggregate	23552
mutually	23551
greet	23550
eldest	23549
yoga	23548
charitable	23547
ivoire	23546
championships	23545
laos	23544
advertisement	23543
qualification	23542
filing	23541
beats	23540
surge	23539
deploy	23538
currents	23537
promptly	23536
cultivated	23535
jean	23534
displace	23533
malawi	23532
explored	23531
packaging	23530
umbrella	23529
harbour	23528
wounds	23527
advancement	23526
penetrate	23525
airborne	23524
populated	23523
speeches	23522
ignorant	23521
porn	23520
defenders	23519
ethnicity	23518
loser	23517
las	23516
descend	23515
geological	23514
remarkably	23513
prejudice	23512
debts	23511
prevailing	23510
viral	23509
masculine	23508
circus	23507
suburbs	23506
knights	23505
vicinity	23504
reinforced	23503
wit	23502
jurisdictions	23501
confess	23500
temporal	23499
devotion	23498
builder	23497
dialect	23496
switches	23495
saudi	23494
neutron	23493
contradiction	23492
fond	23491
pirate	23490
hay	23489
plantation	23488
customary	23487
induced	23486
solidarity	23485
selfish	23484
prohibit	23483
dwarf	23482
loosely	23481
coffin	23480
neighbouring	23479
stephen	23478
entertaining	23477
compulsory	23476
conflicting	23475
czechia	23474
lime	23473
mosque	23472
tiktok	23471
accelerated	23470
wartime	23469
tariff	23468
performs	23467
shocking	23466
presenting	23465
activated	23464
defect	23463
undoubtedly	23462
robbery	23461
scarce	23460
thief	23459
despair	23458
recorder	23457
launching	23456
gorgeous	23455
kyrgyzstan	23454
madness	23453
nonprofit	23452
whistle	23451
irony	23450
insult	23449
wreck	23448
tablet	23447
maldives	23446
judged	23445
anime	23444
sigh	23443
bbc	23442
slogan	23441
performers	23440
treaties	23439
hosting	23438
bowling	23437
atop	23436
fatty	23435
literal	23434
leone	23433
slim	23432
tricks	23431
oversight	23430
github	23429
rumor	23428
universally	23427
herd	23426
tuition	23425
complained	23424
purse	23423
quantitative	23422
laundry	23421
djibouti	23420
prospective	23419
volcanic	23418
seated	23417
forgiveness	23416
persuaded	23415
battalion	23414
bulb	23413
compressed	23412
timeline	23411
washed	23410
angular	23409
sins	23408
extinct	23407
compositions	23406
rwanda	23405
develops	23404
gitlab	23403
tattoo	23402
dominica	23401
bargain	23400
boil	23399
bud	23398
unwilling	23397
criminals	23396
coincidence	23395
highlights	23394
dialects	23393
shrine	23392
somalia	23391
centered	23390
oscar	23389
butterfly	23388
sneak	23387
coefficient	23386
latitude	23385
lively	23384
packages	23383
nicaragua	23382
tensions	23381
integer	23380
peel	23379
beaches	23378
dislike	23377
ie	23376
lottery	23375
sanction	23374
sour	23373
philosophers	23372
ineffective	23371
wheelchair	23370
telegraph	23369
vendor	23368
cavity	23367
twisted	23366
textile	23365
domination	23364
enabling	23363
caribbean	23362
ecology	23361
realised	23360
glanced	23359
kim	23358
quotes	23357
miniature	23356
laying	23355
allegiance	23354
partition	23353
qualifying	23352
renewal	23351
interpretations	23349
ensuing	23348
referee	23347
crews	23346
satisfying	23345
resting	23344
receptor	23343
wicked	23342
clutch	23341
cautious	23340
relies	23339
renewable	23338
delivering	23337
dessert	23336
gum	23335
discourage	23334
unwanted	23333
visibility	23332
mozambique	23331
sang	23330
marching	23329
mongolia	23328
banker	23327
communism	23326
sung	23325
polite	23324
planting	23323
innocence	23322
poles	23321
rows	23320
ram	23319
classify	23318
pottery	23317
accountability	23316
infectious	23315
transmitter	23314
induce	23313
similarities	23312
rupee	23311
volatile	23310
nope	23309
vintage	23308
bacterial	23307
nationality	23306
energetic	23305
bottles	23304
crawl	23303
alternatives	23302
obsessed	23301
resonance	23300
glow	23299
preside	23298
stationary	23297
jointly	23296
rockets	23295
affiliate	23294
appealing	23293
protocols	23292
corners	23291
herb	23290
invent	23289
manuscripts	23288
hometown	23287
conquer	23286
dangle	23285
bacon	23284
iranian	23283
mold	23282
spoon	23281
nouns	23280
broker	23279
reliance	23278
differentiate	23277
fortunate	23276
flux	23275
condemn	23274
nutrient	23273
enacted	23272
contempt	23271
tonnes	23270
diminished	23269
dye	23268
daytime	23267
foremost	23266
penalties	23265
pharmaceutical	23264
kernel	23263
riders	23262
diagnosed	23261
marriages	23260
lions	23259
adolescent	23258
heights	23257
suspend	23256
haul	23255
roster	23254
mauritius	23253
rotate	23252
viewpoint	23251
ozone	23250
inscription	23249
cockpit	23248
purity	23247
transparency	23246
fertile	23245
peripheral	23244
staple	23243
commanding	23242
affiliated	23241
tunisia	23240
baptism	23239
hesitate	23238
ensuring	23237
cryptocurrency	23236
filters	23235
resurrection	23234
noticeable	23233
simultaneous	23232
genocide	23231
firearms	23230
scrutiny	23229
merchandise	23228
infections	23227
erode	23226
trans	23225
welcomed	23224
superiority	23223
continuation	23222
accumulate	23221
opt	23220
alignment	23219
approximate	23218
negatively	23217
ribbon	23216
disclose	23215
roller	23214
digits	23213
macos	23212
enclosed	23211
solitary	23210
curves	23209
await	23208
fortress	23207
nazi	23206
syntax	23205
transcend	23204
tuning	23203
lungs	23202
retention	23201
ivory	23200
fireworks	23199
commons	23198
rainy	23197
alley	23196
um	23195
efficacy	23194
overly	23193
clearance	23192
tier	23191
revive	23190
wires	23189
protagonist	23188
privileges	23187
id	23186
foam	23185
obtaining	23184
moldova	23183
montenegro	23182
jackson	23181
oval	23180
prominence	23179
massage	23178
prints	23177
guerrilla	23176
plead	23175
photographic	23174
revived	23173
exhibits	23172
lid	23171
sensory	23170
licence	23169
merged	23168
eswatini	23167
refuses	23166
preach	23165
pity	23164
auxiliary	23163
sweeping	23162
hobby	23161
plural	23160
cartridge	23159
persist	23158
distortion	23157
min	23156
genuinely	23155
nickel	23154
artifacts	23153
manifest	23152
scent	23151
niche	23150
descended	23149
sensors	23148
cue	23147
activate	23146
microphone	23145
peculiar	23144
analytical	23143
lined	23142
practitioner	23141
uruguay	23140
tissues	23139
expressing	23138
maximize	23137
superintendent	23136
chiefs	23135
audit	23134
honesty	23133
pyramid	23132
meanings	23131
departed	23130
strand	23129
peanut	23128
tens	23127
terrify	23126
careers	23125
factions	23124
enduring	23123
offence	23122
andrew	23121
focal	23120
depiction	23119
appetite	23118
fascinate	23117
credible	23116
imminent	23115
exhibited	23114
conferences	23113
sensible	23112
adequately	23111
syllable	23110
namibia	23109
rectangular	23108
slovenia	23107
kilometers	23106
bulletin	23105
victories	23104
inherit	23103
underscore	23102
assurance	23101
planetary	23100
outright	23099
gel	23098
est	23097
reef	23096
ancestry	23095
armour	23094
withstand	23093
delegate	23092
hut	23091
conform	23090
entertain	23089
stark	23088
noting	23087
cleaner	23086
linking	23085
weaker	23084
diminish	23083
crashed	23082
lucia	23081
unify	23080
mauritania	23079
junction	23078
struggles	23077
predator	23076
encouragement	23075
punished	23074
unrest	23073
disastrous	23072
contracted	23071
blowing	23070
tribunal	23069
mutation	23068
senses	23067
supermarket	23066
counselor	23065
accumulation	23064
granite	23063
endurance	23062
disappearance	23061
ruins	23060
promotional	23059
matt	23058
associates	23057
proprietary	23056
sailor	23055
shrink	23054
harmonic	23053
senegal	23052
traced	23051
accessed	23050
champagne	23049
bureaucracy	23048
originate	23047
multi	23046
coherent	23045
neat	23044
thigh	23043
badge	23042
statistically	23041
zimbabwe	23040
vivid	23039
grandson	23038
terribly	23037
warmth	23036
domains	23035
periodically	23034
transfers	23033
memoir	23032
peaks	23031
breeze	23030
inhabitant	23029
thrive	23028
seizure	23027
occupational	23026
royalty	23025
unpopular	23024
junk	23023
victor	23022
hatch	23021
papua	23020
voluntarily	23019
stereo	23018
dissolution	23017
airbnb	23016
seventeen	23015
compilation	23014
relevance	23013
flies	23012
tanzania	23011
floors	23010
trinidad	23009
exploring	23008
infinity	23007
premises	23006
disguise	23005
sticks	23004
lacks	23003
posture	23002
gravel	23001
skeptical	23000
analogous	22999
storms	22998
bonding	22997
teammate	22996
appreciated	22995
brazilian	22994
relieved	22993
someday	22992
liable	22991
fits	22990
appropriately	22989
specimens	22988
hmm	22987
desires	22986
competence	22985
foolish	22984
counterparts	22983
stamps	22982
disturbance	22981
citing	22980
concludes	22979
rifles	22978
anthropology	22977
extensions	22976
venues	22975
oman	22974
analyzed	22973
grower	22972
visually	22971
accumulated	22970
emirates	22969
spice	22968
practitioners	22967
zinc	22966
genetically	22965
mills	22964
jerk	22963
folded	22962
rivals	22961
allocated	22960
diplomat	22959
ramp	22958
penetration	22957
sickness	22956
induction	22955
turnover	22954
rats	22953
poisoning	22952
prevalence	22951
consolidated	22950
soils	22949
frost	22948
embed	22947
staffer	22946
premature	22945
feather	22944
unpleasant	22943
bail	22942
commanders	22941
vibration	22940
footstep	22939
spam	22938
deleted	22937
preparations	22936
subsidy	22935
twins	22934
weights	22933
paved	22932
celestial	22931
hong	22930
clove	22929
ironically	22928
cuban	22927
archives	22926
joseph	22925
tab	22924
predictor	22923
upgraded	22922
ace	22921
imposing	22920
accountable	22919
baked	22918
experiencing	22917
bypass	22916
legends	22915
disruption	22914
chore	22913
certify	22912
bissau	22911
stripped	22910
restraint	22909
municipalities	22908
inventor	22907
shopper	22906
swedish	22905
inputs	22904
wholesale	22903
abnormal	22902
accusation	22901
worm	22900
perimeter	22899
murmur	22898
regulator	22897
procession	22896
temper	22895
genetics	22894
lending	22893
invaded	22892
captive	22891
applause	22890
vacant	22889
morale	22888
ceremonial	22887
passages	22886
ceramic	22885
ryan	22884
mechanic	22883
questionable	22882
recruiting	22881
residual	22880
spinal	22879
starring	22878
pact	22877
predictions	22876
lever	22875
culturally	22874
deposition	22873
specifications	22872
limestone	22871
scar	22870
recurring	22869
convict	22868
deviation	22867
mushroom	22866
asteroid	22865
overthrow	22864
ironic	22863
hail	22862
savage	22861
incapable	22860
sailed	22859
contention	22858
bodily	22857
traces	22856
misery	22855
slovakia	22854
practicing	22853
advocated	22852
coordinated	22851
inherently	22850
veto	22849
oneself	22848
investing	22847
weaken	22846
astronomer	22845
oppression	22844
staged	22843
murderer	22842
paraguay	22841
respondent	22840
manually	22839
journals	22838
bc	22837
exceeded	22836
clusters	22835
spit	22834
antique	22833
modules	22832
collaborative	22831
satisfactory	22830
portrayal	22829
explorer	22828
rebuilt	22827
deed	22826
allowance	22825
flags	22824
corrected	22823
privileged	22822
surveys	22821
villager	22820
trout	22819
superb	22818
policeman	22817
mistress	22816
inclusive	22815
contingent	22814
notebook	22813
showcase	22812
canyon	22811
encounters	22810
plaque	22809
strive	22808
obesity	22807
sinking	22806
watercolor	22805
formidable	22804
assumes	22803
deity	22802
dancers	22801
trivial	22800
obliged	22799
mounting	22798
motivate	22797
scrap	22796
globally	22795
demise	22794
brightness	22793
demo	22792
arrows	22791
calculus	22790
scatter	22789
towel	22788
disappointing	22787
impacts	22786
catalyst	22785
illegally	22784
appealed	22783
aisle	22782
lanes	22781
encoding	22780
outward	22779
risen	22778
governors	22777
diamonds	22776
stealing	22775
accomplishment	22774
tornado	22773
composers	22772
abruptly	22771
spike	22770
mortal	22769
teaspoon	22768
rehearsal	22767
fucked	22766
faded	22765
bombers	22764
anthem	22763
bump	22762
estates	22761
prevail	22760
scout	22759
enlarged	22758
activation	22757
parenting	22756
snack	22755
conquered	22754
evacuation	22753
vinegar	22752
vocational	22751
kevin	22750
kindness	22749
yank	22748
shareholder	22747
manchester	22746
migrant	22745
hispanic	22744
drummer	22743
unpredictable	22742
explanations	22741
incumbent	22740
predators	22739
consonant	22738
representations	22737
maid	22736
injustice	22735
vanilla	22734
compatibility	22733
pastoral	22732
trilogy	22731
vicious	22730
plains	22729
credential	22728
turtle	22727
lounge	22726
traveler	22725
physiological	22724
swirl	22723
honorary	22722
gratitude	22721
neglected	22720
courtyard	22719
hypothetical	22718
stove	22717
locker	22716
aquatic	22715
blunt	22714
discoveries	22713
cocktail	22712
convoy	22711
packing	22710
complementary	22709
guideline	22708
coating	22707
dictatorship	22706
saturated	22705
disposition	22704
simon	22703
sadness	22702
rented	22701
abolished	22700
dash	22699
traders	22698
presently	22697
resemblance	22696
leagues	22695
trafficking	22694
populate	22693
steer	22692
exceptionally	22691
rituals	22690
ambiguity	22689
forbid	22688
vulnerability	22687
repertoire	22686
repeating	22685
protester	22684
overtime	22683
upwards	22682
oxidation	22681
rainbow	22680
creep	22679
dedicate	22678
adhere	22677
ideals	22676
endorse	22675
wilson	22674
blamed	22673
registers	22672
radically	22671
asserted	22670
foreigners	22669
comedian	22668
shiver	22667
foil	22666
catching	22665
bald	22664
stems	22663
enzymes	22662
tilt	22661
frightened	22660
constructive	22659
unfamiliar	22658
unofficial	22657
fortunately	22656
nude	22655
helium	22654
copied	22653
propulsion	22652
mound	22651
scripts	22650
ups	22649
hilarious	22648
sincere	22647
impair	22646
ant	22645
sliding	22644
stern	22643
fringe	22642
edward	22641
firearm	22640
yeast	22639
evaporate	22638
communion	22637
listener	22636
designate	22635
inning	22634
grind	22633
patents	22632
pipes	22631
bachelor	22630
mice	22629
theoretically	22628
volcano	22627
lasts	22626
specialize	22625
sore	22624
thirds	22623
technician	22622
uniquely	22621
compass	22620
negotiating	22619
automotive	22618
realise	22617
poise	22616
caps	22615
iconic	22614
manages	22613
drape	22612
swept	22611
glue	22610
testament	22609
reel	22608
surf	22607
onwards	22606
morally	22605
pronunciation	22604
dinosaur	22603
proclaimed	22602
forge	22601
malaria	22600
convergence	22599
pulp	22598
nobles	22597
enrolled	22596
spokeswoman	22595
affiliation	22594
intrinsic	22593
provoke	22592
partisan	22591
vault	22590
shining	22589
metabolism	22588
homework	22587
cough	22586
tray	22585
farewell	22584
warhead	22583
initiatives	22582
jets	22581
santa	22580
fixing	22579
safer	22578
homicide	22577
restructuring	22576
constituency	22575
disrupt	22574
nah	22573
camping	22572
gamma	22571
kingdoms	22570
inn	22569
verbs	22568
seminar	22567
maple	22566
proliferation	22565
offender	22564
disturbed	22563
indefinitely	22562
refrigerator	22561
contexts	22560
subordinate	22559
exclaim	22558
pedal	22557
comet	22556
slaughter	22555
systematically	22554
obsession	22553
norms	22552
comparatively	22551
trajectory	22550
cowboy	22549
respects	22548
sediment	22547
rebuilding	22546
whisk	22545
stall	22544
virginia	22543
keeper	22542
captivity	22541
identifies	22540
rite	22539
treason	22538
statutory	22537
posed	22536
coincide	22535
thereof	22534
receipt	22533
crane	22532
conceal	22531
tournaments	22530
complications	22529
debated	22528
sadly	22527
potassium	22526
ditch	22525
drafted	22524
kiribati	22523
programmer	22522
terrace	22521
arctic	22520
freshwater	22519
approximation	22518
eclipse	22517
commentator	22516
pal	22515
blades	22514
northwestern	22513
suppression	22512
toast	22511
schooling	22510
cardiac	22509
ho	22508
sober	22507
balcony	22506
subgroup	22505
nursery	22504
sworn	22503
stellar	22502
prosperous	22501
secrecy	22500
courtroom	22499
celebrating	22498
fracture	22497
helicopters	22496
robin	22495
categorize	22494
printers	22493
paste	22492
chunk	22491
guiding	22490
fax	22489
constellation	22488
iv	22487
glimpse	22486
authenticity	22485
graze	22484
takeover	22483
polarization	22482
repairs	22481
patriotic	22480
concession	22479
outrage	22478
lucrative	22477
triggered	22476
torque	22475
amplitude	22474
designing	22473
samoa	22472
subscale	22471
utilized	22470
gig	22469
squint	22468
celebrations	22467
leverage	22466
migrate	22465
termination	22464
torpedo	22463
broadcasts	22462
marino	22461
multiplication	22460
doses	22459
logistics	22458
shiny	22457
lure	22456
transitional	22455
seals	22454
repetition	22453
sailors	22452
renew	22451
potent	22450
medals	22449
housed	22448
vinyl	22447
cheating	22446
underlie	22445
judgement	22444
inverse	22443
attracting	22442
mint	22441
nutrients	22440
font	22439
poets	22438
unfinished	22437
neural	22436
stabilize	22435
spa	22434
situate	22433
societal	22432
relativity	22431
missionaries	22430
cheers	22429
bloom	22428
southeastern	22427
bastard	22426
doubts	22425
allegation	22424
inter	22423
plaintiff	22422
provisional	22421
devastate	22420
flank	22419
yea	22418
screens	22417
expectancy	22416
dimensional	22415
seas	22414
exchanges	22413
confidential	22412
lesotho	22411
baseline	22410
smoothly	22409
denote	22408
spectral	22407
mourning	22406
constitutes	22405
derivatives	22404
artery	22403
gossip	22402
arises	22401
flown	22400
humorous	22399
impairment	22398
sulfur	22397
graduates	22396
restoring	22395
strengthened	22394
issuing	22393
chile	22392
hydraulic	22391
pedestrian	22390
linen	22389
fury	22388
columbia	22387
mediterranean	22386
flu	22385
optimism	22384
convene	22383
diagnose	22382
pirates	22381
easter	22380
reflective	22379
segregation	22378
proving	22377
genres	22376
successes	22375
substitution	22374
seating	22373
plausible	22372
cock	22371
contaminated	22370
donations	22369
parody	22368
lightweight	22367
sibling	22366
abusive	22365
homage	22364
judiciary	22363
aligned	22362
wallet	22361
demonstrations	22360
clown	22359
liechtenstein	22358
alternating	22357
physicist	22356
navigate	22355
moist	22354
guides	22353
kinetic	22352
whales	22351
instructed	22350
armored	22349
recruited	22348
indict	22347
mp	22346
descriptive	22345
violations	22344
saddle	22343
implicit	22342
dictate	22341
prophecy	22340
ton	22339
nerves	22338
diffusion	22337
vendors	22336
doorway	22335
calf	22334
token	22333
chaotic	22332
compile	22331
implementations	22330
casualty	22329
intercourse	22328
accepts	22327
initiation	22326
plateau	22325
frustrating	22324
embryo	22323
rushed	22322
constrain	22321
kong	22320
conceive	22319
resentment	22318
jumps	22317
vine	22316
siblings	22315
inhabited	22314
rationale	22313
syrian	22312
tiles	22311
thanksgiving	22310
valves	22309
versa	22308
modem	22307
inception	22306
illustrations	22305
quarterly	22304
evidently	22303
pillow	22302
verses	22301
deepest	22300
residue	22299
skating	22298
uae	22297
fines	22296
volleyball	22295
satire	22294
attendant	22293
teaches	22292
eagles	22291
stuffed	22290
abused	22289
depicting	22288
loudly	22287
influx	22286
employs	22285
niece	22284
vastly	22283
header	22282
wolves	22281
pardon	22280
pixel	22279
cracked	22278
null	22277
semi	22276
drying	22275
continuum	22274
sunrise	22273
radiate	22272
villain	22271
prostitution	22270
deposited	22269
policymaker	22268
tones	22267
disturb	22266
dividend	22265
mock	22264
commonwealth	22263
isotopes	22262
granting	22261
ambient	22260
recycling	22259
refusing	22258
preceded	22257
throws	22256
computational	22255
framed	22254
beautifully	22253
hunters	22252
durable	22251
sorrow	22250
tim	22249
seafood	22248
motto	22247
marched	22246
exempt	22245
tan	22244
template	22243
stretched	22242
distract	22241
amazed	22240
shave	22239
temples	22238
acclaimed	22237
surrendered	22236
concede	22235
postwar	22234
fin	22233
apartments	22232
consolidation	22231
coastline	22230
akin	22229
unification	22228
observing	22227
naive	22226
implementing	22225
pursuing	22224
mortar	22223
vectors	22222
believer	22221
greed	22220
outlined	22219
sprint	22218
reconcile	22217
combines	22216
imperative	22215
lining	22214
readings	22213
muscular	22212
antibiotic	22211
fairness	22210
syrup	22209
congestion	22208
translator	22207
inspiring	22206
directing	22205
psychic	22204
semiconductor	22203
artifact	22202
gateway	22201
routing	22200
tuna	22199
spear	22198
crowned	22197
amusement	22196
tobago	22195
sums	22194
mosquito	22193
preview	22192
trader	22191
christians	22190
endorsement	22189
impaired	22188
cereal	22187
plaza	22186
grill	22185
embarrassment	22184
minorities	22183
ideally	22182
generals	22181
attacker	22180
wears	22179
rotor	22178
spotlight	22177
shirts	22176
pronounce	22175
infamous	22174
intercept	22173
renovation	22172
architects	22171
inaugural	22170
eric	22169
bargaining	22168
exploited	22167
hospitality	22166
splitting	22165
innovations	22164
turmoil	22163
ample	22162
bipartisan	22161
highlighted	22160
murders	22159
locals	22158
drastically	22157
bytes	22156
anticipation	22155
forensic	22154
prizes	22153
tuberculosis	22152
adulthood	22151
idle	22150
outdoors	22149
persona	22148
trails	22147
flush	22146
defects	22145
census	22144
tuned	22143
pagan	22142
piss	22141
timor	22140
disciplines	22139
inspect	22138
connects	22137
constraint	22136
align	22135
submarines	22134
multimedia	22133
multitude	22132
biographer	22131
polling	22130
coined	22129
follower	22128
unavailable	22127
comprises	22126
rugged	22125
indictment	22124
marketed	22123
omitted	22122
tunnels	22121
flames	22120
hedge	22119
bamboo	22118
vigorous	22117
investigating	22116
darling	22115
vain	22114
contradictory	22113
utter	22112
motors	22111
compartment	22110
relaxation	22109
flawed	22108
ecclesiastical	22107
lords	22106
activism	22105
lineage	22104
reconnaissance	22103
theaters	22102
blonde	22101
verified	22100
archbishop	22099
destinations	22098
appendix	22097
discusses	22096
criticised	22095
downstream	22094
injure	22093
mat	22092
interrupted	22091
toxicity	22090
inaccurate	22089
liar	22088
aided	22087
transcription	22086
cigar	22085
drown	22084
ukrainian	22083
highways	22082
ammonia	22081
hallway	22080
forthcoming	22079
puppet	22078
rewards	22077
steak	22076
encryption	22075
incompatible	22074
postmodern	22073
smoked	22072
micronesia	22071
princes	22070
flock	22069
prairie	22068
transplant	22067
memo	22066
recipients	22065
zambia	22064
progressively	22063
cumulative	22062
simplest	22061
crab	22060
novelist	22059
meaningless	22058
roar	22057
pointer	22056
obstacles	22055
grains	22054
presumed	22053
underwent	22052
arbitration	22051
curry	22050
workout	22049
goose	22048
uncover	22047
retaining	22046
separating	22045
computation	22044
polished	22043
reactive	22042
narrowly	22041
micro	22040
dismissal	22039
swell	22038
replies	22037
interstate	22036
payroll	22035
garrison	22034
discarded	22033
bleed	22032
symphony	22031
victorian	22030
lava	22029
preacher	22028
flicker	22027
choke	22026
possessions	22025
psychiatrist	22024
emit	22023
strengthening	22022
dispatch	22021
ordained	22020
exaggerated	22019
lamps	22018
yacht	22017
ancestral	22016
bullets	22015
multiply	22014
preserving	22013
crater	22012
borrowing	22011
rib	22010
myths	22009
flaw	22008
respectable	22007
grammatical	22006
derives	22005
metabolic	22004
underwear	22003
intentional	22002
digging	22001
northeastern	22000
covenant	21999
canceled	21998
necklace	21997
authoritarian	21996
mustard	21995
bets	21994
limbs	21993
contraction	21992
hereditary	21991
feminism	21990
blockade	21989
graffiti	21988
admiration	21987
ultraviolet	21986
disgusting	21985
strategist	21984
monsters	21983
generates	21982
arcade	21981
alternatively	21980
interrogation	21979
replicate	21978
robots	21977
admiral	21976
jealousy	21975
aboriginal	21974
chooses	21973
halls	21972
slopes	21971
biased	21970
preferences	21969
evolving	21968
deprived	21967
celebrities	21966
rep	21965
cafe	21964
pissed	21963
infinitely	21962
eternity	21961
narcotic	21960
mediation	21959
accession	21958
reminiscent	21957
scanning	21956
starred	21955
averages	21954
angler	21953
barrels	21952
talents	21951
evangelical	21950
softly	21949
mountainous	21948
axiom	21947
francisco	21946
capsule	21945
temptation	21944
centralized	21943
moderately	21942
observatory	21941
conditional	21940
contacted	21939
amber	21938
cancellation	21937
nutritional	21936
inaudible	21935
extant	21934
amplifier	21933
modernization	21932
buttons	21931
emitted	21930
tastes	21929
sticky	21928
ginger	21927
heavenly	21926
rooted	21925
polymer	21924
sociology	21923
redemption	21922
eruption	21921
repression	21920
terminate	21919
devised	21918
bidding	21917
enjoyment	21916
identities	21915
whiskey	21914
beet	21913
exchanged	21912
centerpiece	21911
marital	21910
priorities	21909
nauru	21908
amended	21907
beverage	21906
swamp	21905
feathers	21904
portraits	21903
nominate	21902
exercised	21901
principally	21900
marsh	21899
confronted	21898
renaissance	21897
liner	21896
lenses	21895
lowering	21894
picnic	21893
astronaut	21892
sponsorship	21891
shoots	21890
hash	21889
athletics	21888
intricate	21887
ethanol	21886
crest	21885
proves	21884
playground	21883
stainless	21882
experimentation	21881
strained	21880
equip	21879
accusations	21878
boomer	21877
strangers	21876
commodities	21875
overlook	21874
guitarist	21873
togo	21872
affinity	21871
precursor	21870
boiled	21869
motif	21868
aggressively	21867
mesh	21866
carve	21865
mystical	21864
slash	21863
novelty	21862
tajikistan	21861
simulate	21860
instruct	21859
undertaking	21858
gop	21857
tempo	21856
advertise	21855
deduction	21854
holdings	21853
payload	21852
supper	21851
adaptive	21850
broadband	21849
violently	21848
pumping	21847
prospects	21846
barracks	21845
flora	21844
pumps	21843
costumes	21842
violated	21841
affirmative	21840
singers	21839
kicking	21838
unreliable	21837
betting	21836
famously	21835
ratify	21834
horns	21833
bait	21832
republicans	21831
patronage	21830
skate	21829
gown	21828
sermon	21827
reversal	21826
yo	21825
quota	21824
newborn	21823
z	21822
plots	21821
entirety	21820
commenced	21819
destine	21818
queue	21817
chromosome	21816
vent	21815
invalid	21814
inefficient	21813
flooded	21812
miners	21811
backbone	21810
invariably	21809
outsider	21808
remarked	21807
trumpet	21806
concealed	21805
systemic	21804
introduces	21803
instructional	21802
improvise	21801
owl	21800
gaps	21799
dictator	21798
chop	21797
cassette	21796
bankrupt	21795
heap	21794
nun	21793
alpine	21792
bureaucrat	21791
tractor	21790
photon	21789
generalized	21788
militant	21787
extracted	21786
commemorate	21785
uzbekistan	21784
laborer	21783
cared	21782
outlets	21781
spirituality	21780
folklore	21779
condom	21778
eighty	21777
touchdowns	21776
heterosexual	21775
antiquity	21774
asthma	21773
locks	21772
surname	21771
ratios	21770
lesion	21769
insider	21768
replication	21767
sterling	21766
worrying	21765
vertically	21764
demonstrates	21763
microprocessor	21762
spectacle	21761
dispersed	21760
exert	21759
operas	21758
mar	21757
pillar	21756
solvent	21755
worsen	21754
persian	21753
algae	21752
compiler	21751
stair	21750
damp	21749
disco	21748
enhancement	21747
hopeful	21746
subsidies	21745
earring	21744
wherein	21743
pigs	21742
purchases	21741
unexpectedly	21740
positioning	21739
cocoa	21738
insulation	21737
assessed	21736
jan	21735
exemption	21734
screenplay	21733
erotic	21732
fry	21731
columnist	21730
perpendicular	21729
tortured	21728
darker	21727
lewis	21726
masterpiece	21725
crusade	21724
electorate	21723
shipment	21722
harmless	21721
articulate	21720
rescued	21719
cod	21718
pockets	21717
parole	21716
holders	21715
voiced	21714
directive	21713
nfl	21712
trustee	21711
incorrectly	21710
declaring	21709
enroll	21708
tram	21707
boycott	21706
hack	21705
ontario	21704
neutrality	21703
coloured	21702
dj	21701
tonga	21700
investigative	21699
characterization	21698
maneuver	21697
proportions	21696
decorate	21695
clocks	21694
crosses	21693
saga	21692
terrific	21691
vibrant	21690
righteous	21689
hike	21688
curb	21687
grouping	21686
formations	21685
chick	21684
comfortably	21683
fellowship	21682
neuron	21681
deception	21680
slate	21679
batter	21678
pilgrimage	21677
glacier	21676
facto	21675
speculate	21674
vow	21673
uphold	21672
quicker	21671
caller	21670
fibers	21669
boast	21668
stunt	21667
packets	21666
stimulation	21665
mating	21664
enact	21663
sucks	21662
unbelievable	21661
recognizable	21660
collectors	21659
salute	21658
esteem	21657
compute	21656
fisherman	21655
discomfort	21654
victoria	21653
skinny	21652
colonization	21651
constituted	21650
thwart	21649
restrictive	21648
annoyed	21647
depths	21646
receivers	21645
nasal	21644
sewage	21643
wines	21642
query	21641
standpoint	21640
chuck	21639
flourish	21638
substrate	21637
stationed	21636
converting	21635
wizard	21634
dragons	21633
garment	21632
baker	21631
encompass	21630
lobbying	21629
shattered	21628
winding	21627
swap	21626
bugs	21625
doubles	21624
vanish	21623
hose	21622
sway	21621
router	21620
slowed	21619
balancing	21618
prop	21617
czech	21616
inhabit	21615
palau	21614
axe	21613
cd	21612
trench	21611
fortified	21610
encode	21609
saucepan	21608
targeting	21607
briefing	21606
wildly	21605
filmmaker	21604
rumors	21603
ignoring	21602
typing	21601
contributes	21600
saves	21599
opium	21598
grim	21597
comprised	21596
archaeology	21595
violet	21594
orbits	21593
unanimous	21592
chant	21591
dc	21590
parachute	21589
streaming	21588
weighed	21587
cracking	21586
courthouse	21585
comprising	21584
stained	21583
elizabeth	21582
terminals	21581
usable	21580
discontinued	21579
biodiversity	21578
coma	21577
southwestern	21576
ripe	21575
causal	21574
prosecute	21573
someplace	21572
tenant	21571
misunderstanding	21570
trades	21569
robe	21568
landlord	21567
strap	21566
reluctantly	21565
lumber	21564
distorted	21563
prolific	21562
sausage	21561
wavelengths	21560
bracket	21559
neurons	21558
backyard	21557
vodka	21556
devastated	21555
cultivate	21554
paralyze	21553
operative	21552
waking	21551
profoundly	21550
trousers	21549
troubles	21548
dwelling	21547
submerged	21546
suffrage	21545
noisy	21544
uneven	21543
melted	21542
splendid	21541
forestry	21540
replica	21539
scripture	21538
containers	21537
broadcaster	21536
hollywood	21535
loops	21534
arouse	21533
slang	21532
allergic	21531
crowds	21530
velvet	21529
propagation	21528
inference	21527
valleys	21526
greeting	21525
blond	21524
brains	21523
suppressed	21522
thoughtful	21521
subscribe	21520
joints	21519
dim	21518
exacerbate	21517
understands	21516
miller	21515
warmer	21514
qualitative	21513
applicant	21512
migrants	21511
endemic	21510
frightening	21509
lurk	21508
recognizes	21507
humour	21506
watershed	21505
charcoal	21504
railways	21503
duel	21502
recognise	21501
envy	21500
shareholders	21499
peach	21498
pitching	21497
intuitive	21496
truce	21495
earnest	21494
huddle	21493
spur	21492
freak	21491
proclaim	21490
aw	21489
invasive	21488
batting	21487
stain	21486
overwhelmed	21485
canopy	21484
betrayal	21483
upstream	21482
sniper	21481
preoccupation	21480
securing	21479
synagogue	21478
sarah	21477
crumb	21476
divert	21475
improper	21474
logging	21473
nuclei	21472
newsletter	21471
synonymous	21470
grouped	21469
ballistic	21468
inviting	21467
torch	21466
monumental	21465
maiden	21464
births	21463
positioned	21462
alloy	21461
dividing	21460
acclaim	21459
resembles	21458
catastrophic	21457
retiree	21456
chi	21455
deeds	21454
stigma	21453
groove	21452
shepherd	21451
hierarchical	21450
proton	21449
fashionable	21448
infants	21447
disciples	21446
fingertip	21445
rhythmic	21444
salesman	21443
variability	21442
evaluated	21441
compromised	21440
folder	21439
lame	21438
runoff	21437
ashes	21436
carbohydrate	21435
abolition	21434
attractions	21433
twilight	21432
mirrors	21431
aperture	21430
andy	21429
natives	21428
subsidize	21427
amnesty	21426
escaping	21425
overlapping	21424
privatization	21423
occupying	21422
complaining	21421
pollen	21420
commonplace	21419
subscribers	21418
larva	21417
additions	21416
lump	21415
karma	21414
outskirts	21413
sounding	21412
timely	21411
recipes	21410
brian	21409
tutor	21408
neutrino	21407
lust	21406
obedience	21405
folding	21404
neighbourhood	21403
dragged	21402
arising	21401
humid	21400
discs	21399
lattice	21398
examining	21397
owed	21396
cardiovascular	21395
kidnapping	21394
interfaces	21393
veil	21392
wary	21391
locomotive	21390
offend	21389
scenery	21388
professionally	21387
cigarettes	21386
economists	21385
pioneering	21384
decimal	21383
irrational	21382
backdrop	21381
neighbours	21380
trump	21379
socialization	21378
perfume	21377
detached	21376
eliminating	21375
questionnaire	21374
statues	21373
ignition	21372
compel	21371
summon	21370
drilling	21369
avoidance	21368
traumatic	21367
wedge	21366
responsive	21365
reinforcement	21364
spectator	21363
monuments	21362
summoned	21361
unidentified	21360
drastic	21359
commuter	21358
fabulous	21357
salon	21356
fearful	21355
dusty	21354
determinant	21353
superficial	21352
luggage	21351
thai	21350
jimmy	21349
inflammation	21348
duplicate	21347
kelly	21346
controllers	21345
unanimously	21344
victorious	21343
endorsed	21342
expulsion	21341
mantle	21340
intimacy	21339
licenses	21338
starvation	21337
anal	21336
chiefly	21335
slender	21334
hurl	21333
reappear	21332
seventy	21331
progressed	21330
prominently	21329
erase	21328
fuzzy	21327
curl	21326
basics	21325
microscope	21324
globalization	21323
kitts	21322
floods	21321
disks	21320
teens	21319
freshly	21318
sofa	21317
finely	21316
manifestation	21315
terrifying	21314
chloride	21313
semantic	21312
vengeance	21311
pigment	21310
bourgeois	21309
authoritative	21308
fetch	21307
alleviate	21306
catastrophe	21305
sidewalk	21304
receptors	21303
betray	21302
monitors	21301
apartheid	21300
treatise	21299
gradient	21298
professors	21297
dangers	21296
verge	21295
prostitute	21294
abstraction	21293
isotope	21292
nevis	21291
stature	21290
fuels	21289
breakup	21288
reformed	21287
specialists	21286
exported	21285
probation	21284
selecting	21283
fauna	21282
worries	21281
aloud	21280
adaptations	21279
upside	21278
revise	21277
understandable	21276
contaminate	21275
disciplinary	21274
deserted	21273
abolish	21272
alexander	21271
learns	21270
alumnus	21269
worthwhile	21268
elastic	21267
idol	21266
nova	21265
dissent	21264
snakes	21263
vocals	21262
indicative	21261
vibrate	21260
crushing	21259
staircase	21258
economical	21257
fetus	21256
consolidate	21255
kissing	21254
cambridge	21253
tigers	21252
graphical	21251
dire	21250
erect	21249
equals	21248
intensely	21247
proxy	21246
manned	21245
aluminium	21244
energies	21243
tangible	21242
wishing	21241
odor	21240
nineteen	21239
flatten	21238
acquiring	21237
gigantic	21236
transcript	21235
unsure	21234
accessory	21233
cruelty	21232
sketches	21231
criterion	21230
fertilizer	21229
davis	21228
denomination	21227
bells	21226
vagina	21225
chlorine	21224
finances	21223
caves	21222
consortium	21221
retaliation	21220
cruiser	21219
individualism	21218
viruses	21217
brakes	21216
resisted	21215
undercut	21214
quotation	21213
beams	21212
compliment	21211
weighted	21210
tapes	21209
scenarios	21208
fuse	21207
gem	21206
weekends	21205
scattering	21204
plunge	21203
ripped	21202
organizer	21201
favoured	21200
bipolar	21199
burger	21198
enclosure	21197
perpetual	21196
vietnamese	21195
kindly	21194
overwhelmingly	21193
optimization	21192
sticking	21191
terrified	21190
canonical	21189
forwards	21188
mole	21187
bison	21186
concessions	21185
deserved	21184
oceans	21183
pills	21182
jr	21181
fleeing	21180
cows	21179
overweight	21178
microscopic	21177
rancher	21176
shrug	21175
liverpool	21174
prefix	21173
insistence	21172
liking	21171
grenadines	21170
authorize	21169
precipitate	21168
invoke	21167
exhibitions	21166
luke	21165
nicely	21164
audition	21163
synthesize	21162
doctoral	21161
gloves	21160
baggage	21159
mumble	21158
plaster	21157
multinational	21156
embargo	21155
damned	21154
deter	21153
negligible	21152
aliens	21151
judging	21150
honorable	21149
aristocracy	21148
expressive	21147
weave	21146
topple	21145
stubborn	21144
jewel	21143
macro	21142
parity	21141
loom	21140
turnout	21139
soy	21138
dependency	21137
eccentric	21136
infect	21135
triangular	21134
readiness	21133
clone	21132
bureaucratic	21131
sells	21130
mutations	21129
syndicated	21128
predicate	21127
hardship	21126
polo	21125
modernize	21124
riots	21123
winters	21122
fulfilled	21121
annexation	21120
acquaintance	21119
mentality	21118
refrain	21117
floppy	21116
repay	21115
settling	21114
distraction	21113
coupling	21112
tops	21111
excavation	21110
interpretive	21109
arabic	21108
gait	21107
kindergarten	21106
verification	21105
descendant	21104
dreaming	21103
collaborate	21102
helpless	21101
spherical	21100
outrageous	21099
predecessors	21098
sprawling	21097
correlate	21096
razor	21095
noteworthy	21094
curtail	21093
pharmacy	21092
devise	21091
rabbi	21090
aforementioned	21089
rapper	21087
militarily	21086
carnival	21085
welsh	21084
imitate	21083
defenses	21082
sonic	21081
appointments	21080
pathetic	21079
chalk	21078
ranged	21077
pneumonia	21076
methane	21075
rig	21074
repeal	21073
remotely	21072
creed	21071
expresses	21070
onward	21069
filament	21068
hiking	21067
admired	21066
retiring	21065
watches	21064
fulfil	21063
betrayed	21062
bricks	21061
brace	21060
palette	21059
corpus	21058
staging	21057
accustom	21056
reunited	21055
formulas	21054
converts	21053
greatness	21052
cartoons	21051
manga	21050
enlist	21049
fascist	21048
skepticism	21047
doubling	21046
nominations	21045
proudly	21044
pitched	21043
nails	21042
ultra	21041
capturing	21040
dug	21039
diploma	21038
retains	21037
semantics	21036
poultry	21035
traction	21034
personalities	21033
relying	21032
principe	21031
lag	21030
francis	21029
ventilation	21028
comprehension	21027
pianist	21026
assimilate	21025
binoculars	21024
coronation	21023
doom	21022
rides	21021
offerings	21020
excel	21019
scramble	21018
offences	21017
spicy	21016
handles	21015
drunken	21014
grams	21013
halloween	21012
guild	21011
generators	21010
accustomed	21009
distributions	21008
paramount	21007
freestyle	21006
intuition	21005
autism	21004
litter	21003
feudal	21002
perspectives	21001
glowing	21000
fascination	20999
inhibit	20998
swiftly	20997
automaker	20996
distinguishing	20995
reluctance	20994
jane	20993
ratified	20992
jason	20991
impending	20990
arousal	20989
ensured	20988
ruby	20987
summers	20986
adjective	20985
awe	20984
amendments	20983
pavement	20982
interception	20981
na	20980
motel	20979
commissions	20978
drone	20977
pollutant	20976
admits	20975
outset	20974
rhyme	20973
facade	20972
wrath	20971
stretching	20970
imitation	20969
pornography	20968
recede	20967
gdp	20966
vegetarian	20965
diocese	20964
shortened	20963
engineered	20962
repetitive	20961
posit	20960
barbecue	20959
pluralism	20958
horizontally	20957
employing	20956
deflect	20955
culminate	20954
unconstitutional	20953
unused	20952
outnumber	20951
plummet	20950
shaping	20949
evoke	20948
averaged	20947
rightly	20946
entropy	20945
inauguration	20944
symbolism	20943
pony	20942
seychelles	20941
protector	20940
implicate	20939
silently	20938
comprehend	20937
gland	20936
patches	20935
daring	20934
penny	20933
differentiation	20932
distinctly	20931
builds	20930
distributor	20929
foreigner	20928
broadway	20927
strains	20926
propeller	20925
dub	20924
solicit	20923
resolutions	20922
predominant	20921
discard	20920
cerebral	20919
galaxies	20918
colon	20917
remnant	20916
pragmatic	20915
speculative	20914
enjoys	20913
portuguese	20912
terminated	20911
worthless	20910
til	20909
unlock	20908
treats	20907
bloc	20906
pier	20905
gardening	20904
stagger	20903
aesthetics	20902
geology	20901
spectators	20900
roasted	20899
conjure	20898
benefited	20897
archaic	20896
piston	20895
demons	20894
graves	20893
alan	20892
salaries	20891
rhetorical	20890
regression	20889
drained	20888
embraced	20887
flagship	20886
stripe	20885
babe	20884
liaison	20883
reckless	20882
sorted	20881
stereotype	20880
generosity	20879
poured	20878
immortal	20877
roast	20876
comparisons	20875
pins	20874
ruthless	20873
earl	20872
socket	20871
reactors	20870
residency	20869
cinnamon	20868
complication	20867
exiled	20866
eighteenth	20865
transitions	20864
tags	20863
hiss	20862
simplify	20861
carving	20860
guinea	20859
paperback	20858
proponent	20857
hygiene	20856
companions	20855
contracting	20854
fingernail	20853
accountant	20852
sings	20851
searched	20850
hardest	20849
hopeless	20848
astonishing	20847
turf	20846
affirm	20845
exceeding	20844
rehearse	20843
pouring	20842
orchestral	20841
knocking	20840
protestant	20839
jumper	20838
starving	20837
exemplify	20836
milestone	20835
cam	20834
mosaic	20833
substantive	20832
grinding	20831
coarse	20830
kin	20829
pest	20828
kidnapped	20827
apprentice	20826
mathematician	20825
ascent	20824
stressful	20823
allergy	20822
byte	20821
layoff	20820
sharks	20819
colonists	20818
shouting	20817
heightened	20816
sprawl	20815
cardboard	20814
factual	20813
versatile	20812
announces	20811
salts	20810
haunted	20809
freeway	20808
ugh	20807
drawer	20806
incentives	20805
chemist	20804
wrinkle	20803
mastery	20802
contemplate	20801
morgan	20800
needing	20799
eligibility	20798
prescribe	20797
abbey	20796
blink	20795
scrutinize	20794
hats	20793
feud	20792
oxford	20791
waiter	20790
touches	20789
grounded	20788
dissipate	20787
horseback	20786
innate	20785
possesses	20784
cosmology	20783
sponsors	20782
pierce	20781
harness	20780
tracked	20779
fission	20778
mast	20777
patented	20776
boxer	20775
cosmetic	20774
chasing	20773
rebound	20772
notify	20771
dubious	20770
logically	20769
proclamation	20768
opener	20767
hmo	20766
commentators	20765
relocate	20764
sanitation	20763
emigrate	20762
buzz	20761
dwell	20760
expenditures	20759
arrogant	20758
responds	20757
equator	20756
evacuate	20755
grandma	20754
mist	20753
resonate	20752
dealers	20751
meadow	20750
bees	20749
discovering	20748
phosphate	20747
cleaned	20746
sustainability	20745
scheduling	20744
railroads	20743
heck	20742
culinary	20741
beforehand	20740
bladder	20739
sideways	20738
reprinted	20737
dementia	20736
dealings	20735
localized	20734
kicks	20733
undergoing	20732
cardinals	20731
aiming	20730
chronicle	20729
fishery	20728
topped	20727
succumb	20726
consuming	20725
ubiquitous	20724
connector	20723
aka	20722
salvage	20721
muddy	20720
buyers	20719
infancy	20718
remake	20717
lace	20716
shudder	20715
ceramics	20714
downloaded	20713
unmarried	20712
sidebar	20711
homemade	20710
cater	20709
endeavor	20708
tolerant	20707
rewarded	20706
swelling	20705
simulated	20704
reviewer	20703
anthony	20702
rotary	20701
digest	20700
cortex	20699
ethnographic	20698
incorporation	20697
mimic	20696
ap	20695
nationals	20694
promoter	20693
formulated	20692
unpublished	20691
suspects	20690
expired	20689
rains	20688
favourable	20687
berry	20686
mph	20685
potter	20684
catches	20683
playwright	20682
norman	20681
benign	20680
outraged	20679
abbreviated	20678
outgoing	20677
genesis	20676
statewide	20675
descending	20674
confide	20673
welding	20672
dave	20671
fasten	20670
depicts	20669
encourages	20668
legislator	20667
walkway	20666
corrosion	20665
informally	20664
marvel	20663
reset	20662
detachment	20661
procedural	20660
unseen	20659
referenced	20658
camel	20657
sift	20656
calculating	20655
learner	20654
borough	20653
dropout	20652
assists	20651
authorization	20650
humiliation	20649
rejects	20648
undertook	20647
swinging	20646
averaging	20645
blur	20644
algebraic	20643
pertaining	20642
crisp	20641
podium	20640
insanity	20639
broth	20638
confinement	20637
johnny	20636
runners	20635
resin	20634
flute	20633
coexist	20632
financed	20631
formulate	20630
cabbage	20629
depleted	20628
scroll	20627
continents	20626
fuselage	20625
heighten	20624
imperfect	20623
elders	20622
televised	20621
vigorously	20620
imbalance	20619
incomes	20618
pinch	20617
databases	20616
yearn	20615
paperwork	20614
flowering	20613
maria	20612
dots	20611
icy	20610
connotation	20609
muslims	20608
sued	20607
cynical	20606
yarn	20605
realizing	20604
incorporates	20603
toes	20602
adorn	20601
fluids	20600
ohio	20599
detainee	20598
urging	20597
suriname	20596
moose	20595
persistence	20594
aerospace	20593
demonstrating	20592
shiite	20591
maze	20590
illegitimate	20589
soften	20588
signaling	20587
banquet	20586
apt	20585
topology	20584
meager	20583
subdivision	20582
whirl	20581
pivotal	20580
paranoid	20579
grin	20578
convent	20577
abdomen	20576
ransom	20575
redundant	20574
inmate	20573
bead	20572
donors	20571
threads	20570
disasters	20569
sage	20568
physiology	20567
prostate	20566
modulation	20565
galleries	20564
flutter	20563
weighing	20562
thriving	20561
instituted	20560
outdated	20559
improves	20558
atrocity	20557
jelly	20556
expire	20555
rogue	20554
quartz	20553
unsuccessfully	20552
optics	20551
handy	20550
pervasive	20549
pasture	20548
bilingual	20547
tenor	20546
lecturer	20545
dissertation	20544
empathy	20543
discovers	20542
carpenter	20541
syllables	20540
shove	20539
objections	20538
ethic	20537
stray	20536
undercover	20535
tablets	20534
tub	20533
relaxing	20532
fallout	20531
caste	20530
tortilla	20529
thriller	20528
bro	20527
socks	20526
unsafe	20525
establishments	20524
abide	20523
carolina	20522
guarded	20521
amend	20520
adherence	20519
sunk	20518
charlie	20517
mammal	20516
mistakenly	20515
optimum	20514
headlight	20513
cloak	20512
rods	20511
uneasy	20510
wiring	20509
adopting	20508
spends	20507
nonlinear	20506
populace	20505
rode	20504
transistor	20503
signify	20502
recycled	20501
displaying	20500
forged	20499
antibiotics	20498
octave	20497
immerse	20496
peaked	20495
vigor	20494
spelled	20493
posters	20492
dominion	20491
climax	20490
backgrounds	20489
ensures	20488
programmers	20487
aberration	20486
sweater	20485
preheat	20484
deterioration	20483
detained	20482
slots	20481
barber	20480
inscribed	20479
metaphysical	20478
biologist	20477
mates	20476
asserts	20475
ashore	20474
encoded	20473
puppy	20472
oils	20471
recognizing	20470
howard	20469
inactive	20468
fig	20467
shortcoming	20466
peacefully	20465
benchmark	20464
affluent	20463
spells	20462
sacrifices	20461
habitats	20460
contestant	20459
accessories	20458
stitch	20457
dispose	20456
jay	20455
suppliers	20454
gosh	20453
scanner	20452
constructing	20451
socioeconomic	20450
monitored	20449
consciously	20448
illicit	20447
alienate	20446
leste	20445
insertion	20444
aristocratic	20443
oust	20442
inject	20441
classics	20440
hardy	20439
succeeding	20438
diagonal	20437
urgency	20436
perceptual	20435
diversion	20434
treasurer	20433
compelled	20432
helm	20431
tremor	20430
recovering	20429
unnamed	20428
bounded	20427
tertiary	20426
rigor	20425
generalize	20424
signatures	20423
sandal	20422
pa	20421
aspiration	20420
linguistics	20419
fidelity	20418
cartridges	20417
arthritis	20416
renovated	20415
kurd	20414
claw	20413
parasite	20412
dolphin	20411
mince	20410
temperate	20409
pp	20408
derby	20407
stripes	20406
proposes	20405
indifferent	20404
mandated	20403
immature	20402
chew	20401
marshal	20400
intellect	20399
slack	20398
edible	20397
enormously	20396
pathways	20395
repaired	20394
packs	20393
enjoyable	20392
gunfire	20391
gleaming	20390
parcel	20389
lance	20388
medications	20387
smuggling	20386
honors	20385
impractical	20384
founders	20383
reinvent	20382
sect	20381
grazing	20380
supervise	20379
excerpt	20378
introductory	20377
roger	20376
pamphlet	20375
sock	20374
originating	20373
reliably	20372
amusing	20371
tunes	20370
pets	20369
clump	20368
pools	20367
drank	20366
furnace	20365
announcer	20364
announcing	20363
majesty	20362
insignificant	20361
tuck	20360
queens	20359
uniformly	20358
markedly	20357
programmed	20356
cousins	20355
hoof	20354
exceeds	20353
disparity	20352
comb	20351
pendulum	20350
finishes	20349
ghosts	20348
squash	20347
indie	20346
pod	20345
levee	20344
raped	20343
begging	20342
tricky	20341
vest	20340
artificially	20339
cellar	20338
discharged	20337
turbulent	20336
denominations	20335
strengths	20334
replay	20333
plantations	20332
pawn	20331
civilized	20330
condemnation	20329
commence	20328
shields	20327
penguin	20326
amounted	20325
wade	20324
stifle	20323
margins	20322
converge	20321
circulate	20320
grilled	20319
masks	20318
doctorate	20317
removes	20316
doubtful	20315
vase	20314
secondly	20313
pakistani	20312
liberated	20311
loneliness	20310
commitments	20309
qualifications	20308
bunker	20307
turkiye	20306
suffers	20305
committing	20304
graphite	20303
caption	20302
abdominal	20301
modular	20300
histories	20299
hates	20298
incarnation	20297
criticisms	20296
capitol	20295
rails	20294
chili	20293
canoe	20292
sabotage	20291
stranded	20290
snort	20289
famed	20288
illuminate	20287
rewrite	20286
mutant	20285
estimation	20284
insights	20283
phosphorus	20282
guru	20281
ringing	20280
turkmenistan	20279
westward	20278
euros	20277
integers	20276
takeoff	20275
acidic	20274
meteorite	20273
thyme	20272
attic	20271
pecan	20270
wane	20269
demonstrator	20268
contradict	20267
tuvalu	20266
preferable	20265
stresses	20264
promotes	20263
listeners	20262
generalization	20261
declares	20260
disperse	20259
trailing	20258
savor	20257
impoverished	20256
landscapes	20255
closes	20254
adjustments	20253
ft	20252
guitars	20251
fuckin	20250
protects	20249
serum	20248
ghetto	20247
gordon	20246
complexes	20245
stab	20244
cracks	20243
scenic	20242
cleanup	20241
kite	20240
pigeon	20239
anterior	20238
creepy	20237
soluble	20236
evacuated	20235
inclination	20234
abandonment	20233
disregard	20232
adultery	20231
manpower	20230
reconstruct	20229
flaws	20228
magistrate	20227
automation	20226
concurrent	20225
stepping	20224
electrode	20223
atheist	20222
profiles	20221
illumination	20220
sculptures	20219
coded	20218
utilization	20217
donkey	20216
homogeneous	20215
foreground	20214
respectful	20213
allocate	20212
longevity	20211
divinity	20210
cannabis	20209
destroyer	20208
deputies	20207
episcopal	20206
entail	20205
inverted	20204
stimulating	20203
grapple	20202
fungus	20201
incorporating	20200
laboratories	20199
demolished	20198
exhaustion	20197
nurture	20196
bolster	20195
indifference	20194
denying	20193
competed	20192
hindu	20191
sur	20190
anarchist	20189
tow	20188
bombardment	20187
misconduct	20186
brewing	20185
guarantees	20184
covert	20183
praying	20182
discriminate	20181
negligence	20180
subscriber	20179
ninety	20178
destined	20177
phil	20176
enlisted	20175
entrepreneurs	20174
fossils	20173
disciple	20172
manners	20171
sic	20170
inversion	20169
ordinance	20168
commercials	20167
emigration	20166
travelers	20165
retailer	20164
felony	20163
armoured	20162
optic	20161
searches	20160
wardrobe	20159
pesticide	20158
temperament	20157
pussy	20156
supremacy	20155
unreasonable	20154
hue	20153
ers	20152
ross	20151
forested	20150
madame	20149
dove	20148
democratization	20147
contentious	20146
chemotherapy	20145
pointless	20144
clips	20143
rift	20142
climbed	20141
relocated	20140
swords	20139
heels	20138
woven	20137
materialize	20136
collateral	20135
scarcely	20134
myriad	20133
inadvertently	20132
churn	20131
chassis	20130
attained	20129
disgust	20128
advertisements	20127
discrepancy	20126
scoop	20125
anne	20124
believers	20123
adolescence	20122
tails	20121
teenagers	20120
invading	20119
neon	20118
detrimental	20117
espionage	20116
paired	20115
arthur	20114
expel	20113
contemporaries	20112
billy	20111
mitigate	20110
sliced	20109
memoirs	20108
leaked	20107
exponential	20106
transferring	20105
pretending	20104
ratification	20103
yup	20102
circulated	20101
grenade	20100
medicinal	20099
launches	20098
stalk	20097
workshops	20096
sank	20095
neutrons	20094
caffeine	20093
sturdy	20092
tributary	20091
hunted	20090
fiery	20089
embarked	20088
emulate	20087
bibliography	20086
environmentally	20085
postage	20084
defy	20083
dallas	20082
academics	20081
reservations	20080
reinstate	20079
gothic	20078
utilities	20077
enclose	20076
liberalism	20075
funk	20074
analytic	20073
seriousness	20072
cries	20071
darken	20070
additive	20069
rove	20068
alteration	20067
rot	20066
fluctuation	20065
rash	20064
allusion	20063
imprison	20062
conversely	20061
embody	20060
photons	20059
irritate	20058
protesters	20057
commute	20056
opaque	20055
confer	20054
spontaneously	20053
duct	20052
fluorescent	20051
plutonium	20050
toured	20049
cylindrical	20048
imperialism	20047
stint	20046
plight	20045
tailor	20044
earthquakes	20043
oyster	20042
pry	20041
ailing	20040
handwriting	20039
proceeding	20038
reverend	20037
homer	20036
forefront	20035
mainframe	20034
lawrence	20033
liberties	20032
neurological	20031
interstellar	20030
danish	20029
oriental	20028
enriched	20027
discontent	20026
matthew	20025
wiped	20024
vanuatu	20023
thicken	20022
communicating	20021
denounced	20020
warp	20019
michigan	20018
primordial	20017
overwhelm	20016
fridge	20015
undesirable	20014
industrialized	20013
decomposition	20012
gin	20011
welcoming	20010
levy	20009
toxin	20008
neatly	20007
halftime	20006
pleasing	20005
patrick	20004
axes	20003
skim	20002
knowledgeable	20001
inward	20000
whichever	19999
veins	19998
butler	19997
grate	19996
congregations	19995
fixture	19994
shades	19993
crossover	19992
boulder	19991
circa	19990
registry	19989
buildup	19988
overhear	19987
communists	19986
stakes	19985
preaching	19984
sided	19983
prehistoric	19982
implicitly	19981
continual	19980
mythical	19979
youthful	19978
resonant	19977
refrigerate	19976
scientifically	19975
braille	19974
supplements	19973
ostensibly	19972
dams	19971
ambush	19970
drowning	19969
collaborated	19968
lettuce	19967
orderly	19966
honeymoon	19965
expects	19964
wasting	19963
para	19962
nonfiction	19961
notions	19960
indoors	19959
insecure	19958
exposition	19957
dodge	19956
variously	19955
theatres	19954
motives	19953
sequential	19952
densely	19951
spacing	19950
remix	19949
postulate	19948
ordination	19947
lush	19946
remembrance	19945
coke	19944
clout	19943
swan	19942
legion	19941
upgrades	19940
ambitions	19939
bathing	19938
genera	19937
liturgy	19936
deities	19935
biting	19934
grumble	19933
rankings	19932
hinder	19931
conjecture	19930
bubbles	19929
stretches	19928
outreach	19927
emblem	19926
tort	19925
walter	19924
evaporation	19923
motions	19922
delivers	19921
illuminated	19920
extraordinarily	19919
stumble	19918
solemn	19917
fugitive	19916
recite	19915
regularity	19914
autopsy	19913
faulty	19912
psychiatry	19911
bulls	19910
concluding	19909
digestive	19908
inscriptions	19907
skins	19906
allude	19905
ambivalent	19904
skier	19903
rust	19902
snowfall	19901
numbering	19900
anna	19899
expeditions	19898
calculator	19897
cites	19896
notification	19895
stride	19894
steroids	19893
monastic	19892
remarry	19891
breeds	19890
affective	19889
hepatitis	19888
luminous	19887
airliner	19886
tallest	19885
restless	19884
objected	19883
circuitry	19882
gamble	19881
converse	19880
yen	19879
thinker	19878
leaning	19877
tug	19876
subculture	19875
impeachment	19874
hebrew	19873
carter	19872
nets	19871
lavish	19870
renovate	19869
assassin	19868
coax	19867
consulted	19866
disintegrate	19865
eject	19864
onstage	19863
cm	19862
carrot	19861
textual	19860
downstairs	19859
beneficiary	19858
tenuous	19857
flap	19856
lagoon	19855
storyline	19854
wording	19853
fibre	19852
lily	19851
belgian	19850
sunglasses	19849
survives	19848
backlash	19847
heroine	19846
brotherhood	19845
humane	19844
arid	19843
poisonous	19842
observable	19841
nostril	19840
defeating	19839
greedy	19838
strait	19837
seep	19836
inflict	19835
sights	19834
eyelid	19833
hymn	19832
anytime	19831
mobilize	19830
rubble	19829
heterogeneous	19828
torso	19827
immensely	19826
referral	19825
orient	19824
schizophrenia	19823
malicious	19822
locality	19821
marrying	19820
subsistence	19819
chemically	19818
leftist	19817
cosmos	19816
aerodynamic	19815
unravel	19814
surpass	19813
severed	19812
crystalline	19811
realizes	19810
postponed	19809
assimilation	19808
cooled	19807
unpaid	19806
ballad	19805
crashing	19804
linkage	19803
instrumentation	19802
assignments	19801
canned	19800
nightclub	19799
reorganize	19798
priesthood	19797
salty	19796
dissatisfaction	19795
witchcraft	19794
implant	19793
amenities	19792
reciprocal	19791
emanate	19790
regeneration	19789
depended	19788
elusive	19787
injected	19786
charismatic	19785
warnings	19784
champ	19783
solidify	19782
hardened	19781
liturgical	19780
breadth	19779
crashes	19778
thyroid	19777
recount	19776
stalemate	19775
reflector	19774
cheerful	19773
quiz	19772
demolition	19771
adjustable	19770
handbook	19769
ribs	19768
porcelain	19767
stool	19766
nestle	19765
wired	19764
veer	19763
painters	19762
slippery	19761
awakening	19760
downfall	19759
billing	19758
easiest	19757
mural	19756
ailment	19755
hearth	19754
equivalence	19753
configurations	19752
doomed	19751
widen	19750
exams	19749
indefinite	19748
excite	19747
disguised	19746
indicators	19745
lest	19744
epoch	19743
groom	19742
exodus	19741
amen	19740
minded	19739
glacial	19738
installations	19737
monasteries	19736
driveway	19735
coefficients	19734
clues	19733
retrospective	19732
humanities	19731
wayne	19730
hearings	19729
goodwill	19728
spoil	19727
weaving	19726
norwegian	19725
ninja	19724
storytelling	19723
brink	19722
offended	19721
consonants	19720
titanium	19719
allen	19718
rampant	19717
starch	19716
skeptic	19715
supplying	19714
belts	19713
tires	19712
deprive	19711
butcher	19710
rum	19709
sync	19708
morphology	19707
beckon	19706
sparse	19705
theorist	19704
archipelago	19703
subside	19702
elevate	19701
flare	19700
posterior	19699
fragmented	19698
adapter	19697
alliances	19696
inexperienced	19695
retreated	19694
depot	19693
mason	19692
diarrhea	19691
slipper	19690
attribution	19689
dentist	19688
roam	19687
ignite	19686
normative	19685
ta	19684
womb	19683
candidacy	19682
illustrates	19681
competitiveness	19680
clench	19679
dagger	19678
characterised	19677
newest	19676
petal	19675
taxonomy	19674
booster	19673
mare	19672
conserve	19671
radial	19670
hypothesize	19669
ale	19668
memorandum	19667
poisoned	19666
wince	19665
spawn	19664
frontal	19663
revitalize	19662
brittle	19661
rewarding	19660
dwindling	19659
il	19658
knit	19657
longitudinal	19656
vaguely	19655
wandering	19654
lifespan	19653
contender	19652
upload	19651
nitrate	19650
wonders	19649
apples	19648
symbolically	19647
preface	19646
phenomenal	19645
hears	19644
groundwater	19643
institutes	19642
mule	19641
yolk	19640
preferably	19639
impatient	19638
downhill	19637
stringent	19636
mouthpiece	19635
bred	19634
bounty	19633
hormones	19632
etch	19631
pee	19630
realities	19629
popularly	19628
remembers	19627
idealized	19626
planner	19625
patriotism	19624
valuation	19623
migrated	19622
sitcom	19621
reorganization	19620
phd	19619
cilantro	19618
audible	19617
campaigning	19616
cede	19615
inflate	19614
emphatically	19613
infuse	19612
notch	19611
mute	19610
scarcity	19609
halted	19608
hath	19607
accredited	19606
ascribe	19605
inmates	19604
mogul	19603
hind	19602
repertory	19601
obstruct	19600
typewriter	19599
halo	19598
rests	19597
usefulness	19596
appropriation	19595
calibration	19594
occupies	19593
parked	19592
anthology	19591
freeman	19590
vacancy	19589
weaknesses	19588
pledged	19587
stylistic	19586
conspicuous	19585
undergone	19584
watcher	19583
confirms	19582
chromosomes	19581
mascot	19580
visions	19579
challenger	19578
reclaim	19577
farmland	19576
preventive	19575
awaken	19574
abduction	19573
alcoholism	19572
wafer	19571
saucer	19570
township	19569
fraternity	19568
wail	19567
smashed	19566
sewing	19565
whore	19564
pastime	19563
foe	19562
paternal	19561
markers	19560
poke	19559
provoked	19558
coping	19557
lick	19556
orphan	19555
strawberry	19554
combatant	19553
heavens	19552
projections	19551
vegas	19550
soybean	19549
fluent	19548
constituents	19547
fulfillment	19546
diaphragm	19545
angrily	19544
metaphysics	19543
waterfront	19542
perennial	19541
packaged	19540
labelled	19539
denounce	19538
specifies	19537
barcelona	19536
librarian	19535
entree	19534
primacy	19533
envoy	19532
nigerian	19531
orchestrate	19530
serpent	19529
shortages	19528
shrewd	19527
strife	19526
dumped	19525
bruce	19524
engraving	19523
accompaniment	19522
lessen	19521
lawful	19520
cameron	19519
armament	19518
liquids	19517
doctrinal	19516
turret	19515
mediator	19514
clark	19513
intently	19512
striped	19511
hurting	19510
borne	19509
tighten	19508
brigade	19507
statutes	19506
brutality	19505
twelfth	19504
arrogance	19503
lowland	19502
weaponry	19501
exploded	19500
siren	19499
reinforcements	19498
poses	19497
clasp	19496
admitting	19495
consoles	19494
stronghold	19493
dvd	19492
apparel	19491
charities	19490
milieu	19489
sizable	19488
divides	19487
abrupt	19486
cello	19485
interpersonal	19484
percussion	19483
battalions	19482
recruits	19481
subtlety	19480
feeds	19479
humility	19478
raft	19477
precedence	19476
cosmological	19475
openness	19474
gary	19473
drafting	19472
intensified	19471
candles	19470
climatic	19469
sparsely	19468
sentimental	19467
raisin	19466
reconsider	19465
enlightenment	19464
soothe	19463
safeguard	19462
brightly	19461
hacker	19460
canister	19459
magnesium	19458
dresses	19457
escapes	19456
ian	19455
luxurious	19454
riches	19453
predation	19452
jeff	19451
elongated	19450
filtering	19449
jerusalem	19448
relocation	19447
diver	19446
jonathan	19445
lad	19444
loudspeaker	19443
degrade	19442
fiercely	19441
abuses	19440
enrichment	19439
fishermen	19438
indispensable	19437
sterile	19436
pastry	19435
midwestern	19434
cushion	19433
sculptor	19432
measurable	19431
tariffs	19430
dysfunction	19429
irresponsible	19428
interacting	19427
antibodies	19426
bookstore	19425
eminent	19424
thirst	19423
avid	19422
dispatched	19421
zoning	19420
skillful	19419
sentencing	19418
cylinders	19417
aye	19416
lifts	19415
glide	19414
vanished	19413
coca	19412
solids	19411
disciplined	19410
elephants	19409
powerfully	19408
tyranny	19407
regiments	19406
diffuse	19405
settler	19404
insurgency	19403
punched	19402
rev	19401
embark	19400
ordeal	19399
skies	19398
indonesian	19397
punitive	19396
canals	19395
austrian	19394
desperation	19393
icons	19392
lithium	19391
unarmed	19390
handler	19389
oscillation	19388
unjust	19387
foliage	19386
hitter	19385
punt	19384
inertia	19383
murky	19382
adjoining	19381
mathematically	19380
restrain	19379
chrome	19378
plentiful	19377
polity	19376
secession	19375
unhealthy	19374
bakery	19373
sewer	19372
notices	19371
magician	19370
complicate	19369
traverse	19368
markings	19367
advantageous	19366
vested	19365
identifiable	19364
budgets	19363
cloning	19362
exquisite	19361
primer	19360
familiarity	19359
resurgence	19358
compares	19357
nuance	19356
regent	19355
deference	19354
tonal	19353
villagers	19352
reflex	19351
pore	19350
disclosed	19349
policing	19348
monsoon	19347
shutter	19346
belongings	19345
electrically	19344
asphalt	19343
fearing	19342
seasoned	19341
restart	19340
awhile	19339
shoreline	19338
mailing	19337
thicker	19336
laden	19335
contrasting	19334
modeled	19333
lurch	19332
mediate	19331
transformations	19330
distort	19329
quilt	19328
austin	19327
drawback	19326
courageous	19325
liken	19324
statehood	19323
woody	19322
airing	19321
miracles	19320
provocative	19319
reaffirm	19318
idiom	19317
blessings	19316
seismic	19315
wetland	19314
eats	19313
devils	19312
autobiographical	19311
heave	19310
immoral	19309
crossroads	19308
messy	19307
chelsea	19306
incompetent	19305
perch	19304
attributable	19303
connectivity	19302
nascent	19301
pronouns	19300
populous	19299
chariot	19298
imaginative	19297
astronomers	19296
magnification	19295
accessibility	19294
baptist	19293
anthropologist	19292
blindness	19291
informant	19290
relational	19289
engraved	19288
transient	19287
smallpox	19286
stunned	19285
piracy	19284
drowned	19283
hesitation	19282
stew	19281
lebanese	19280
inscribe	19279
floral	19278
woo	19277
runaway	19276
disadvantaged	19275
longitude	19274
kits	19273
interventions	19272
punctuate	19271
airfield	19270
blended	19269
barley	19268
exposing	19267
pollute	19266
footprint	19265
eds	19264
postpone	19263
spokesperson	19262
agony	19261
shores	19260
maximal	19259
oppressed	19258
energize	19257
contractors	19256
bully	19255
splash	19254
starve	19253
catcher	19252
opted	19251
grapes	19250
emphasizes	19249
battered	19248
masked	19247
wed	19246
antioxidant	19245
vaccination	19244
geographically	19243
testosterone	19242
harvesting	19241
unlawful	19240
duet	19239
forcibly	19238
houston	19237
roses	19236
backer	19235
sixteenth	19234
shear	19233
dummy	19232
paralysis	19231
sensing	19230
inflicted	19229
dreadful	19228
turbulence	19227
fascinated	19226
reformer	19225
contingency	19224
emperors	19223
roommate	19222
applicants	19221
shortest	19220
devoid	19219
aura	19218
experimentally	19217
linebacker	19216
larry	19215
remembering	19214
fraudulent	19213
pronoun	19212
soaked	19211
hype	19210
booked	19209
discern	19208
soak	19207
axioms	19206
facilitated	19205
hunch	19204
heater	19203
slain	19202
dusk	19201
prisons	19200
iris	19199
biomass	19198
rebirth	19197
dangerously	19196
defendants	19195
cling	19194
willingly	19193
strikingly	19192
dissatisfied	19191
defeats	19190
truths	19189
accelerating	19188
composting	19187
auditor	19186
drugstore	19185
supernova	19184
merry	19183
strangle	19182
keyboards	19181
elude	19180
appetizer	19179
pictured	19178
calmly	19177
pseudonym	19176
burrow	19175
tsunami	19174
botanical	19173
refine	19172
fragmentation	19171
notwithstanding	19170
biographical	19169
psychologists	19168
bounds	19167
buys	19166
polynomial	19165
softball	19164
overturn	19163
frighten	19162
archaeologist	19161
intends	19160
analyzing	19159
rover	19158
engender	19157
overt	19156
glamor	19155
bending	19154
beads	19153
clicking	19152
deteriorate	19151
shriek	19150
disposable	19149
skyline	19148
appliance	19147
lantern	19146
differed	19145
antibody	19144
knives	19143
diaspora	19142
turbines	19141
novice	19140
pumped	19139
bitterness	19138
lizard	19137
endings	19136
demographics	19135
speculated	19134
insecurity	19133
miraculous	19132
pads	19131
psychoanalysis	19130
disliked	19129
strategically	19128
statesman	19127
postseason	19126
falter	19125
cutter	19124
manor	19123
unconventional	19122
humiliate	19121
knots	19120
refinery	19119
collegiate	19118
footing	19117
arbitrarily	19116
chimpanzee	19115
saxophone	19114
nylon	19113
paradoxical	19112
happier	19111
hides	19110
cartoonist	19109
basal	19108
bluff	19107
fluctuations	19106
profitability	19105
successors	19104
apex	19103
harvested	19102
amazement	19101
inflammatory	19100
virtues	19099
spheres	19098
utmost	19097
honours	19096
melodic	19095
intervening	19094
peacekeeping	19093
deduce	19092
strokes	19091
pavilion	19090
shorten	19089
sacked	19088
intimidation	19087
granddaughter	19086
tanker	19085
impetus	19084
obstruction	19083
scurry	19082
faults	19081
superhero	19080
nesting	19079
undo	19078
bitterly	19077
symmetric	19076
encyclopedia	19075
graduating	19074
cant	19073
plump	19072
improvisation	19071
fashioned	19070
pairing	19069
interchange	19068
theologian	19067
copying	19066
attracts	19065
tee	19064
disruptive	19063
flex	19062
pixels	19061
defective	19060
colorado	19059
purge	19058
reshape	19057
agreeing	19056
procurement	19055
supervised	19054
gag	19053
improvised	19052
tailored	19051
rebellious	19050
causality	19049
discouraged	19048
postcard	19047
larvae	19046
caravan	19045
nostalgia	19044
graveyard	19043
pains	19042
antelope	19041
mythic	19040
seminal	19039
waver	19038
tentative	19037
hawk	19036
immersion	19035
miniseries	19034
detonate	19033
democrats	19032
disbelief	19031
forgetting	19030
sinister	19029
bra	19028
pushes	19027
subdue	19026
viability	19025
interviewer	19024
jerseys	19023
motorist	19022
unrealistic	19021
handicap	19020
sporadic	19019
brighter	19018
grassland	19017
fortunes	19016
banish	19015
nausea	19014
cervical	19013
depletion	19012
barge	19011
oracle	19010
libertarian	19009
bestow	19008
suicidal	19007
playful	19006
coasts	19005
breasts	19004
requesting	19003
implying	19002
harris	19001
etching	19000
surreal	18999
dominican	18998
tangle	18997
flier	18996
precinct	18995
unauthorized	18994
recommends	18993
indians	18992
prized	18991
sultan	18990
needy	18989
modernist	18988
fairway	18987
reflections	18986
cyberspace	18985
deprivation	18984
insulting	18983
topography	18982
branded	18981
dolphins	18980
inventions	18979
rearrange	18978
yielded	18977
nicknamed	18976
powerless	18975
testified	18974
kate	18973
injunction	18972
condensed	18971
pudding	18970
hasten	18969
anarchy	18968
mixer	18967
merits	18966
cubs	18965
vitality	18964
mars	18963
hardcore	18962
surpassed	18961
puck	18960
warships	18959
disbanded	18958
zip	18957
oceanic	18956
flurry	18955
vascular	18954
clog	18953
heirs	18952
override	18951
equitable	18950
climates	18949
hydrocarbon	18948
logs	18947
psyche	18946
intellectuals	18945
anomaly	18944
garnish	18943
intrusion	18942
sheltered	18941
taller	18940
modestly	18939
kidnap	18938
slab	18937
confederation	18936
clockwise	18935
relentless	18934
boiler	18933
assassinated	18932
placebo	18931
haunt	18930
transcribe	18929
scaling	18928
heresy	18927
arrests	18926
motionless	18925
travellers	18924
rio	18923
alternately	18922
fumble	18921
hid	18920
adorable	18919
russell	18918
openings	18917
se	18916
joking	18915
ministerial	18914
unresolved	18913
disarray	18912
scour	18911
fiberglass	18910
raiders	18909
protested	18908
bisexual	18907
scissors	18906
livelihood	18905
twig	18904
sophistication	18903
electronically	18902
casing	18901
amidst	18900
platoon	18899
beacon	18898
poorer	18897
therein	18896
uncovered	18895
furnished	18894
receptive	18893
crooked	18892
tandem	18891
oppressive	18890
thrill	18889
camouflage	18888
chewing	18887
stacked	18886
sip	18885
patrons	18884
trek	18883
overshadow	18882
presenter	18881
adjusting	18880
lunge	18879
phantom	18878
eyebrow	18877
ensue	18876
suffice	18875
pulses	18874
disgrace	18873
auditory	18872
validation	18871
interruption	18870
catering	18869
hints	18868
persuasion	18867
ali	18866
witty	18865
gunpowder	18864
subjectivity	18863
unequal	18862
caliber	18861
civilizations	18860
rug	18859
fading	18858
symmetrical	18857
sponge	18856
buddhist	18855
silvery	18854
baptized	18853
colonist	18852
cradle	18851
messaging	18850
convection	18849
pennant	18848
martyr	18847
somber	18846
sweetheart	18845
vanity	18844
almond	18843
nap	18842
mechanically	18841
pounding	18840
engulf	18839
smoker	18838
bleak	18837
unsettle	18836
hungarian	18835
pumpkin	18834
reconstructed	18833
durability	18832
intimidate	18831
magnify	18830
telegram	18829
leopard	18828
bodyguard	18827
obligatory	18826
multicultural	18825
stud	18824
airspace	18823
metaphorical	18822
ontological	18821
amplification	18820
stabbed	18819
prophets	18818
domesticated	18817
overflow	18816
obese	18815
extinguish	18814
literate	18813
unfold	18812
substituted	18811
juggle	18810
nuisance	18809
deem	18808
bum	18807
commissioners	18806
infer	18805
ape	18804
broaden	18803
kinship	18802
contour	18801
partnerships	18800
confessed	18799
mobilization	18798
appraisal	18797
advertised	18796
traps	18795
mower	18794
remnants	18793
replaces	18792
liberate	18791
termite	18790
alienated	18789
stylized	18788
shuffle	18787
evade	18786
horrify	18785
clerical	18784
flavour	18783
tar	18782
obscenity	18781
shrinking	18780
observance	18779
inlet	18778
ventures	18777
rendition	18776
robotic	18775
fume	18774
muzzle	18773
beaver	18772
teammates	18771
confiscated	18770
decode	18769
downturn	18768
booking	18767
quartet	18766
beers	18765
orthodoxy	18764
purification	18763
cafeteria	18762
parallels	18761
outspoken	18760
translates	18759
ducks	18758
permeate	18757
enigmatic	18756
anonymity	18755
pollster	18754
quotient	18753
indications	18752
devastation	18751
transmitting	18750
premiered	18749
acquaint	18748
spoiled	18747
beetle	18746
cognition	18745
highland	18744
kerosene	18743
perk	18742
retina	18741
multilateral	18740
clarinet	18739
afflict	18738
interdisciplinary	18737
prosper	18736
relativism	18735
inert	18734
amass	18733
coercion	18732
crafts	18731
hamilton	18730
aroma	18729
tenants	18728
quell	18727
dormant	18726
brewery	18725
insignia	18724
celtic	18723
fisheries	18722
unnoticed	18721
hypotheses	18720
allegory	18719
confluence	18718
coated	18717
stabilization	18716
slowing	18715
idiosyncratic	18714
hazards	18713
irritation	18712
mow	18711
husbands	18710
expansive	18709
learnt	18708
bottled	18707
herbal	18706
chords	18705
landfill	18704
glands	18703
adjectives	18702
josh	18701
footnote	18700
herald	18699
kentucky	18698
comer	18697
intercepted	18696
ltd	18695
eclectic	18694
marketer	18693
altitudes	18692
expressly	18691
sheath	18690
bids	18689
freelance	18688
paddle	18687
egalitarian	18686
theorists	18685
capitals	18684
cleansing	18683
hiker	18682
academia	18681
pathology	18680
unilateral	18679
nutmeg	18678
relegate	18677
proofs	18676
hegemony	18675
herring	18674
faintly	18673
seminary	18672
divergent	18671
philadelphia	18670
fireplace	18669
sequencing	18668
assisting	18667
setback	18666
philip	18665
pundit	18664
skew	18663
unconsciously	18662
grove	18661
newfound	18660
refinement	18659
reciprocity	18658
forums	18657
spanning	18656
coloring	18655
conspire	18654
executing	18653
bravery	18652
taboo	18651
elliptical	18650
hottest	18649
cartel	18648
computed	18647
uniformed	18646
parlor	18645
divergence	18644
shadowy	18643
weekday	18642
consul	18641
overhaul	18640
midway	18639
horrific	18638
entice	18637
sparked	18636
sting	18635
containment	18634
exaggerate	18633
enlarge	18632
cohort	18631
revisions	18630
redesign	18629
disagreed	18628
sa	18627
textbooks	18626
impersonal	18625
rites	18624
epithet	18623
piety	18622
dame	18621
ranger	18620
storyteller	18619
cameo	18618
enlightened	18617
eagerly	18616
sophomore	18615
adversary	18614
overture	18613
statistic	18612
experimenter	18611
killings	18610
sensibility	18609
sails	18608
uterus	18607
immortality	18606
lighthouse	18605
archer	18604
orgasm	18603
cured	18602
rotated	18601
propagate	18600
windy	18599
latino	18598
quo	18597
manipulated	18596
clarification	18595
industrialization	18594
bayonet	18593
lingering	18592
futile	18591
addict	18590
bio	18589
spared	18588
traitor	18587
offenders	18586
stiffen	18585
curvature	18584
pediatrician	18583
vaginal	18582
uninsured	18581
destroyers	18580
bullying	18579
reviewing	18578
sprinkle	18577
publicize	18576
articulated	18575
wreckage	18574
vernacular	18573
beginnings	18572
woodland	18571
collide	18570
intrinsically	18569
locale	18568
managerial	18567
intersect	18566
chronology	18565
withhold	18564
timer	18563
lobe	18562
courier	18561
negate	18560
tenet	18559
wrecked	18558
ultrasound	18557
hillside	18556
moss	18555
seventeenth	18554
invader	18553
inefficiency	18552
destroys	18551
slit	18550
straddle	18549
conservatism	18548
disapproval	18547
elemental	18546
aggravate	18545
aromatic	18544
utilizing	18543
examinations	18542
careless	18541
ahh	18540
retailers	18539
revert	18538
pouch	18537
segregated	18536
boredom	18535
transcendent	18534
legislate	18533
unsuitable	18532
mainstay	18531
scribble	18530
lyric	18529
campuses	18528
slump	18527
duly	18526
rectangle	18525
reprint	18524
utterance	18523
anglo	18522
conveniently	18521
distinctions	18520
conformity	18519
molest	18518
lent	18517
ambivalence	18516
adobe	18515
quad	18514
lobster	18513
intestine	18512
decidedly	18511
compassionate	18510
backpack	18509
enrich	18508
falsely	18507
prudent	18506
revel	18505
denies	18504
blackness	18503
sonar	18502
capitalize	18501
renounce	18500
likeness	18499
underworld	18498
commencement	18497
replenish	18496
emancipation	18495
flats	18494
evaluating	18493
abound	18492
rainforest	18491
atlas	18490
unmistakable	18489
herbs	18488
directional	18487
overlooked	18486
wig	18485
photographed	18484
presume	18483
mismanagement	18482
billboard	18481
logistical	18480
nontraditional	18479
fore	18478
hallmark	18477
enthusiasts	18476
shimmering	18475
outputs	18474
epistemological	18473
inaugurated	18472
attire	18471
menace	18470
builders	18469
birthplace	18468
modernity	18467
peacetime	18466
citrus	18465
trusts	18464
chartered	18463
sands	18462
downplay	18461
untouched	18460
neoclassical	18459
waterfall	18458
vortex	18457
jacob	18456
mysteries	18455
elicit	18454
resembling	18453
endow	18452
compositional	18451
distrust	18450
justin	18449
reunite	18448
luckily	18447
blah	18446
flinch	18445
illnesses	18444
sincerely	18443
sushi	18442
reductions	18441
rowing	18440
mathematicians	18439
defiance	18438
disseminate	18437
das	18436
ooh	18435
corporal	18434
jewellery	18433
depressing	18432
upbringing	18431
respecting	18430
unconditional	18429
accomplishments	18428
arsenic	18427
infrequent	18426
surveyed	18425
tease	18424
marie	18423
hastily	18422
pea	18421
spacious	18420
envision	18419
schedules	18418
cork	18417
peptide	18416
munitions	18415
gracious	18414
voucher	18413
seaside	18412
alarming	18411
nba	18410
cadmium	18409
assemblage	18408
simulator	18407
childbirth	18406
merging	18405
taliban	18404
denotes	18403
upheld	18402
graceful	18401
transformer	18400
songwriter	18399
permissible	18398
soar	18397
baroque	18396
deforestation	18395
proponents	18394
errand	18393
penal	18392
cholera	18391
corrections	18390
outlaw	18389
thankful	18388
periphery	18387
persuasive	18386
preparatory	18385
priced	18384
downs	18383
greeted	18382
redeem	18381
establishes	18380
marrow	18379
plum	18378
ascend	18377
intriguing	18376
scarf	18375
afterlife	18374
espouse	18373
convictions	18372
hypocrisy	18371
polarized	18370
underestimate	18369
satirical	18368
commune	18367
empirically	18366
plumbing	18365
pits	18364
thump	18363
medicines	18362
eleventh	18361
paramilitary	18360
chimney	18359
inorganic	18358
stirring	18357
flavors	18356
thinly	18355
yelling	18354
strew	18353
bothered	18352
caucus	18351
laundering	18350
outpost	18349
sandstone	18348
reacted	18347
dune	18346
accreditation	18345
acquit	18344
collagen	18343
tabloid	18342
colonialism	18341
frenzy	18340
tumultuous	18339
alloys	18338
assistants	18337
sweetness	18336
needles	18335
pathogen	18334
topological	18333
baron	18332
stump	18331
mattress	18330
contests	18329
subdued	18328
morphine	18327
liberalization	18326
accelerator	18325
stakeholder	18324
presided	18323
ascertain	18322
pious	18321
blaze	18320
trustees	18319
recurrent	18318
sender	18317
illiterate	18316
clinician	18315
earthly	18314
polyester	18313
collisions	18312
erroneous	18311
textiles	18310
fabrication	18309
wisconsin	18308
whipped	18307
computerized	18306
transcendental	18305
deceive	18304
throttle	18303
anderson	18302
minuscule	18301
whereabouts	18300
ann	18299
lieu	18298
atlanta	18297
intermittent	18296
estrogen	18295
indigo	18294
ants	18293
ulcer	18292
mug	18291
warlord	18290
diversify	18289
fetal	18288
diminishing	18287
distracted	18286
marines	18285
appointee	18284
disdain	18283
sideline	18282
emerges	18281
galactic	18280
digestion	18279
halve	18278
tasty	18277
fermentation	18276
porter	18275
clinton	18274
hospitalize	18273
rave	18272
zest	18271
roadside	18270
psychosocial	18269
crow	18268
squat	18267
dilute	18266
deteriorated	18265
squirrel	18264
clinics	18263
quarry	18262
involuntary	18261
timetable	18260
crank	18259
detroit	18258
chandelier	18257
decks	18256
discredit	18255
startling	18254
converter	18253
explores	18252
avalanche	18251
celibacy	18250
suitcase	18249
nebula	18248
diversified	18247
extremity	18246
cloudy	18245
ordinarily	18244
federally	18243
alarmed	18242
ornamental	18241
styling	18240
spices	18239
encompasses	18238
speedy	18237
apostle	18236
insists	18235
vet	18234
routines	18233
psychoanalytic	18232
revolve	18231
unnatural	18230
grope	18229
divers	18228
stanza	18227
nozzle	18226
tempted	18225
undisturbed	18224
lyrical	18223
devout	18222
deferred	18221
clumsy	18220
storing	18219
microbe	18218
bananas	18217
kissed	18216
ramification	18215
compress	18214
fungi	18213
rotten	18212
overrun	18211
leakage	18210
sparkling	18209
luminosity	18208
pensions	18207
rudimentary	18206
scarlet	18205
acronym	18204
honoured	18203
weakening	18202
disparate	18201
separates	18200
louder	18199
minced	18198
knob	18197
boo	18196
hiatus	18195
irreversible	18194
disgusted	18193
tubing	18192
castles	18191
infringement	18190
exporter	18189
samurai	18188
crescent	18187
holler	18186
crises	18185
erratic	18184
blurt	18183
hurts	18182
superstar	18181
reproduced	18180
hanged	18179
appellate	18178
downside	18177
noticeably	18176
polarity	18175
symposium	18174
wrongly	18173
burner	18172
intrude	18171
molten	18170
richest	18169
assortment	18168
hostilities	18167
excavate	18166
worldly	18165
hoop	18164
topical	18163
costing	18162
parishioner	18161
turtles	18160
bats	18159
installment	18158
eradicate	18157
cornerback	18156
pessimism	18155
hover	18154
osteoporosis	18153
moderation	18152
besieged	18151
reversible	18150
gleam	18149
invaluable	18148
gaseous	18147
annex	18146
articulation	18145
narration	18144
intelligible	18143
solitude	18142
defences	18141
endured	18140
deportation	18139
denoted	18138
selectively	18137
popularize	18136
offending	18135
stressor	18134
atm	18133
hostages	18132
landowners	18131
exceedingly	18130
constructions	18129
killers	18128
creators	18127
ballroom	18126
eastward	18125
diagrams	18124
cadet	18123
conventionally	18122
extravagant	18121
subtly	18120
deplete	18119
screenwriter	18118
supersonic	18117
cakes	18116
ny	18115
musically	18114
altruism	18113
nomadic	18112
regimen	18111
unveiled	18110
rationality	18109
deluxe	18108
tick	18107
handicapped	18106
racially	18105
dismay	18104
powdered	18103
foray	18102
installing	18101
kurdish	18100
biotechnology	18099
pun	18098
wrapping	18097
barren	18096
scold	18095
harden	18094
sighting	18093
redirect	18092
longing	18091
necessitate	18090
absorbing	18089
centred	18088
zombie	18087
quebec	18086
showers	18085
bowel	18084
curricular	18083
ascending	18082
prowess	18081
unaffected	18080
thematic	18079
stricken	18078
nourish	18077
synthesizer	18076
pillars	18075
fills	18074
knockout	18073
minivan	18072
onions	18071
constrained	18070
ridicule	18069
festivity	18068
stamped	18067
lasers	18066
cosmetics	18065
disappears	18064
outlying	18063
bleachers	18062
sean	18061
swollen	18060
incandescent	18059
customized	18058
worms	18057
threatens	18056
labs	18055
reggae	18054
certificates	18053
harass	18052
austere	18051
bikini	18050
wickets	18049
owning	18048
latent	18047
rejoin	18046
dinosaurs	18045
insulate	18044
geologic	18043
awaiting	18042
pulmonary	18041
frown	18040
hippie	18039
misconception	18038
apprenticeship	18037
prototypes	18036
regained	18035
diverge	18034
relic	18033
straighten	18032
tomatoes	18031
explosions	18030
kickoff	18029
sarcastic	18028
apostolic	18027
nongovernmental	18026
haze	18025
gunshot	18024
executions	18023
sap	18022
intrigue	18021
disadvantages	18020
incurred	18019
seedling	18018
obscene	18017
millimeter	18016
weakest	18015
favors	18014
flamboyant	18013
chicks	18012
resultant	18011
townspeople	18010
millionaire	18009
amplify	18008
curly	18007
repository	18006
abuser	18005
raging	18004
pretext	18003
sac	18002
observational	18001
supplemental	18000
existential	17999
consolation	17998
projectile	17997
skeletal	17996
congregate	17995
disable	17994
knitting	17993
interchangeable	17992
wrongdoing	17991
gangs	17990
balk	17989
harp	17988
cruisers	17987
fencing	17986
thoughtfully	17985
righteousness	17984
visionary	17983
aquarium	17982
minimally	17981
profess	17980
tally	17979
contrasts	17978
preseason	17977
gram	17976
moons	17975
reunification	17974
fisher	17973
meteor	17972
sexes	17971
enthusiastically	17970
squirm	17969
physicists	17968
companionship	17967
dope	17966
pearls	17965
brutally	17964
intolerance	17963
sprig	17962
cohesion	17961
silt	17960
cathode	17959
cleavage	17958
contaminant	17957
youngster	17956
repel	17955
acre	17954
favorites	17953
validate	17952
jihad	17951
proficiency	17950
prevailed	17949
germans	17948
nominally	17947
zoom	17946
fabricate	17945
trance	17944
saturation	17943
mythological	17942
incremental	17941
feasibility	17940
surfing	17939
embryonic	17938
fascism	17937
labeling	17936
payoff	17935
flattened	17934
receipts	17933
casserole	17932
plagued	17931
themed	17930
freedoms	17929
outlines	17928
naturalistic	17927
sighted	17926
makeshift	17925
montreal	17924
peril	17923
multiplied	17922
regimes	17921
iodine	17920
wee	17919
cinematic	17918
violating	17917
droplet	17916
reddish	17915
discernible	17914
republics	17913
allegorical	17912
tedious	17911
beverages	17910
interrogate	17909
jeopardy	17908
miner	17907
compressor	17906
zucchini	17905
protracted	17904
eyewitness	17903
schema	17902
perpetrator	17901
refresh	17900
toddler	17899
kiln	17898
addictive	17897
headnote	17896
judgments	17895
viking	17894
digitally	17893
obliterate	17892
proposing	17891
bearer	17890
highlands	17889
dew	17888
detach	17887
strangely	17886
meld	17885
esoteric	17884
renal	17883
rick	17882
snore	17881
behold	17880
transforms	17879
pessimistic	17878
entrust	17877
hugely	17876
violinist	17875
cutback	17874
ordain	17873
barred	17872
unfit	17871
decisively	17870
perish	17869
wooded	17868
supplementary	17867
slides	17866
narrate	17865
dismantle	17864
taut	17863
exhaustive	17862
glisten	17861
taxable	17860
linguist	17859
speck	17858
zeal	17857
rex	17856
avail	17855
raven	17854
bosses	17853
troublesome	17852
chronological	17851
patchwork	17850
carol	17849
adept	17848
sacrificed	17847
unskilled	17846
flint	17845
coherence	17844
composing	17843
externally	17842
tattered	17841
chickens	17840
inconvenience	17839
pungent	17838
childless	17837
comrades	17836
amputation	17835
apps	17834
radios	17833
assemblies	17832
gracefully	17831
arizona	17830
unspecified	17829
frying	17828
kuwaiti	17827
captures	17826
framing	17825
unmanned	17824
libel	17823
expatriate	17822
possessing	17821
piercing	17820
liquidity	17819
gorilla	17818
iteration	17817
skirmish	17816
mouths	17815
victimization	17814
arrays	17813
festive	17812
lapse	17811
locus	17810
populist	17809
determinism	17808
fractured	17807
importer	17806
transforming	17805
aspirations	17804
cubicle	17803
glaciers	17802
imposition	17801
redundancy	17800
forearm	17799
reckon	17798
courtship	17797
wring	17796
abs	17795
bassist	17794
margarine	17793
blossom	17792
stroll	17791
deterrent	17790
veterinary	17789
edinburgh	17788
apr	17787
clauses	17786
hooked	17785
convex	17784
launcher	17783
snowy	17782
confirming	17781
misuse	17780
precarious	17779
diets	17778
revolver	17777
persisted	17776
confound	17775
debuted	17774
methodological	17773
ecosystems	17772
mundane	17771
aquifer	17770
concurrently	17769
fifa	17768
richness	17767
sticker	17766
explorers	17765
originality	17764
tavern	17763
fined	17762
augment	17761
repeats	17760
racket	17759
gen	17758
gi	17757
spew	17756
whereupon	17755
expands	17754
silhouette	17753
pineapple	17752
booklet	17751
agitation	17750
notoriously	17749
vulgar	17748
dumping	17747
delineate	17746
unison	17745
dosage	17744
aft	17743
blurred	17742
outing	17741
confiscate	17740
communicated	17739
misses	17738
detonation	17737
subsystem	17736
fictitious	17735
rafter	17734
seeker	17733
paradoxically	17732
puberty	17731
alienation	17730
presses	17729
humiliating	17728
prep	17727
encircle	17726
exploits	17725
telecom	17724
inflection	17723
kennedy	17722
commenting	17721
convened	17720
prefers	17719
retrieval	17718
alumni	17717
hesitant	17716
delicately	17715
landslide	17714
decorations	17713
northward	17712
psychologically	17711
monoxide	17710
ejected	17709
assassinate	17708
circulating	17707
rediscover	17706
picturesque	17705
speeding	17704
lincoln	17703
hairs	17702
downsize	17701
rumours	17700
triumphant	17699
ornate	17698
standardize	17697
bewildered	17696
headlines	17695
latency	17694
resurrect	17693
upscale	17692
whisky	17691
imprint	17690
clad	17689
intellectually	17688
penetrating	17687
businessmen	17686
verbally	17685
backfire	17684
optimize	17683
endowment	17682
quarrel	17681
nationalistic	17680
evenings	17679
modelling	17678
derail	17677
gestures	17676
sacrificial	17675
playback	17674
discounted	17673
antagonism	17672
turnaround	17671
della	17670
herbicide	17669
globular	17668
movable	17667
locking	17666
rhythms	17665
plurality	17664
treasures	17663
storefront	17662
sleepy	17661
deteriorating	17660
goats	17659
bribe	17658
anxiously	17657
tonic	17656
conductors	17655
prayed	17654
ounce	17653
impart	17652
watts	17651
adversely	17650
seduce	17649
monolithic	17648
schoolteacher	17647
paints	17646
apron	17645
recur	17644
umpire	17643
pronouncement	17642
puzzled	17641
turbo	17640
theorize	17639
declines	17638
ministries	17637
casually	17636
expend	17635
judaism	17634
radon	17633
bony	17632
chased	17631
stats	17630
dispel	17629
disposed	17628
spans	17627
condense	17626
circumference	17625
equatorial	17624
masonry	17623
witches	17622
eggplant	17621
erection	17620
upland	17619
hoax	17618
informative	17617
revere	17616
rarity	17615
motorway	17614
anthrax	17613
claws	17612
taunt	17611
thinner	17610
sorting	17609
impressions	17608
backstage	17607
lore	17606
readership	17605
envelop	17604
commemorative	17603
prematurely	17602
metamorphosis	17601
vancouver	17600
overstate	17599
preoccupied	17598
latex	17597
swath	17596
parasites	17595
refreshing	17594
futures	17593
publishes	17592
bombard	17591
multiplicity	17590
disapprove	17589
cultured	17588
reparation	17587
infusion	17586
extremes	17585
seam	17584
aaron	17583
yawn	17582
tying	17581
bunny	17580
journeys	17579
misfortune	17578
graphs	17577
albert	17576
dotted	17575
supplemented	17574
notified	17573
elegance	17572
rejecting	17571
souvenir	17570
alice	17569
interestingly	17568
stun	17567
salinity	17566
nautical	17565
guise	17564
brigades	17563
trusting	17562
coils	17561
namesake	17560
iconography	17559
mildly	17558
somatic	17557
punctuation	17556
trudge	17555
ecstasy	17554
au	17553
marina	17552
convertible	17551
czar	17550
translucent	17549
recourse	17548
anatomical	17547
barry	17546
fulfilling	17545
mentioning	17544
defection	17543
broadcasters	17542
smuggler	17541
bash	17540
hardness	17539
deficits	17538
authorship	17537
faucet	17536
battleship	17535
flick	17534
aerosol	17533
abbreviation	17532
unearth	17531
teddy	17530
funnel	17529
idealism	17528
propositions	17527
spreadsheet	17526
victimize	17525
collaborator	17524
shard	17523
sacrament	17522
avert	17521
havoc	17520
glean	17519
ridges	17518
troupe	17517
spun	17516
quantify	17515
prepares	17514
urges	17513
transporting	17512
synonym	17511
muster	17510
deficient	17509
contiguous	17508
confidentiality	17507
standardization	17506
cyclist	17505
wrapper	17504
etiquette	17503
agrarian	17502
fillet	17501
mega	17500
creditors	17499
assessing	17498
dwindle	17497
ivy	17496
unload	17495
midday	17494
retrieved	17493
bikes	17492
shortstop	17491
coats	17490
ambassadors	17489
spaced	17488
diego	17487
maize	17486
reacts	17485
operatic	17484
nafta	17483
omission	17482
lawsuits	17481
centimeter	17480
stealth	17479
disappearing	17478
neighbour	17477
instantaneous	17476
categorical	17475
hare	17474
weakly	17473
indistinguishable	17472
patriarch	17471
revolving	17470
forage	17469
ornament	17468
troll	17467
deliberation	17466
unqualified	17465
recruiter	17464
fanciful	17463
schematic	17462
handing	17461
wrestler	17460
sublime	17459
resorts	17458
booming	17457
entrepreneurial	17456
entrenched	17455
graham	17454
dramas	17453
foothill	17452
capacities	17451
roofs	17450
flop	17449
preclude	17448
brow	17447
contractual	17446
reds	17445
summarized	17444
vineyard	17443
visualize	17442
auditorium	17441
spire	17440
clothe	17439
characteristically	17438
richer	17437
manure	17436
twirl	17435
logistic	17434
overlooking	17433
coyote	17432
jug	17431
excessively	17430
backcountry	17429
shouted	17428
unintended	17427
grandparents	17426
underside	17425
broom	17424
paranoia	17423
entrusted	17422
gee	17421
publicized	17420
metropolis	17419
amorphous	17418
jon	17417
guessing	17416
bedside	17415
hectares	17414
prom	17413
stave	17412
sling	17411
nicotine	17410
morals	17409
clearer	17408
specialization	17407
exercising	17406
thermometer	17405
radiant	17404
superseded	17403
asbestos	17402
outfielder	17401
holiness	17400
diverted	17399
altering	17398
peg	17397
benevolent	17396
discriminatory	17395
diminutive	17394
visibly	17393
momentarily	17392
poorest	17391
scam	17390
cliffs	17389
projecting	17388
repercussion	17387
fallacy	17386
enthusiast	17385
excursion	17384
murray	17383
mussels	17382
currencies	17381
lodging	17380
occupant	17379
widening	17378
weary	17377
hotly	17376
wrinkled	17375
warns	17374
sociological	17373
bites	17372
fruitful	17371
poppy	17370
classmate	17369
predominate	17368
dislodge	17367
tropics	17366
kneel	17365
neurotransmitter	17364
thieves	17363
perry	17362
farmhouse	17361
attested	17360
filthy	17359
restrained	17358
choral	17357
deport	17356
stagnation	17355
historiography	17354
dweller	17353
astronauts	17352
mapped	17351
outfield	17350
weighs	17349
workday	17348
decoy	17347
humankind	17346
blare	17345
brandy	17344
gobble	17343
resilience	17342
grease	17341
jolt	17340
impede	17339
cheated	17338
landowner	17337
wield	17336
infrequently	17335
apostles	17334
shutdown	17333
intermediary	17332
insurrection	17331
sept	17330
tame	17329
internalize	17328
stimulated	17327
dopamine	17326
banning	17325
counteract	17324
fins	17323
sunni	17322
regulating	17321
cheerfully	17320
warranty	17319
ponytail	17318
dogma	17317
asymmetry	17316
synthesized	17315
inaccessible	17314
inflated	17313
timeless	17312
permitting	17311
sediments	17310
scouts	17309
rigidity	17308
presentations	17307
accentuate	17306
moth	17305
tequila	17304
locomotives	17303
remorse	17302
grimace	17301
exclamation	17300
petrol	17299
summons	17298
pane	17297
hum	17296
pots	17295
privatize	17294
dispersion	17293
pastel	17292
affirmation	17291
reasoned	17290
tendencies	17289
incur	17288
recollection	17287
gardener	17286
standoff	17285
thirteenth	17284
mod	17283
smother	17282
bulbs	17281
contraception	17280
pitches	17279
stairwell	17278
assessments	17277
tolerated	17276
leukemia	17275
favorably	17274
biosphere	17273
prosecuted	17272
concentric	17271
curator	17270
breathless	17269
debit	17268
hydroelectric	17267
vows	17266
flashing	17265
stutter	17264
payout	17263
glamorous	17262
numeral	17261
mysticism	17260
dialectic	17259
advisers	17258
swarm	17257
retract	17256
dampen	17255
slick	17254
telephones	17253
trafficker	17252
taped	17251
dragging	17250
rouse	17249
accordion	17248
binds	17247
residing	17246
relinquish	17245
augmented	17244
pens	17243
flatly	17242
weddings	17241
inquiries	17240
tremendously	17239
cannons	17238
rupture	17237
carcass	17236
scrub	17235
clandestine	17234
cramped	17233
weep	17232
intuitively	17231
stipulate	17230
nuns	17229
interpreting	17228
aspiring	17227
secretion	17226
seawater	17225
adhesive	17224
noodle	17223
booty	17222
refund	17221
fatalities	17220
perpetuate	17219
retribution	17218
annexed	17217
insofar	17216
unifying	17215
outweigh	17214
balloons	17213
shale	17212
centrist	17211
outstretched	17210
upheaval	17209
detecting	17208
rearview	17207
improperly	17206
reassure	17205
mulch	17204
helper	17203
futility	17202
quoting	17201
overdose	17200
drip	17199
plume	17198
deported	17197
gill	17196
preferential	17195
pristine	17194
antennas	17193
horsepower	17192
mediocre	17191
biomedical	17190
noises	17189
freezer	17188
nightly	17187
harmonica	17186
retrospect	17185
barbed	17184
er	17183
marginalize	17182
austerity	17181
berth	17180
inept	17179
rink	17178
experimented	17177
stereotypes	17176
hardwood	17175
patriarchal	17174
twisting	17173
dividends	17172
trappings	17171
thicket	17170
mushrooms	17169
legality	17168
correctness	17167
conceptualize	17166
cornerstone	17165
cessation	17164
sweatshirt	17163
untreated	17162
tumble	17161
enslaved	17160
construe	17159
robbed	17158
pivot	17157
jerry	17156
scoff	17155
throng	17154
baritone	17153
logos	17152
campfire	17151
predate	17150
examines	17149
cleric	17148
antigen	17147
fervor	17146
newcomer	17145
branching	17144
coronary	17143
veggie	17142
realist	17141
pitfall	17140
configured	17139
layered	17138
refrigeration	17137
arches	17136
applaud	17135
surrogate	17134
overtone	17133
pioneered	17132
revolutionize	17131
retarded	17130
hysterical	17129
quarantine	17128
disproportionate	17127
equate	17126
ooze	17125
fronts	17124
glider	17123
cavern	17122
palaces	17121
serbian	17120
rudder	17119
oncoming	17118
genital	17117
abstinence	17116
airflow	17115
stalled	17114
contributors	17113
dugout	17112
dictated	17111
spies	17110
pic	17109
sensational	17108
centrifugal	17107
spearhead	17106
basil	17105
hamstring	17104
spreads	17103
cascade	17102
secrete	17101
crippled	17100
mainline	17099
psychotic	17098
goggle	17097
redevelopment	17096
strands	17095
multiculturalism	17094
smack	17093
rattle	17092
sellers	17091
attest	17090
pubs	17089
scowl	17088
invaders	17087
dissemination	17086
colorless	17085
updating	17084
bristle	17083
matrices	17082
bloodshed	17081
offseason	17080
beware	17079
inconsistency	17078
shallot	17077
uptake	17076
ropes	17075
screened	17074
fused	17073
roy	17072
masking	17071
rainwater	17070
avoids	17069
axle	17068
decentralization	17067
adoptive	17066
lipstick	17065
comma	17064
authentication	17063
promotions	17062
splendor	17061
bulky	17060
improbable	17059
nocturnal	17058
gasp	17057
projector	17056
si	17055
inducted	17054
federalism	17053
artistry	17052
molasses	17051
balances	17050
shingle	17049
inconclusive	17048
handwritten	17047
advisors	17046
diagonally	17045
germ	17044
bombed	17043
spilled	17042
sympathize	17041
prophetic	17040
schism	17039
residues	17038
stillness	17037
sustenance	17036
climber	17035
sickly	17034
stratosphere	17033
schoolchild	17032
anecdote	17031
categorized	17030
alas	17029
conclusive	17028
contestants	17027
plywood	17026
distributing	17025
submerge	17024
volatility	17023
recoup	17022
consulate	17021
detailing	17020
glossy	17019
melodrama	17018
steamed	17017
payable	17016
scrape	17015
blister	17014
specificity	17013
envisioned	17012
institutionalize	17011
websites	17010
evasion	17009
advocating	17008
bedrock	17007
sputter	17006
spears	17005
saturate	17004
venom	17003
amphibious	17002
irresistible	17001
jut	17000
striker	16999
censor	16998
vibrations	16997
casinos	16996
goalkeeper	16995
abc	16994
contemplation	16993
mutiny	16992
allah	16991
greens	16990
peacekeeper	16989
vertex	16988
batman	16987
fortifications	16986
conceptually	16985
informs	16984
snatch	16983
tangent	16982
sliver	16981
negation	16980
conferred	16979
cans	16978
disarmament	16977
boar	16976
muted	16975
aggravated	16974
pigments	16973
disobedience	16972
swivel	16971
colder	16970
intimately	16969
incursion	16968
polymers	16967
carl	16966
sculpted	16965
predetermined	16964
subdivided	16963
humanism	16962
snare	16961
nanotechnology	16960
irrespective	16959
dime	16958
mahogany	16957
graphically	16956
checkpoint	16955
redefine	16954
rested	16953
cooper	16952
owes	16951
disband	16950
practicality	16949
danny	16948
simulations	16947
nighttime	16946
heady	16945
altruistic	16944
bottleneck	16943
bookshelf	16942
yogurt	16941
decompose	16940
unfavorable	16939
predictive	16938
skater	16937
disrupted	16936
revisionist	16935
panda	16934
bulldozer	16933
rag	16932
contrasted	16931
scholarships	16930
rehabilitate	16929
novella	16928
incest	16927
gulp	16926
hips	16925
danced	16924
deregulation	16923
countdown	16922
respiration	16921
presumption	16920
devaluation	16919
fa	16918
technologically	16917
lax	16916
crackdown	16915
bursts	16914
waiver	16913
fi	16912
youths	16911
detectors	16910
honourable	16909
reverence	16908
softer	16907
smear	16906
journalistic	16905
spool	16904
surgeons	16903
predatory	16902
bowls	16901
brute	16900
ovary	16899
delve	16898
invocation	16897
precautions	16896
handcuff	16895
maturation	16894
groundbreaking	16893
memorize	16892
centrally	16891
solicitor	16890
vocalist	16889
legislators	16888
inhibition	16887
leo	16886
ephemeral	16885
unavoidable	16884
galley	16883
hypnotic	16882
hybrids	16881
puree	16880
workload	16879
catfish	16878
fuller	16877
frigid	16876
emigrated	16875
moore	16874
landings	16873
oct	16872
alterations	16871
erupted	16870
jig	16869
credentials	16868
handgun	16867
ecologist	16866
axial	16865
forcefully	16864
recitation	16863
personalized	16862
insistent	16861
exemplary	16860
insomnia	16859
gush	16858
intermittently	16857
wildflower	16856
hoc	16855
summarize	16854
practised	16853
compliant	16852
penicillin	16851
biochemical	16850
kimono	16849
nibble	16848
psychedelic	16847
astonishment	16846
evidenced	16845
topping	16844
majors	16843
oddly	16842
vogue	16841
firepower	16840
abandoning	16839
cumbersome	16838
incidental	16837
splits	16836
obscurity	16835
sanctioned	16834
barricade	16833
taint	16832
whaling	16831
purposely	16830
taxed	16829
reigning	16828
trample	16827
gelatin	16826
glaze	16825
ensued	16824
ron	16823
rut	16822
progresses	16821
hairy	16820
insensitive	16819
purported	16818
fieldwork	16817
disarm	16816
captains	16815
transatlantic	16814
invites	16813
rummage	16812
finn	16811
diner	16810
microbial	16809
religiously	16808
doze	16807
props	16806
dues	16805
phrasing	16804
stewart	16803
ascension	16802
penalize	16801
cozy	16800
adamant	16799
ted	16798
destabilize	16797
flea	16796
limp	16795
waitress	16794
terry	16793
triangles	16792
thompson	16791
aristocrat	16790
varnish	16789
barrage	16788
widowed	16787
monstrous	16786
insurer	16785
shady	16784
obligate	16783
tattoos	16782
gamut	16781
admirable	16780
fellows	16779
mined	16778
catalytic	16777
proverb	16776
filtered	16775
felon	16774
thirsty	16773
recurrence	16772
recoil	16771
beak	16770
proficient	16769
flipping	16768
mailbox	16767
volunteered	16766
realms	16765
emergent	16764
sanity	16763
migratory	16762
clashes	16761
purport	16760
aloof	16759
actuality	16758
socialists	16757
corroborate	16756
entourage	16755
eyesight	16754
adams	16753
slightest	16752
crunch	16751
nationalists	16750
deposed	16749
tasked	16748
intestinal	16747
tagged	16746
impatience	16745
distinguishes	16744
narrower	16743
remodel	16742
outcry	16741
vegan	16740
censored	16739
habitation	16738
roadblock	16737
originates	16736
dialog	16735
gymnastics	16734
motorized	16733
spiritually	16732
coerce	16731
eyepiece	16730
vaccines	16729
concise	16728
cumin	16727
ballots	16726
casket	16725
drafts	16724
terrorize	16723
unprepared	16722
firefighter	16721
blot	16720
unanswered	16719
frogs	16718
sleeves	16717
ethnically	16716
wreak	16715
midpoint	16714
coincided	16713
ascii	16712
serotonin	16711
counterattack	16710
forceful	16709
oar	16708
domestically	16707
implements	16706
examiner	16705
integrating	16704
mismatch	16703
bracelet	16702
scant	16701
defunct	16700
polluted	16699
roadway	16698
kicker	16697
classrooms	16696
warship	16695
entrepreneurship	16694
soot	16693
navigational	16692
posthumous	16691
oblique	16690
smashing	16689
recapture	16688
throughput	16687
bustling	16686
selections	16685
estranged	16684
credence	16683
worldview	16682
inflow	16681
publicist	16680
creations	16679
subvert	16678
shaved	16677
halves	16676
iq	16675
exponentially	16674
aerobic	16673
asymmetrical	16672
wad	16671
reforming	16670
virtuous	16669
rehab	16668
stately	16667
waterway	16666
impartial	16665
unitary	16664
penchant	16663
songwriting	16662
empower	16661
staggering	16660
quicken	16659
abnormality	16658
doctrines	16657
abduct	16656
blizzard	16655
hamper	16654
unpack	16653
maneuvering	16652
unheard	16651
kansas	16650
depress	16649
undefeated	16648
brackets	16647
taxpayers	16646
furnishings	16645
removable	16644
lengthen	16643
helmets	16642
soaring	16641
elevations	16640
elective	16639
acquisitions	16638
tablecloth	16637
phased	16636
margaret	16635
relics	16634
enactment	16633
delightful	16632
almighty	16631
liter	16630
mi	16629
categorization	16628
teeter	16627
gems	16626
seniors	16625
stroller	16624
winged	16623
diversification	16622
richly	16621
hypertension	16620
crackle	16619
universality	16618
orbiter	16617
organisations	16616
garner	16615
subversive	16614
steward	16613
cues	16612
attrition	16611
parchment	16610
chuckle	16609
readable	16608
sincerity	16607
rein	16606
translating	16605
laity	16604
pretense	16603
usher	16602
ballpark	16601
collects	16600
utilitarian	16599
hampered	16598
bulge	16597
edict	16596
enraged	16595
tyrant	16594
motifs	16593
antiquated	16592
quiver	16591
adherents	16590
fonts	16589
shatter	16588
eccentricity	16587
briskly	16586
censure	16585
slug	16584
rangers	16583
gatherings	16582
amenable	16581
californian	16580
prelude	16579
nigger	16578
medically	16577
pretest	16576
melodies	16575
kisses	16574
lettering	16573
monarchs	16572
brilliance	16571
influencing	16570
subsidized	16569
microorganism	16568
lender	16567
modifying	16566
consequent	16565
sporadically	16564
dispense	16563
affectionately	16562
sniff	16561
expiration	16560
soloist	16559
intruder	16558
kidneys	16557
counterproductive	16556
parse	16555
prerequisite	16554
legitimize	16553
pedestal	16552
unambiguous	16551
conducive	16550
juncture	16549
vista	16548
proverbs	16547
pike	16546
vanguard	16545
recast	16544
chilling	16543
definitively	16542
protons	16541
clinically	16540
electors	16539
emerald	16538
tombs	16537
acquitted	16536
headphone	16535
synchronize	16534
caretaker	16533
deacon	16532
sufferer	16531
spiders	16530
overload	16529
invoked	16528
distressed	16527
diplomats	16526
refute	16525
requisite	16524
cyclists	16523
fatally	16522
stormy	16521
hamlet	16520
sparks	16519
intertwine	16518
chronicles	16517
anesthesia	16516
cores	16515
stipend	16514
pilgrims	16513
admirer	16512
suction	16511
insulated	16510
virtuoso	16509
frail	16508
congruent	16507
interrelated	16506
figurative	16505
accusing	16504
linger	16503
transports	16502
hitherto	16501
recycle	16500
malfunction	16499
cohesive	16498
chaplain	16497
hailed	16496
plop	16495
hinge	16494
specialised	16493
circumvent	16492
stylish	16491
divisional	16490
folly	16489
bows	16488
puffy	16487
butterflies	16486
stepfather	16485
animosity	16484
holocaust	16483
tongues	16482
rescuer	16481
dunes	16480
embodiment	16479
photosynthesis	16478
reprisal	16477
subtitle	16476
squadron	16475
reuse	16474
tempt	16473
spirited	16472
steamer	16471
unrestricted	16470
ultimatum	16469
ripen	16468
spins	16467
ecumenical	16466
adore	16465
membranes	16464
southward	16463
parochial	16462
stench	16461
impacted	16460
seizures	16459
fiat	16458
upgrading	16457
cursed	16456
prosthesis	16455
fungal	16454
oregano	16453
crutch	16452
arteries	16451
rigorously	16450
nonexistent	16449
intern	16448
tearing	16447
anomalous	16446
dismal	16445
pleaded	16444
planter	16443
comrade	16442
transmissions	16441
clans	16440
counterpoint	16439
probabilities	16438
lays	16437
padded	16436
instructive	16435
eroded	16434
holistic	16433
karate	16432
heartbeat	16431
clap	16430
rabbis	16429
horrified	16428
freighter	16427
apprehend	16426
haircut	16425
stout	16424
repressed	16423
chaired	16422
thinkers	16421
worrisome	16420
acrylic	16419
nomenclature	16418
urinary	16417
fennel	16416
nave	16415
assorted	16414
decry	16413
unprotected	16412
robber	16411
correlated	16410
papacy	16409
inhibitor	16408
prism	16407
hilly	16406
stimuli	16405
peddle	16404
looting	16403
fm	16402
fastball	16401
pioneers	16400
gal	16399
tack	16398
solstice	16397
ecstatic	16396
din	16395
fortification	16394
easel	16393
vertebrate	16392
summed	16391
disappoint	16390
browse	16389
submitting	16388
congratulate	16387
rustic	16386
indices	16385
salient	16384
vocation	16383
languish	16382
harvard	16381
royalties	16380
banjo	16379
tides	16378
deformation	16377
affectionate	16376
hitler	16375
revered	16374
fearsome	16373
grandchildren	16372
technicians	16371
predictably	16370
cyanide	16369
reactionary	16368
overboard	16367
trustworthy	16366
bask	16365
epistemology	16364
excavated	16363
airwaves	16362
shaman	16361
hooks	16360
analyse	16359
arterial	16358
manifold	16357
pictorial	16356
lubricant	16355
fifteenth	16354
squander	16353
rotational	16352
lynch	16351
suggestive	16350
uniqueness	16349
cipher	16348
burgeoning	16347
musket	16346
li	16345
departing	16344
influenza	16343
marvelous	16342
spasm	16341
purportedly	16340
leaks	16339
papa	16338
bidder	16337
malt	16336
discontinue	16335
rocker	16334
spurious	16333
lexicon	16332
rightful	16331
impurities	16330
remedies	16329
addicted	16328
appliances	16327
streamlined	16326
caress	16325
mario	16324
stitches	16323
encrypted	16322
quark	16321
inadequacy	16320
slew	16319
scaled	16318
bearded	16317
dictionaries	16316
automobiles	16315
dissident	16314
bluegrass	16313
gala	16312
foreseeable	16311
phonological	16310
reopened	16309
dimly	16308
monochrome	16307
tempting	16306
pennsylvania	16305
tore	16304
dominating	16303
announcements	16302
streetcar	16301
wicker	16300
magistrates	16299
shelves	16298
bonded	16297
wager	16296
conceded	16295
mystic	16294
popcorn	16293
squeal	16292
chilled	16291
pierre	16290
biologically	16289
impossibility	16288
individuality	16287
cheekbone	16286
feeder	16285
francs	16284
afforded	16283
scriptures	16282
pathologist	16281
radicals	16280
hobble	16279
dreamed	16278
fats	16277
impatiently	16276
disturbances	16275
decentralized	16274
attainment	16273
ponder	16272
peek	16271
dribble	16270
markup	16269
grading	16268
cyclic	16267
commemoration	16266
edifice	16265
armenian	16264
brightest	16263
controversies	16262
appalling	16261
antithesis	16260
rabbits	16259
weaver	16258
fatality	16257
dorsal	16256
justices	16255
fundamentalism	16254
flashlight	16253
towering	16252
importation	16251
simplistic	16250
trough	16249
malnutrition	16248
indulge	16247
adventurous	16246
scrimmage	16245
aptly	16244
entanglement	16243
indeterminate	16242
chronicler	16241
susan	16240
affidavit	16239
enlargement	16238
sacramental	16237
acknowledgement	16236
peroxide	16235
apologetic	16234
candlelight	16233
bedding	16232
sonnet	16231
disagreements	16230
outnumbered	16229
repressive	16228
mesmerize	16227
dissection	16226
assent	16225
giftedness	16224
shipments	16223
unmarked	16222
conceivable	16221
constants	16220
grounding	16219
shelters	16218
preschooler	16217
fourteenth	16216
shorthand	16215
soprano	16214
closeness	16213
spontaneity	16212
acculturation	16211
baffle	16210
diaries	16209
fundamentalist	16208
condensation	16207
nudity	16206
celebrates	16205
acknowledges	16204
naughty	16203
rigidly	16202
neutralize	16201
propensity	16200
facet	16199
lug	16198
beasts	16197
daisy	16196
humanist	16195
methodist	16194
intonation	16193
culminating	16192
objectionable	16191
magnetism	16190
wallpaper	16189
coarsely	16188
concerted	16187
heroism	16186
depressive	16185
mirrored	16184
futuristic	16183
befriend	16182
semen	16181
childish	16180
leased	16179
ardent	16178
moonlight	16177
eloquent	16176
professions	16175
resilient	16174
squid	16173
barbara	16172
archetype	16171
protrude	16170
bobby	16169
walled	16168
degenerate	16167
objectively	16166
residences	16165
preserves	16164
patrols	16163
optimist	16162
doorbell	16161
insulating	16160
baths	16159
crumple	16158
duality	16157
flourishing	16156
mammalian	16155
wards	16154
differentiated	16153
guidebook	16152
kosher	16151
campbell	16150
resolving	16149
accessing	16148
conquering	16147
botanist	16146
exhale	16145
offline	16144
nests	16143
flatter	16142
fibrous	16141
totalitarian	16140
sectarian	16139
stub	16138
porous	16137
concentrating	16136
scars	16135
passports	16134
faculties	16133
fend	16132
restricting	16131
submissions	16130
abolitionist	16129
reincarnation	16128
bliss	16127
crystallize	16126
gingerly	16125
psychotherapy	16124
uniformity	16123
extraterrestrial	16122
exerted	16121
materialism	16120
uncontrolled	16119
gnp	16118
enhancing	16117
unfairly	16116
delusion	16115
waft	16114
pellet	16113
cultivar	16112
dissect	16111
angered	16110
planners	16109
loosen	16108
culmination	16107
asparagus	16106
agile	16105
portrays	16104
photographers	16103
waning	16102
orally	16101
rout	16100
correspondingly	16099
dominates	16098
entertained	16097
modernism	16096
redwood	16095
ref	16094
fantasize	16093
douglas	16092
eliminates	16091
waterproof	16090
branding	16089
tether	16088
medalist	16087
milky	16086
antagonist	16085
fertilization	16084
villains	16083
picker	16082
mocking	16081
pathological	16080
allure	16079
keyword	16078
unruly	16077
alaskan	16076
untrue	16075
overturned	16074
emphasizing	16073
eschew	16072
detectable	16071
ethos	16070
superstition	16069
greg	16068
cosmopolitan	16067
periodical	16066
attackers	16065
wither	16064
professionalism	16063
reimburse	16062
lofty	16061
consecrated	16060
reigned	16059
hiv	16058
ignores	16057
screech	16056
elites	16055
foundational	16054
juan	16053
pregame	16052
totality	16051
kayak	16050
comforting	16049
inaugurate	16048
mania	16047
peat	16046
adversarial	16045
dignified	16044
rendezvous	16043
fruitless	16042
meticulously	16041
stat	16040
utopian	16039
passively	16038
perpetrate	16037
laps	16036
wag	16035
penguins	16034
crafted	16033
familial	16032
aria	16031
classically	16030
nelson	16029
laurel	16028
harshly	16027
intensify	16026
conveyed	16025
rationalize	16024
baseman	16023
sinful	16022
shootout	16021
oliver	16020
prompting	16019
amplifiers	16018
parasitic	16017
visualization	16016
tamper	16015
deathbed	16014
cancers	16013
deceptive	16012
dismantled	16011
outflow	16010
engagements	16009
meteorological	16008
tapestry	16007
stratum	16006
boxed	16005
bribery	16004
vinaigrette	16003
anaerobic	16002
savior	16001
simmer	16000
oats	15999
shuffling	15998
skillet	15997
patio	15996
occupations	15995
dispersal	15994
pulley	15993
noodles	15992
dogmatic	15991
attendee	15990
encroachment	15989
syndicate	15988
evergreen	15987
loaf	15986
explanatory	15985
bystander	15984
monologue	15983
pinned	15982
admissions	15981
entitlement	15980
carbonate	15979
mitigation	15978
insured	15977
stiffness	15976
vibe	15975
formative	15974
specifying	15973
militants	15972
birch	15971
tunic	15970
forecasts	15969
mixtures	15968
hawaiian	15967
fledgling	15966
inanimate	15965
yielding	15964
dorm	15963
incompetence	15962
faithfully	15961
cuff	15960
dungeon	15959
steven	15958
structurally	15957
torment	15956
tint	15955
escalating	15954
fueled	15953
conceivably	15952
fundraising	15951
swings	15950
roofing	15949
disqualify	15948
anew	15947
firstly	15946
bicycles	15945
anchored	15944
seeming	15943
snug	15942
moderator	15941
passionately	15940
spawned	15939
serviceman	15938
affirmed	15937
nonstick	15936
uploaded	15935
conservationist	15934
fodder	15933
postoperative	15932
councillors	15931
securely	15930
anonymously	15929
mangrove	15928
sanitary	15927
susceptibility	15926
conditioned	15925
toad	15924
ravage	15923
hymns	15922
jaguar	15921
handshake	15920
dyes	15919
psi	15918
swerve	15917
wrestle	15916
muffled	15915
typed	15914
shin	15913
wreath	15912
rusher	15911
trolley	15910
fiddle	15909
curling	15908
binder	15907
dialectical	15906
acknowledgment	15905
particulate	15904
ac	15903
handmade	15902
autocratic	15901
steeply	15900
accents	15899
patterned	15898
retaliate	15897
ingenious	15896
insure	15895
jewels	15894
ferocious	15893
ascetic	15892
mixes	15891
puzzles	15890
sedan	15889
sculpt	15888
seclusion	15887
acupuncture	15886
momentary	15885
enforcing	15884
artichoke	15883
interceptions	15882
orchard	15881
clamor	15880
jurisprudence	15879
precaution	15878
constructs	15877
menopause	15876
pervade	15875
instill	15874
manageable	15873
masculinity	15872
discounts	15871
archaeologists	15870
shrill	15869
fixtures	15868
antagonistic	15867
snacks	15866
academically	15865
aesthetically	15864
relegated	15863
paragraphs	15862
barbarian	15861
suspiciously	15860
totals	15859
facilitator	15858
prolong	15857
infiltrate	15856
piping	15855
budding	15854
laborers	15853
lapel	15852
suspense	15851
seasoning	15850
triplet	15849
tuxedo	15848
fling	15847
buddhism	15846
unimaginable	15845
exits	15844
unimportant	15843
windfall	15842
archetypal	15841
halting	15840
rubbish	15839
fixation	15838
zebra	15837
dec	15836
devotee	15835
stinging	15834
disconnected	15833
pinnacle	15832
asteroids	15831
battleground	15830
epilepsy	15829
folds	15828
supplant	15827
implicated	15826
finnish	15825
policemen	15824
coloration	15823
mammogram	15822
occupants	15821
forgiven	15820
startup	15819
percentages	15818
ashtray	15817
vines	15816
legions	15815
fasting	15814
handout	15813
modulate	15812
reindeer	15811
hangs	15810
dichotomy	15809
mucus	15808
deconstruction	15807
gallop	15806
billed	15805
incarceration	15804
inequity	15803
resides	15802
estuary	15801
intravenous	15800
evans	15799
progeny	15798
brethren	15797
apocalyptic	15796
reap	15795
bloodstream	15794
morgue	15793
triggers	15792
sill	15791
menstrual	15790
festivities	15789
housekeeper	15788
sugars	15787
hen	15786
fbi	15785
apprehension	15784
conductivity	15783
avenge	15782
dart	15781
mite	15780
comedies	15779
organizers	15778
interdependence	15777
cunning	15776
basins	15775
biceps	15774
ipod	15773
receptions	15772
repentance	15771
outs	15770
atrocities	15769
predicting	15768
resent	15767
fret	15766
causation	15765
passwords	15764
outburst	15763
scouting	15762
pelvic	15761
quirk	15760
steaming	15759
warmly	15758
normalization	15757
vitamins	15756
luster	15755
antler	15754
subtract	15753
sampled	15752
denominator	15751
spaghetti	15750
gaza	15749
bluntly	15748
decaying	15747
agitate	15746
subcommittee	15745
assaults	15744
tumors	15743
insisting	15742
volcanoes	15741
marxist	15740
accrue	15739
chromium	15738
delinquency	15737
tapping	15736
solemnly	15735
propellant	15734
stacks	15733
dent	15732
dissimilar	15731
echoes	15730
clarified	15729
marginally	15728
jeep	15727
indiana	15726
buffet	15725
astonished	15724
campground	15723
enclave	15722
martyrdom	15721
uncompromising	15720
saliva	15719
colombian	15718
counterterrorism	15717
plotting	15716
mormon	15715
airtight	15714
hustle	15713
browsers	15712
consultants	15711
vignette	15710
warrants	15709
labyrinth	15708
redshift	15707
junta	15706
vividly	15705
litany	15704
gladly	15703
organise	15702
apiece	15701
gull	15700
dualism	15699
laura	15698
objectivity	15697
sensual	15696
polarize	15695
punishing	15694
grating	15693
revolutions	15692
intrusive	15691
reborn	15690
lisa	15689
sew	15688
depose	15687
lesbians	15686
lt	15685
cinemas	15684
tents	15683
mercenary	15682
mourn	15681
undress	15680
espresso	15679
exploratory	15678
drones	15677
lovingly	15676
collapsing	15675
exude	15674
sled	15673
magenta	15672
massachusetts	15671
biopsy	15670
cowardice	15669
citizenry	15668
wares	15667
conducts	15666
patriot	15665
annihilate	15664
rind	15663
mischief	15662
heyday	15661
particulars	15660
mitchell	15659
downloads	15658
persecuted	15657
kitten	15656
hotter	15655
mps	15654
exacting	15653
commercialization	15652
civility	15651
regulators	15650
sexism	15649
overrule	15648
itinerant	15647
starboard	15646
earmark	15645
cedar	15644
agility	15643
aerobics	15642
crisscross	15641
protesting	15640
burnout	15639
harmonious	15638
infidelity	15637
proliferate	15636
appease	15635
steppe	15634
pentagon	15633
pertain	15632
parker	15631
amateurs	15630
condoms	15629
preferring	15628
corona	15627
cadence	15626
wrought	15625
onslaught	15624
begged	15623
disgruntled	15622
erroneously	15621
underdeveloped	15620
mammoth	15619
quintessential	15618
forbidding	15617
impossibly	15616
devotional	15615
rename	15614
stamina	15613
grimly	15612
corrupted	15611
tentatively	15610
exaggeration	15609
culminated	15608
medial	15607
hijacker	15606
innumerable	15605
flourished	15604
presiding	15603
conglomerate	15602
electrodes	15601
divisive	15600
queensland	15599
oversized	15598
bouncing	15597
paralyzed	15596
posterity	15595
tg	15594
ferries	15593
melancholy	15592
timid	15591
squeak	15590
empires	15589
garments	15588
jailed	15587
needless	15586
conclusively	15585
diabetic	15584
elk	15583
cartilage	15582
assaulted	15581
parlance	15580
consternation	15579
skyscraper	15578
oops	15577
camaraderie	15576
conscientious	15575
temp	15574
gears	15573
panelist	15572
boasts	15571
miscarriage	15570
booze	15569
tory	15568
bourgeoisie	15567
degraded	15566
naturalist	15565
bowler	15564
rusty	15563
bellow	15562
affiliates	15561
frivolous	15560
dynamite	15559
observes	15558
authorised	15557
optimized	15556
boutique	15555
stow	15554
reliever	15553
circumcision	15552
reread	15551
darkened	15550
prickly	15549
unsalted	15548
overpower	15547
comp	15546
deliveries	15545
undeveloped	15544
elaborately	15543
suffix	15542
delicacy	15541
repealed	15540
vi	15539
slay	15538
revelations	15537
crossings	15536
wisely	15535
scathing	15534
karaoke	15533
drumming	15532
gorge	15531
intervened	15530
snarl	15529
symbiotic	15528
secretive	15527
treacherous	15526
dumbbell	15525
customize	15524
misunderstood	15523
compensated	15522
engrave	15521
annihilation	15520
sentiments	15519
wry	15518
swallowed	15517
glare	15516
timbre	15515
countryman	15514
faraway	15513
spaceship	15512
functionally	15511
tango	15510
cheaply	15509
pursuant	15508
flaming	15507
preschool	15506
undue	15505
destitute	15504
forts	15503
flammable	15502
feces	15501
budgetary	15500
groundwork	15499
dehydration	15498
corpses	15497
brim	15496
hooker	15495
spindle	15494
inflationary	15493
ligament	15492
molding	15491
evict	15490
staunch	15489
trenches	15488
crayon	15487
gondola	15486
swore	15485
prognosis	15484
pear	15483
illustrator	15482
sucker	15481
deformed	15480
spinach	15479
incidentally	15478
handlebar	15477
empowered	15476
salted	15475
antecedent	15474
passions	15473
christopher	15472
everlasting	15471
wearer	15470
offenses	15469
horseman	15468
vomiting	15467
transpire	15466
healthier	15465
shellfish	15464
swastika	15463
informing	15462
calves	15461
snowflake	15460
extremist	15459
routed	15458
obituary	15457
contextual	15456
exuberant	15455
disproportionately	15454
scuba	15453
watchful	15452
exertion	15451
dolls	15450
impedance	15449
incoherent	15448
lymph	15447
cellphone	15446
segregate	15445
enmity	15444
sadden	15443
bonuses	15442
vandalism	15441
slipping	15440
aquaculture	15439
palate	15438
fabrics	15437
juxtaposition	15436
headquartered	15435
cyclone	15434
compost	15433
bolts	15432
wok	15431
gigs	15430
hemp	15429
steals	15428
magnets	15427
workable	15426
springboard	15425
pedagogy	15424
appalachian	15423
shovel	15422
counters	15421
concoct	15420
petitions	15419
emma	15418
capped	15417
scallop	15416
ep	15415
tracing	15414
scans	15413
fateful	15412
spores	15411
condo	15410
secede	15409
agonizing	15408
cones	15407
unsatisfactory	15406
untenable	15405
urbanization	15404
unwieldy	15403
voyages	15402
debtor	15401
constitutionality	15400
forgery	15399
adjunct	15398
blending	15397
anecdotal	15396
classifications	15395
admonish	15394
amnesia	15393
fuss	15392
passageway	15391
posthumously	15390
dazzle	15389
leaking	15388
hamburger	15387
multivariate	15386
supervisory	15385
memorabilia	15384
fred	15383
prostitutes	15382
airplanes	15381
fluctuating	15380
commentaries	15379
reptile	15378
skyrocket	15377
healthful	15376
gangster	15375
marinade	15374
bans	15373
impediment	15372
amused	15371
midwife	15370
tentacle	15369
unwritten	15368
outpatient	15367
illinois	15366
billow	15365
coaster	15364
healed	15363
uninterrupted	15362
dread	15361
thunderstorm	15360
uphill	15359
detractor	15358
scriptural	15357
trainers	15356
decrees	15355
exhausting	15354
ken	15353
unchallenged	15352
defuse	15351
rationing	15350
artistically	15349
kg	15348
jargon	15347
oxides	15346
reliant	15345
divination	15344
khan	15343
muse	15342
gastrointestinal	15341
manifesto	15340
illiteracy	15339
excitedly	15338
hypnosis	15337
anthropological	15336
incarcerate	15335
baltic	15334
unorthodox	15333
reptiles	15332
restraining	15331
revolutionaries	15330
veracity	15329
dine	15328
finalize	15327
pointers	15326
untrained	15325
highs	15324
defamation	15323
holly	15322
willow	15321
hunk	15320
disintegration	15319
incision	15318
mo	15317
hangar	15316
cooperating	15315
orator	15314
epitomize	15313
internship	15312
boldly	15311
conduit	15310
blankets	15309
vehemently	15308
collage	15307
fruition	15306
surgically	15305
filtration	15304
reviewers	15303
argentine	15302
nonviolent	15301
slices	15300
tarp	15299
blaming	15298
tenderness	15297
unnecessarily	15296
filler	15295
mercenaries	15294
creak	15293
superconducting	15292
waits	15291
interplay	15290
pounce	15289
primal	15288
potency	15287
glimmer	15286
arisen	15285
clones	15284
unwillingness	15283
conserved	15282
constitutionally	15281
narratives	15280
moody	15279
overtly	15278
minors	15277
premiership	15276
embodied	15275
transgression	15274
pancreas	15273
cobalt	15272
rigging	15271
surrounds	15270
gunner	15269
moratorium	15268
footwear	15267
bearings	15266
suffocate	15265
henceforth	15264
escalation	15263
suitor	15262
stagnant	15261
helplessly	15260
rye	15259
tantrum	15258
spruce	15257
keynote	15256
cheering	15255
tasting	15254
hallucination	15253
unexplained	15252
grievances	15251
lastly	15250
nexus	15249
hurtle	15248
astonish	15247
wills	15246
presbyterian	15245
constituencies	15244
blueprint	15243
flickering	15242
meticulous	15241
captor	15240
inquire	15239
gallons	15238
slaughtered	15237
irregularity	15236
puff	15235
aloft	15234
dwellings	15233
excavations	15232
arrivals	15231
hindsight	15230
biographies	15229
inhalation	15228
sane	15227
placid	15226
robinson	15225
gravitate	15224
contending	15223
murdering	15222
eroding	15221
bookcase	15220
sailboat	15219
derogatory	15218
sunken	15217
samuel	15216
pressured	15215
tubular	15214
cannibalism	15213
accuser	15212
queries	15211
blouse	15210
centennial	15209
interfering	15208
golfer	15207
guardians	15206
thrilled	15205
undermined	15204
franchises	15203
forgo	15202
bosnian	15201
workstation	15200
dizzying	15199
connectors	15198
summation	15197
brochure	15196
tossed	15195
incendiary	15194
redistribution	15193
malignant	15192
modesty	15191
reverberate	15190
islanders	15189
priestly	15188
steroid	15187
timed	15186
bumpy	15185
boulevard	15184
bartender	15183
stepmother	15182
embellish	15181
downloading	15180
situational	15179
fragmentary	15178
infiltration	15177
steamy	15176
slowdown	15175
reintroduce	15174
propane	15173
hog	15172
instincts	15171
lacrosse	15170
vip	15169
nonproliferation	15168
substitutes	15167
fractions	15166
wagons	15165
procure	15164
shank	15163
herds	15162
sucking	15161
unnerve	15160
vacate	15159
experimenting	15158
soggy	15157
turquoise	15156
parting	15155
jackets	15154
mallet	15153
losers	15152
manifested	15151
outsiders	15150
va	15149
covet	15148
tracts	15147
caregiver	15146
sweetly	15145
entails	15144
dryer	15143
underwrite	15142
unlocked	15141
exacerbated	15140
airway	15139
gnaw	15138
aspire	15137
preached	15136
fleets	15135
fences	15134
sustaining	15133
agitated	15132
wakes	15131
acknowledging	15130
recess	15129
gridlock	15128
cheeks	15127
femininity	15126
distillation	15125
shocks	15124
pocketbook	15123
manly	15122
footsteps	15121
simmering	15120
hurdle	15119
exhilarating	15118
jaws	15117
biochemistry	15116
loathe	15115
transistors	15114
embarrass	15113
humanistic	15112
pantheon	15111
brooklyn	15110
charisma	15109
refinance	15108
oasis	15107
forerunner	15106
fragrance	15105
kilogram	15104
wobble	15103
hourly	15102
clamber	15101
hardcover	15100
shortcomings	15099
duplication	15098
unchanging	15097
posttest	15096
fresco	15095
supercomputer	15094
deviate	15093
craze	15092
superficially	15091
eloquence	15090
sweetener	15089
logger	15088
gymnasium	15087
charlotte	15086
utensil	15085
juicy	15084
accretion	15083
honk	15082
uterine	15081
angled	15080
substantiate	15079
researched	15078
jolly	15077
heretic	15076
empowerment	15075
cole	15074
waterways	15073
posing	15072
versatility	15071
countertop	15070
notoriety	15069
innermost	15068
occupancy	15067
momentous	15066
shack	15065
heavyweight	15064
fluctuate	15063
unilaterally	15062
appall	15061
breakout	15060
occurrences	15059
joystick	15058
sandwiches	15057
documentaries	15056
arson	15055
urn	15054
individualized	15053
acquainted	15052
highlighting	15051
sweetie	15050
prohibits	15049
captivate	15048
kangaroo	15047
roasting	15046
immobile	15045
palms	15044
archival	15043
miscellaneous	15042
stucco	15041
uninterested	15040
hasty	15039
theologians	15038
orbiting	15037
rinse	15036
adherent	15035
patiently	15034
checkup	15033
reacting	15032
sinus	15031
belle	15030
intercontinental	15029
discretionary	15028
amazingly	15027
embroidered	15026
casts	15025
numerals	15024
pointedly	15023
perjury	15022
colourful	15021
raining	15020
oftentimes	15019
oratory	15018
unbroken	15017
keel	15016
stoke	15015
sloppy	15014
catapult	15013
raided	15012
skewer	15011
buttocks	15010
scuttle	15009
impasse	15008
doe	15007
sobering	15006
headaches	15005
grotesque	15004
incense	15003
feb	15002
overcoat	15001
saline	15000
vie	14999
coveted	14998
anova	14997
perished	14996
pup	14995
parmesan	14994
decipher	14993
redress	14992
uncomfortably	14991
beleaguered	14990
primate	14989
irritated	14988
franklin	14987
mourner	14986
atheism	14985
coercive	14984
helen	14983
complexion	14982
sneer	14981
outperform	14980
parsley	14979
wink	14978
occult	14977
caricature	14976
ineligible	14975
intensively	14974
coalesce	14973
taxis	14972
politely	14971
troubling	14970
hormonal	14969
scratching	14968
generality	14967
workman	14966
painfully	14965
telescopes	14964
vertices	14963
conceptualization	14962
subordination	14961
scholastic	14960
cyclical	14959
jose	14958
profiling	14957
apparition	14956
midsummer	14955
enamel	14954
otter	14953
stipulated	14952
whopping	14951
organising	14950
distal	14949
fingerprint	14948
acreage	14947
vegetative	14946
behest	14945
sh	14944
intending	14943
macroeconomic	14942
stereotypical	14941
purposeful	14940
liberating	14939
milan	14938
chute	14937
wonderfully	14936
formality	14935
mustache	14934
shaded	14933
nov	14932
shopkeeper	14931
transgender	14930
dramatize	14929
simplification	14928
habitable	14927
decadent	14926
malevolent	14925
assailant	14924
hemorrhage	14923
ravens	14922
sharpness	14921
unscrupulous	14920
completes	14919
instructors	14918
modality	14917
grossly	14916
aback	14915
asserting	14914
deftly	14913
copious	14912
plunder	14911
leek	14910
probes	14909
complimentary	14908
waxed	14907
reopen	14906
whiteness	14905
fortify	14904
sloping	14903
supervisors	14902
resembled	14901
vomit	14900
thud	14899
bondage	14898
suspicions	14897
cooker	14896
coldest	14895
layering	14894
keenly	14893
gendered	14892
corrective	14891
tabletop	14890
bumper	14889
feminists	14888
embracing	14887
groin	14886
naturalized	14885
flipped	14884
mornings	14883
broadside	14882
meats	14881
servitude	14880
geographer	14879
manipulating	14878
helplessness	14877
cavernous	14876
screams	14875
snowboard	14874
knead	14873
extravagance	14872
deleterious	14871
conversions	14870
legislatures	14869
standby	14868
internment	14867
pistols	14866
amp	14865
conveyor	14864
windshield	14863
tl	14862
utopia	14861
gruesome	14860
heh	14859
rustle	14858
acidity	14857
pornographic	14856
synod	14855
rotations	14854
predicts	14853
clicks	14852
garnered	14851
abort	14850
homestead	14849
tipped	14848
nanny	14847
densities	14846
undisputed	14845
bourbon	14844
plastics	14843
absorbs	14842
warren	14841
docks	14840
astound	14839
turntable	14838
sullen	14837
signatory	14836
outwardly	14835
nuanced	14834
matte	14833
fractures	14832
despise	14831
warden	14830
earthy	14829
scoot	14828
antonio	14827
wondrous	14826
recorders	14825
embroidery	14824
ether	14823
egregious	14822
adapting	14821
massively	14820
oscillator	14819
worsened	14818
chronically	14817
premiums	14816
imbue	14815
shortfall	14814
meander	14813
ballast	14812
jockey	14811
sneakers	14810
braking	14809
benjamin	14808
wasp	14807
parades	14806
teapot	14805
flail	14804
eulogy	14803
dreary	14802
purchaser	14801
baptize	14800
pandemic	14799
atypical	14798
tread	14797
inhale	14796
pelvis	14795
arched	14794
choreography	14793
cayenne	14792
dreamer	14791
bailout	14790
dismayed	14789
aversion	14788
etiology	14787
reinstated	14786
analysed	14785
paraphrase	14784
synergy	14783
scanned	14782
cruising	14781
poach	14780
cleveland	14779
spraying	14778
synchronization	14777
camcorder	14776
salsa	14775
alchemy	14774
eagerness	14773
emergencies	14772
macaroni	14771
promulgate	14770
paving	14769
elegantly	14768
overriding	14767
equestrian	14766
avenues	14765
weathered	14764
craig	14763
peas	14762
trucker	14761
arranging	14760
cornmeal	14759
floats	14758
endowed	14757
assertive	14756
inescapable	14755
bonfire	14754
onlooker	14753
shipyard	14752
practise	14751
childlike	14750
ionic	14749
creationism	14748
apricot	14747
polio	14746
majestic	14745
buds	14744
tout	14743
invincible	14742
dormitory	14741
amplified	14740
twitch	14739
moniker	14738
punches	14737
glasgow	14736
persecute	14735
chic	14734
inconvenient	14733
harper	14732
midlife	14731
cheetah	14730
chime	14729
extracts	14728
hopelessly	14727
fibres	14726
redesigned	14725
spook	14724
rpm	14723
popped	14722
rubbing	14721
infertility	14720
biscuit	14719
nightmares	14718
sentient	14717
rethink	14716
combo	14715
genealogy	14714
appalled	14713
syphilis	14712
transverse	14711
reefs	14710
stabilized	14709
raucous	14708
separatist	14707
shooters	14706
sizeable	14705
jake	14704
scallions	14703
cadre	14702
postsecondary	14701
distinctively	14700
cracker	14699
fantasies	14698
warring	14697
nonverbal	14696
justly	14695
counterweight	14694
scorer	14693
deficiencies	14692
boarded	14691
mystique	14690
strenuous	14689
doubly	14688
crouch	14687
mane	14686
proximal	14685
advising	14684
authored	14683
mg	14682
octopus	14681
snapshot	14680
imperfection	14679
retake	14678
pedagogical	14677
grizzly	14676
drench	14675
regionally	14674
interlocking	14673
enrage	14672
busiest	14671
deciduous	14670
randomized	14669
navigator	14668
dwarfs	14667
phalanx	14666
oregon	14665
overestimate	14664
canine	14663
mmm	14662
illustrative	14661
musicals	14660
remission	14659
antics	14658
signalling	14657
georgian	14656
bestowed	14655
deepen	14654
flimsy	14653
berries	14652
ovation	14651
repent	14650
starship	14649
abbot	14648
nightgown	14647
congenital	14646
rioting	14645
exploiting	14644
understate	14643
popularized	14642
loft	14641
styled	14640
concerto	14639
dizzy	14638
transmitters	14637
holster	14636
tundra	14635
veiled	14634
scribe	14633
minimalist	14632
shaken	14631
spore	14630
auspice	14629
bun	14628
mysteriously	14627
salamander	14626
dutifully	14625
romantically	14624
inexplicable	14623
punching	14622
billionaire	14621
postcolonial	14620
insurgents	14619
ingenuity	14618
thug	14617
mover	14616
protections	14615
diaper	14614
extramarital	14613
manic	14612
absurdity	14611
toil	14610
insults	14609
oppress	14608
maxim	14607
veal	14606
laureate	14605
infighting	14604
calligraphy	14603
inundate	14602
grandeur	14601
stockholder	14600
attainable	14599
detriment	14598
satisfies	14597
apnea	14596
panoramic	14595
stanley	14594
punishments	14593
cherish	14592
inseparable	14591
singularity	14590
friendships	14589
predispose	14588
asterisk	14587
germinate	14586
traveller	14585
fielder	14584
painkiller	14583
senatorial	14582
roomy	14581
comical	14580
deadlock	14579
repress	14578
undiscovered	14577
tableau	14576
wtf	14575
surfaced	14574
clinch	14573
trailers	14572
atrium	14571
alkaline	14570
embryos	14569
centrality	14568
malaysian	14567
stardom	14566
bankers	14565
amy	14564
telltale	14563
guarding	14562
palsy	14561
scotch	14560
mire	14559
initials	14558
burly	14557
geared	14556
foothold	14555
taxing	14554
superiors	14553
wastewater	14552
criticizing	14551
detectives	14550
classy	14549
resisting	14548
sidestep	14547
seduction	14546
banished	14545
impurity	14544
tutorial	14543
savanna	14542
drilled	14541
marquee	14540
catholicism	14539
cooks	14538
seaweed	14537
whimsical	14536
idealistic	14535
croat	14534
creamy	14533
beset	14532
autograph	14531
wasteful	14530
catherine	14529
mastered	14528
psychosis	14527
splinter	14526
declarations	14525
consensual	14524
undergoes	14523
cc	14522
perpetually	14521
absentee	14520
habitual	14519
implantation	14518
endanger	14517
protectionist	14516
disoriented	14515
revoked	14514
ponds	14513
spoils	14512
radiator	14511
gilded	14510
inflexible	14509
milling	14508
reservoirs	14507
lookout	14506
debating	14505
queer	14504
campaigned	14503
dammit	14502
handset	14501
heirloom	14500
polygamy	14499
bundles	14498
propelled	14497
stiffly	14496
checkbook	14495
epoxy	14494
elaboration	14493
smog	14492
vestige	14491
praising	14490
probing	14489
sedentary	14488
khaki	14487
outlawed	14486
appal	14485
automate	14484
philippine	14483
appraise	14482
cancerous	14481
intolerable	14480
elasticity	14479
intangible	14478
refining	14477
stink	14476
demonic	14475
prowl	14474
advises	14473
rotting	14472
writhe	14471
revoke	14470
entrench	14469
ascribed	14468
farce	14467
spouses	14466
inspectors	14465
financier	14464
checklist	14463
sarcasm	14462
bale	14461
insurgent	14460
fluency	14459
armpit	14458
romanian	14457
incomprehensible	14456
barter	14455
abstain	14454
excruciating	14453
militias	14452
vindicate	14451
telecast	14450
repayment	14449
revamp	14448
admittedly	14447
nonpartisan	14446
maternity	14445
sermons	14444
infertile	14443
panties	14442
assimilated	14441
oblige	14440
inexperience	14439
protagonists	14438
shrapnel	14437
erased	14436
retreating	14435
candor	14434
ply	14433
heaviest	14432
directs	14431
figurine	14430
docking	14429
precondition	14428
millennia	14427
extracurricular	14426
scrapped	14425
unbiased	14424
chilly	14423
arcane	14422
pathogens	14421
ip	14420
quail	14419
pods	14418
jamie	14417
yoke	14416
shipbuilding	14415
hyena	14414
jennifer	14413
cola	14412
motivations	14411
uplift	14410
standout	14409
necks	14408
dredge	14407
facilitates	14406
squadrons	14405
instil	14404
coupon	14403
therapies	14402
collaborators	14401
decorating	14400
semblance	14399
supplementation	14398
forfeit	14397
blunder	14396
replete	14395
breech	14394
listings	14393
marginalized	14392
episodic	14391
toxins	14390
thorny	14389
corridors	14388
memento	14387
tactile	14386
allot	14385
numb	14384
solvents	14383
taco	14382
congregational	14381
jostle	14380
paycheck	14379
inactivity	14378
tortoise	14377
interconnected	14376
nightfall	14375
cull	14374
encase	14373
ovarian	14372
pare	14371
sweaty	14370
negligent	14369
slips	14368
os	14367
allowances	14366
fraught	14365
mouthful	14364
shaky	14363
shutting	14362
motorcycles	14361
multidimensional	14360
toughness	14359
contraceptive	14358
paternity	14357
walnut	14356
pics	14355
curving	14354
prerogative	14353
oversaw	14352
unethical	14351
firefighters	14350
alienating	14349
sleek	14348
mistreatment	14347
newscast	14346
manuals	14345
crumble	14344
sinks	14343
pipelines	14342
molded	14341
funky	14340
crypt	14339
muck	14338
solos	14337
equivalents	14336
monogamous	14335
mull	14334
solidly	14333
cowardly	14332
eyelash	14331
specials	14330
functioned	14329
behemoth	14328
abate	14327
feral	14326
reconciled	14325
wisp	14324
slut	14323
infuriate	14322
portraying	14321
broccoli	14320
elitist	14319
weeping	14318
coward	14317
preamble	14316
energetically	14315
marinate	14314
secluded	14313
stocking	14312
geneticist	14311
feeble	14310
transformers	14309
outbreaks	14308
glint	14307
sugarcane	14306
sacks	14305
unregulated	14304
recalling	14303
sprinkler	14302
wiry	14301
commandment	14300
linoleum	14299
rocking	14298
nutritionist	14297
quadrant	14296
calamity	14295
colonize	14294
rue	14293
unquestionably	14292
deafening	14291
fostering	14290
boating	14289
crave	14288
cardiologist	14287
ache	14286
exporting	14285
worsening	14284
distraught	14283
menus	14282
attendees	14281
foreman	14280
fabricated	14279
coordinating	14278
wright	14277
debilitating	14276
appointing	14275
bedtime	14274
recounted	14273
oscillate	14272
waving	14271
caper	14270
kiosk	14269
blush	14268
pamper	14267
stupidity	14266
cordial	14265
reformers	14264
frantic	14263
towed	14262
politicize	14261
adventurer	14260
croatian	14259
twofold	14258
escorted	14257
baltimore	14256
lull	14255
piles	14254
malice	14253
crowns	14252
unveil	14251
brooding	14250
arduous	14249
nervously	14248
extermination	14247
stubbornly	14246
rallies	14245
unleash	14244
landmarks	14243
padding	14242
impromptu	14241
prudence	14240
nationalities	14239
intercom	14238
brew	14237
engages	14236
thanked	14235
adolescents	14234
gouge	14233
pancake	14232
escalated	14231
tote	14230
pave	14229
grandpa	14228
alibi	14227
sapphire	14226
thrash	14225
treachery	14224
corrosive	14223
dermatologist	14222
counterfeit	14221
rejoice	14220
pluck	14219
blackboard	14218
gunman	14217
anvil	14216
unlicensed	14215
domino	14214
weld	14213
giggle	14212
penance	14211
scalp	14210
impunity	14209
shafts	14208
haitian	14207
rematch	14206
cruz	14205
chunks	14204
pertinent	14203
refrigerated	14202
volts	14201
plethora	14200
misgiving	14199
paw	14198
wastes	14197
constitutive	14196
quake	14195
skylight	14194
mosques	14193
muffle	14192
writ	14191
woe	14190
restitution	14189
darkly	14188
unworthy	14187
snapped	14186
etymology	14185
leasing	14184
retardation	14183
grabs	14182
educating	14181
doubted	14180
democratically	14179
configure	14178
heed	14177
attractiveness	14176
fanfare	14175
redness	14174
animate	14173
chide	14172
increment	14171
bot	14170
leisurely	14169
scoreboard	14168
abdicate	14167
translators	14166
chastity	14165
brood	14164
prohibitive	14163
cashmere	14162
lodged	14161
flaunt	14160
inspections	14159
tester	14158
prima	14157
hd	14156
coincidentally	14155
crumpled	14154
mafia	14153
ethiopian	14152
aggressor	14151
hacking	14150
aptitude	14149
dislocation	14148
genitals	14147
allowable	14146
brag	14145
juniper	14144
plantain	14143
regenerate	14142
spectrometer	14141
juxtapose	14140
flyer	14139
barring	14138
unoccupied	14137
sirens	14136
julia	14135
pedestrians	14134
unsolved	14133
thankfully	14132
onboard	14131
succeeds	14130
caveat	14129
instantaneously	14128
prank	14127
anyhow	14126
inferred	14125
eradication	14124
discreetly	14123
cider	14122
satisfactorily	14121
veneer	14120
liabilities	14119
ark	14118
emmy	14117
sob	14116
vampires	14115
marches	14114
sequels	14113
disconnect	14112
slime	14111
smoothness	14110
barons	14109
phonetic	14108
tutelage	14107
unsustainable	14106
neuroscience	14105
gays	14104
bustle	14103
crippling	14102
acquaintances	14101
crepe	14100
attune	14099
tribune	14098
giraffe	14097
garb	14096
governorship	14095
eerily	14094
nathan	14093
reverted	14092
claimant	14091
apprehensive	14090
nightlife	14089
neil	14088
shampoo	14087
arabian	14086
craftsmen	14085
fertilize	14084
totaling	14083
snowstorm	14082
tainted	14081
labourers	14080
researching	14079
blackout	14078
postmodernism	14077
elaborated	14076
residuals	14075
distributors	14074
negotiator	14073
uproar	14072
reconnect	14071
tomography	14070
bordering	14069
pesto	14068
skeletons	14067
aroused	14066
ruffle	14065
rosemary	14064
monograph	14063
upriver	14062
pleasures	14061
hijacking	14060
boyhood	14059
immersed	14058
idly	14057
weeds	14056
veranda	14055
personalize	14054
mantel	14053
chasm	14052
derivation	14051
counterculture	14050
spatula	14049
dictatorial	14048
discursive	14047
synchronized	14046
analyzer	14045
aspirin	14044
communicator	14043
feign	14042
pleading	14041
clipboard	14040
firewood	14039
cautiously	14038
revamped	14037
facilitating	14036
unlucky	14035
crawling	14034
nectar	14033
allotted	14032
conversational	14031
jeweler	14030
breathtaking	14029
zenith	14028
bombings	14027
philanthropic	14026
confrontational	14025
priestess	14024
surmise	14023
dioxin	14022
whence	14021
psycho	14020
rubric	14019
overcoming	14018
seniority	14017
ridden	14016
normalize	14015
plank	14014
rework	14013
evocative	14012
caustic	14011
relapse	14010
detain	14009
flipper	14008
subterranean	14007
replacements	14006
saffron	14005
exhibitor	14004
climactic	14003
diffraction	14002
pneumatic	14001
kettle	14000
airs	13999
levied	13998
grader	13997
clergyman	13996
endlessly	13995
runways	13994
gourmet	13993
horrors	13992
noir	13991
cabinets	13990
deceit	13989
cheapest	13988
grad	13987
flashes	13986
hackers	13985
chimp	13984
ideologically	13983
manifestations	13982
watt	13981
ascended	13980
mockery	13979
hilltop	13978
competency	13977
moan	13976
armistice	13975
tiptoe	13974
crocodile	13973
navigable	13972
interconnection	13971
plotted	13970
flirt	13969
crusty	13968
drains	13967
inflatable	13966
creme	13965
defends	13964
invasions	13963
innovator	13962
stethoscope	13961
chap	13960
sects	13959
rooftop	13958
opus	13957
pageant	13956
kidnapper	13955
cords	13954
shameful	13953
alabama	13952
quadruple	13951
abscess	13950
hegemonic	13949
laminated	13948
forecaster	13947
reckoning	13946
puzzling	13945
initiating	13944
sectional	13943
lavender	13942
capitalization	13941
naturalism	13940
cautionary	13939
echoed	13938
unintentionally	13937
immunization	13936
hindered	13935
daunting	13934
superhuman	13933
aha	13932
partake	13931
titan	13930
mediated	13929
rhymes	13928
blake	13927
brash	13926
swede	13925
windmill	13924
tackles	13923
awfully	13922
rulings	13921
smirk	13920
modelled	13919
mausoleum	13918
avian	13917
edits	13916
robotics	13915
nipple	13914
calendars	13913
platter	13912
uncontrollable	13911
intimidating	13910
droplets	13909
lesions	13908
condolence	13907
resided	13906
selfishness	13905
postgraduate	13904
bathrobe	13903
pediatric	13902
carlos	13901
appoints	13900
clamp	13899
overcrowded	13898
pilgrim	13897
partisanship	13896
blackjack	13895
untimely	13894
respite	13893
unimpressed	13892
agreeable	13891
ideologies	13890
furnish	13889
buff	13888
inhibitors	13887
crate	13886
crony	13885
bathe	13884
skis	13883
wean	13882
lament	13881
disenchanted	13880
purify	13879
glorify	13878
anguish	13877
venous	13876
abnormally	13875
mango	13874
balsamic	13873
riff	13872
ounces	13871
asymmetric	13870
climbers	13869
expansions	13868
parka	13867
firewall	13866
artisans	13865
hindrance	13864
sealing	13863
skulls	13862
methodically	13861
grated	13860
landlords	13859
fundamentals	13858
rumble	13857
potion	13856
eddie	13855
warmest	13854
spurred	13853
hound	13852
growers	13851
decorator	13850
quip	13849
contradictions	13848
unease	13847
newcomers	13846
replicated	13845
cornfield	13844
swimmer	13843
illusions	13842
darn	13841
puncture	13840
diligent	13839
deflate	13838
overseeing	13837
trooper	13836
newlywed	13835
decreed	13834
lows	13833
escalate	13832
utilizes	13831
prohibiting	13830
discord	13829
aggregation	13828
regalia	13827
tighter	13826
ominous	13825
foresee	13824
advertiser	13823
parishes	13822
tarnish	13821
subtitles	13820
percentile	13819
repudiate	13818
cryptic	13817
brandish	13816
ledge	13815
harmed	13814
mistrust	13813
clatter	13812
homosexuals	13811
excise	13810
crevice	13809
undisclosed	13808
holland	13807
pragmatism	13806
scandalous	13805
screwdriver	13804
forefinger	13803
raced	13802
coffer	13801
overlay	13800
gravy	13799
parrot	13798
homemaker	13797
exhibiting	13796
spikes	13795
tacit	13794
unbalanced	13793
outgrow	13792
glamour	13791
overarching	13790
rationally	13789
proverbial	13788
jessica	13787
rusted	13786
achieves	13785
yellowish	13784
propriety	13783
urgently	13782
freckle	13781
prologue	13780
alcove	13779
shrub	13778
dowry	13777
maryland	13776
comets	13775
wriggle	13774
abrasive	13773
hinterland	13772
pleas	13771
snowmobile	13770
spatially	13769
collapses	13768
nervousness	13767
blackmail	13766
impenetrable	13765
cleanliness	13764
mt	13763
blocker	13762
moor	13761
upbeat	13760
routers	13759
outsource	13758
sorcery	13757
robes	13756
breaker	13755
critter	13754
subspecies	13753
eternally	13752
wildfire	13751
divulge	13750
additives	13749
eviction	13748
transcribed	13747
roulette	13746
subdivisions	13745
phoenix	13744
triad	13743
retrace	13742
eruptions	13741
unwittingly	13740
transcendence	13739
localities	13738
tibetan	13737
implore	13736
reinforcing	13735
wetlands	13734
laud	13733
rehearsals	13732
assigning	13731
constable	13730
wholesome	13729
importing	13728
gallon	13727
pluralistic	13726
skillfully	13725
bunk	13724
peanuts	13723
reminisce	13722
grasses	13721
neurologist	13720
penetrated	13719
pacifist	13718
irritating	13717
orphaned	13716
gravely	13715
sly	13714
toothpick	13713
isolationist	13712
distaste	13711
inpatient	13710
faiths	13709
cubes	13708
whisker	13707
teamed	13706
moroccan	13705
vowed	13704
varsity	13703
emphasised	13702
rogers	13701
assigns	13700
rerun	13699
raspberry	13698
soothing	13697
jot	13696
spree	13695
experiential	13694
hallucinations	13693
limelight	13692
prick	13691
confessional	13690
napkin	13689
groan	13688
safari	13687
commits	13686
stuart	13685
desegregation	13684
ordnance	13683
analogue	13682
impeach	13681
screws	13680
undersea	13679
exuberance	13678
designations	13677
th	13676
diseased	13675
intractable	13674
tho	13673
choreographer	13672
trendy	13671
tommy	13670
pesticides	13669
pheasant	13668
fertilizers	13667
tyler	13666
hurriedly	13665
gloved	13664
ruining	13663
illustrious	13662
finer	13661
teeming	13660
chilean	13659
andean	13658
harassed	13657
tightening	13656
subconscious	13655
peppers	13654
watson	13653
persevere	13652
interiors	13651
embroider	13650
summarily	13649
rosary	13648
montage	13647
traditionalist	13646
nutritious	13645
cologne	13644
reservist	13643
widened	13642
buttermilk	13641
cucumber	13640
connotations	13639
awash	13638
rallying	13637
participates	13636
dignitary	13635
stalls	13634
institutionalized	13633
disengage	13632
appropriateness	13631
douse	13630
annoy	13629
rediscovered	13628
anomalies	13627
aug	13626
excludes	13625
snuggle	13624
silica	13623
alias	13622
bruise	13621
idyllic	13620
townhouse	13619
arresting	13618
volley	13617
behaved	13616
concealment	13615
displeasure	13614
sweets	13613
immutable	13612
knocks	13611
cia	13610
antarctic	13609
immigrate	13608
deserving	13607
kilograms	13606
craftsmanship	13605
gratifying	13604
cockroach	13603
creatively	13602
correcting	13601
tornadoes	13600
creole	13599
descriptor	13598
denver	13597
compounded	13596
entertainer	13595
transfix	13594
voltages	13593
obligated	13592
unintentional	13591
turk	13590
didnt	13589
fullness	13588
countered	13587
inserting	13586
drier	13585
immediacy	13584
melee	13583
operatives	13582
softness	13581
formulations	13580
unsuspecting	13579
lenient	13578
revisit	13577
scrawl	13576
ignited	13575
donald	13574
affix	13573
supermarkets	13572
greasy	13571
retort	13570
tangled	13569
painstakingly	13568
bonanza	13567
mutants	13566
typify	13565
eloquently	13564
downed	13563
diluted	13562
elf	13561
devalue	13560
reminding	13559
dilapidated	13558
crimson	13557
wearily	13556
torpedoes	13555
fir	13554
oversees	13553
fluidity	13552
unrelenting	13551
resettlement	13550
unprofitable	13549
boosted	13548
housewife	13547
viola	13546
racks	13545
tempered	13544
mischievous	13543
gm	13542
recreate	13541
lander	13540
weighty	13539
depictions	13538
corresponded	13537
freshness	13536
flask	13535
congested	13534
jumble	13533
fearless	13532
eerie	13531
fabled	13530
pothole	13529
plaintiffs	13528
hopelessness	13527
unbearable	13526
lighted	13525
keith	13524
allergies	13523
suitably	13522
totaled	13521
kent	13520
teller	13519
earner	13518
navel	13517
buckle	13516
decimate	13515
recursive	13514
filipino	13513
precept	13512
crochet	13511
mounts	13510
completeness	13509
assertions	13508
draining	13507
reformation	13506
jade	13505
nerd	13504
slid	13503
ceases	13502
unwind	13501
bushes	13500
benefactor	13499
unharmed	13498
clashed	13497
inflame	13496
trapping	13495
peeled	13494
encompassing	13493
visor	13492
chestnut	13491
morris	13490
crib	13489
bile	13488
whimper	13487
groupings	13486
archers	13485
shelling	13484
inspirational	13483
fluffy	13482
bravado	13481
inducing	13480
racer	13479
obedient	13478
abducted	13477
intolerant	13476
lucid	13475
impassioned	13474
battling	13473
microorganisms	13472
presuppose	13471
recited	13470
debatable	13469
shunt	13468
pamphlets	13467
oddity	13466
bundled	13465
headmaster	13464
outlive	13463
abbreviations	13462
barometer	13461
warehouses	13460
degeneration	13459
winnings	13458
deplore	13457
empress	13456
dearly	13455
avatar	13454
centralization	13453
orthopedic	13452
pager	13451
cpu	13450
deserts	13449
cram	13448
bays	13447
amphetamine	13446
scaffolding	13445
confronting	13444
amble	13443
pinpoint	13442
sacrificing	13441
lousy	13440
resurface	13439
grammy	13438
wholesaler	13437
prefixes	13436
primates	13435
suitability	13434
sine	13433
promulgated	13432
crook	13431
afterthought	13430
railing	13429
upholstery	13428
giveaway	13427
grainy	13426
witnessing	13425
unsettled	13424
raiding	13423
rife	13422
emphatic	13421
dearth	13420
perpetrators	13419
achievable	13418
willful	13417
watering	13416
combatants	13415
keypad	13414
parentheses	13413
contagious	13412
tokens	13411
unspeakable	13410
privy	13409
pigeons	13408
accommodations	13407
logged	13406
alto	13405
nominees	13404
chanting	13403
loyalist	13402
culprit	13401
esteemed	13400
constitutions	13399
lighten	13398
jokingly	13397
cookbook	13396
blackberry	13395
taper	13394
calibrate	13393
falcon	13392
staffing	13391
administrations	13390
celery	13389
beneficiaries	13388
perspiration	13387
panicked	13386
lanky	13385
dazzling	13384
seminars	13383
fixes	13382
galvanize	13381
evaluations	13380
negro	13379
brook	13378
ancillary	13377
brine	13376
symptomatic	13375
morph	13374
stressing	13373
buoy	13372
lcd	13371
regroup	13370
reparations	13369
muffin	13368
trimmed	13367
oblivious	13366
baton	13365
bland	13364
fairies	13363
mishap	13362
lutheran	13361
xi	13360
motivational	13359
theorems	13358
florist	13357
lash	13356
priceless	13355
exemplified	13354
scorch	13353
boyish	13352
fermented	13351
innocuous	13350
irregularities	13349
grossed	13348
comedic	13347
rapist	13346
blackened	13345
autoimmune	13344
blasphemy	13343
guatemalan	13342
forgiving	13341
codify	13340
collaborations	13339
remediation	13338
hermit	13337
lumpy	13336
birmingham	13335
buzzing	13334
blitz	13333
bordered	13332
sanctity	13331
illustrating	13330
inevitability	13329
reversing	13328
filibuster	13327
banners	13326
dipped	13325
hurricanes	13324
aiding	13323
mountaintop	13322
dynamically	13321
assassins	13320
purposefully	13319
ostrich	13318
deviations	13317
barefoot	13316
outlay	13315
rounding	13314
ambience	13313
effected	13312
beginner	13311
flowed	13310
jog	13309
sash	13308
goddamned	13307
jellyfish	13306
emitting	13305
cabaret	13304
reassess	13303
estimating	13302
applicability	13301
fucker	13300
underfoot	13299
fairs	13298
wishful	13297
finalized	13296
personify	13295
obscured	13294
thunderstorms	13293
undetected	13292
superimpose	13291
bathtub	13290
whine	13289
ghastly	13288
quotas	13287
entrant	13286
lowers	13285
ecologically	13284
unforeseen	13283
overdo	13282
dissuade	13281
ripple	13280
fidget	13279
comprehensible	13278
fc	13277
advisable	13276
withheld	13275
impulses	13274
broil	13273
plugs	13272
fares	13271
incredulous	13270
protege	13269
narrated	13268
flake	13267
eras	13266
sawdust	13265
rents	13264
dresser	13263
hp	13262
exchanging	13261
hr	13260
relays	13259
beaded	13258
invertebrates	13257
drifted	13256
tidy	13255
clubhouse	13254
chives	13253
printout	13252
tungsten	13251
alluring	13250
decency	13249
gadget	13248
calibrated	13247
fervent	13246
shielding	13245
withdrawing	13244
frosting	13243
visuals	13242
slither	13241
scraping	13240
gale	13239
hoarse	13238
madison	13237
astrology	13236
suites	13235
freeing	13234
glued	13233
formatting	13232
grudgingly	13231
bouquet	13230
tyres	13229
geek	13228
sociopolitical	13227
persists	13226
motherfucker	13225
minnesota	13224
pests	13223
preempt	13222
identifier	13221
prodigious	13220
mutilation	13219
contemplated	13218
carcinoma	13217
annum	13216
texan	13215
untie	13214
telecommunication	13213
reassert	13212
softened	13211
ottawa	13210
swung	13209
pail	13208
outta	13207
glistening	13206
grueling	13205
anode	13204
sinner	13203
conditioner	13202
supersede	13201
downwards	13200
disconcerting	13199
spawning	13198
multiplying	13197
hairstyle	13196
curing	13195
blob	13194
developmentally	13193
roberts	13192
snapper	13191
russians	13190
floorboard	13189
briefcase	13188
windowsill	13187
carbohydrates	13186
playable	13185
prune	13184
brokerage	13183
loin	13182
vile	13181
regulates	13180
frayed	13179
starters	13178
cactus	13177
misguided	13176
tumbling	13175
shaw	13174
thorn	13173
chirp	13172
unreal	13171
imperialist	13170
boardroom	13169
trophies	13168
geothermal	13167
headdress	13166
cocoon	13165
charters	13164
hapless	13163
plunged	13162
cove	13161
tic	13160
foxes	13159
extrapolate	13158
superfluous	13157
meta	13156
adrenaline	13155
apes	13154
entrances	13153
madden	13152
slur	13151
terminally	13150
spines	13149
wa	13148
originals	13147
inequalities	13146
irritable	13145
wont	13144
cadets	13143
ballads	13142
submissive	13141
shootings	13140
wayward	13139
atonement	13138
ppm	13137
jams	13136
dumplings	13135
vertebra	13134
hideous	13133
apache	13132
rewritten	13131
mountainside	13130
gratefully	13129
overtake	13128
jeopardize	13127
springtime	13126
pallet	13125
peruvian	13124
underpinning	13123
ornaments	13122
repatriation	13121
ammonium	13120
playfully	13119
demonstrators	13118
maneuvers	13117
biosolids	13116
specializing	13115
resentful	13114
rallied	13113
entangle	13112
stirred	13111
quotations	13110
nudge	13109
resorted	13108
straits	13107
carriages	13106
cupboard	13105
dumpling	13104
reverie	13103
ba	13102
compensatory	13101
plow	13100
locating	13099
outpouring	13098
charred	13097
aficionado	13096
martian	13095
admonition	13094
airlock	13093
dismantling	13092
skyscrapers	13091
bernard	13090
flawless	13089
rake	13088
cutoff	13087
blockbuster	13086
rickety	13085
linguists	13084
strata	13083
beginners	13082
juices	13081
rebuff	13080
uncertainties	13079
renter	13078
interacts	13077
cigars	13076
stag	13075
busted	13074
sculptural	13073
orphanage	13072
italics	13071
easygoing	13070
minimizing	13069
superpower	13068
searing	13067
overthrown	13066
tenement	13065
grit	13064
boroughs	13063
streetlight	13062
commemorating	13061
overreact	13060
precursors	13059
extras	13058
grievance	13057
thrilling	13056
coolly	13055
adorned	13054
stammer	13053
candid	13052
conspicuously	13051
captives	13050
quasar	13049
squatter	13048
basilica	13047
popes	13046
effluent	13045
sexist	13044
predisposition	13043
repulsive	13042
anarchists	13041
confessions	13040
intersperse	13039
snip	13038
dane	13037
phony	13036
spank	13035
savvy	13034
resumption	13033
helix	13032
gape	13031
skewed	13030
collaborating	13029
hops	13028
skipped	13027
toilets	13026
showdown	13025
mba	13024
implants	13023
recounts	13022
ingest	13021
mummy	13020
deride	13019
metaphors	13018
choreograph	13017
mantra	13016
brighten	13015
inroads	13014
snail	13013
moat	13012
philanthropist	13011
acquittal	13010
marries	13009
ouch	13008
inspected	13007
outfits	13006
liquidation	13005
ranching	13004
slouch	13003
balding	13002
motherhood	13001
textured	13000
commandments	12999
detract	12998
hefty	12997
defer	12996
homecoming	12995
husk	12994
rna	12993
stormed	12992
facsimile	12991
mutilated	12990
sprung	12989
brilliantly	12988
attentive	12987
unreleased	12986
intoxication	12985
stubble	12984
reclaimed	12983
emily	12982
wheeze	12981
shimmer	12980
insecticide	12979
auspices	12978
meridian	12977
chastise	12976
conundrum	12975
migrating	12974
coincides	12973
compartments	12972
commonality	12971
executioner	12970
repairing	12969
worshipped	12968
pint	12967
academies	12966
pleasurable	12965
goin	12964
plainly	12963
sleeps	12962
misinterpret	12961
polluter	12960
mingle	12959
harvey	12958
dissenting	12957
getaway	12956
roundtable	12955
rivet	12954
hubs	12953
nearer	12952
denim	12951
proprietor	12950
cherokee	12949
deductions	12948
headquarter	12947
creditor	12946
bushel	12945
slows	12944
iowa	12943
flit	12942
obsessive	12941
graded	12940
moron	12939
textures	12938
grocer	12937
splatter	12936
mash	12935
md	12934
warily	12933
jukebox	12932
doorknob	12931
pharmaceuticals	12930
microcosm	12929
striving	12928
gypsy	12927
mitochondrial	12926
uneasily	12925
nancy	12924
sharpen	12923
blender	12922
shred	12921
wrestlers	12920
peruse	12919
mileage	12918
fountains	12917
integrative	12916
farmed	12915
confronts	12914
concoction	12913
primaries	12912
baskets	12911
refreshment	12910
midterm	12909
retro	12908
representational	12907
pete	12906
skirts	12905
jurors	12904
coatings	12903
psychotherapist	12902
instinctive	12901
mould	12900
interject	12899
gloomy	12898
infield	12897
awarding	12896
painstaking	12895
opposes	12894
fatherhood	12893
civilisation	12892
bandits	12891
sprout	12890
parted	12889
complied	12888
decor	12887
rachel	12886
standstill	12885
neurotic	12884
guerrillas	12883
relish	12882
snout	12881
dictates	12880
invalidate	12879
nutty	12878
looter	12877
elves	12876
conspirators	12875
doorstep	12874
deceived	12873
evils	12872
phobia	12871
hardships	12870
hospitable	12869
smite	12868
injuring	12867
adrift	12866
devour	12865
mandates	12864
contended	12863
jamaican	12862
hospitalized	12861
pollutants	12860
childbearing	12859
chopper	12858
craving	12857
virulent	12856
navajo	12855
ragged	12854
proactive	12853
revitalization	12852
tingle	12851
exposes	12850
shipwreck	12849
forsake	12848
mozzarella	12847
mergers	12846
parched	12845
excerpts	12844
trot	12843
revolves	12842
chefs	12841
punishable	12840
eyeglass	12839
pajamas	12838
scrolls	12837
consummate	12836
potentials	12835
restructure	12834
unwise	12833
misunderstand	12832
playmate	12831
satin	12830
deflection	12829
tarmac	12828
reigns	12827
caseload	12826
duffel	12825
martyrs	12824
seethe	12823
stash	12822
reek	12821
pencils	12820
whitetail	12819
artisan	12818
contraption	12817
canton	12816
marshes	12815
turner	12814
mistreat	12813
apocalypse	12812
und	12811
palatable	12810
absently	12809
pursuits	12808
violates	12807
tricked	12806
drills	12805
vestibule	12804
byzantine	12803
sear	12802
fern	12801
curtains	12800
overdue	12799
bistro	12798
stomp	12797
spurt	12796
elapsed	12795
pretension	12794
curiously	12793
convicts	12792
zap	12791
deviant	12790
fostered	12789
expanse	12788
exquisitely	12787
progressing	12786
starved	12785
resourceful	12784
tending	12783
connoisseur	12782
complacency	12781
ethnography	12780
renovations	12779
lexical	12778
pickle	12777
indicted	12776
emblazon	12775
documenting	12774
lengthwise	12773
departs	12772
stimulant	12771
renders	12770
reformist	12769
convoys	12768
cbs	12767
widest	12766
cf	12765
stale	12764
brushes	12763
nomad	12762
squads	12761
exiles	12760
slogans	12759
hauled	12758
reusable	12757
mislead	12756
coldly	12755
teamwork	12754
yam	12753
puddle	12752
wellness	12751
inextricably	12750
interpreters	12749
delegated	12748
collins	12747
nimble	12746
feverish	12745
sow	12744
interviewee	12743
ketchup	12742
concussion	12741
mounds	12740
seizing	12739
insulted	12738
shun	12737
desirability	12736
religiosity	12735
signifies	12734
rushes	12733
alligator	12732
reiterated	12731
fishes	12730
misplace	12729
ufo	12728
forwarded	12727
extol	12726
howl	12725
artefacts	12724
tenacious	12723
checker	12722
trainee	12721
befall	12720
tickle	12719
likable	12718
viewpoints	12717
behaves	12716
incessant	12715
wheeled	12714
headset	12713
tinge	12712
glee	12711
flair	12710
corrugated	12709
rations	12708
hive	12707
sumptuous	12706
whistles	12705
healer	12704
grouse	12703
newsstand	12702
fella	12701
abnormalities	12700
crucifix	12699
citadel	12698
sociocultural	12697
nondescript	12696
compiling	12695
cellulose	12694
melts	12693
selects	12692
unfaithful	12691
sociologist	12690
intricacy	12689
seekers	12688
turban	12687
handkerchief	12686
jobless	12685
beheaded	12684
exposures	12683
blankly	12682
fielding	12681
refurbished	12680
doorman	12679
unproductive	12678
jeremy	12677
duplex	12676
delaying	12675
awry	12674
fluoride	12673
noose	12672
classed	12671
administering	12670
socialize	12669
diagnostics	12668
tapped	12667
cinder	12666
licences	12665
manhattan	12664
illuminating	12663
grandiose	12662
orchid	12661
unequivocally	12660
luncheon	12659
supple	12658
firmware	12657
tougher	12656
throes	12655
actresses	12654
patty	12653
philosophies	12652
moses	12651
belie	12650
overland	12649
multiplier	12648
reassuring	12647
blogger	12646
sweeten	12645
pierced	12644
minnow	12643
resurrected	12642
orleans	12641
outfitter	12640
hangover	12639
provoking	12638
vantage	12637
emptiness	12636
saloon	12635
enhancements	12634
messengers	12633
sympathizer	12632
dealership	12631
mobilized	12630
coli	12629
spate	12628
reiterate	12627
repercussions	12626
benches	12625
inexplicably	12624
sensations	12623
exiting	12622
grassroots	12621
intone	12620
iced	12619
pullout	12618
foraging	12617
biologists	12616
gloom	12615
drifting	12614
throb	12613
mindful	12612
loner	12611
clerks	12610
enslave	12609
stadiums	12608
adopts	12607
nourishment	12606
cheery	12605
wealthiest	12604
beetles	12603
coexistence	12602
advertisers	12601
schoolhouse	12600
ingested	12599
panorama	12598
anyplace	12597
harem	12596
consort	12595
methodical	12594
shredded	12593
waged	12592
indexed	12591
interdependent	12590
trickle	12589
induct	12588
coolest	12587
ss	12586
riverbank	12585
orphans	12584
audiotape	12583
treadmill	12582
pummel	12581
desserts	12580
pitchers	12579
affluence	12578
stemmed	12577
vibrating	12576
subordinates	12575
throbbing	12574
longstanding	12573
renounced	12572
predicament	12571
dabble	12570
knowingly	12569
discreet	12568
surveying	12567
shyness	12566
huff	12565
concomitant	12564
grooves	12563
wobbly	12562
velocities	12561
meaty	12560
grieve	12559
partnered	12558
warner	12557
indignant	12556
greenery	12555
subsidiaries	12554
smolder	12553
safeguards	12552
gauze	12551
dysfunctional	12550
escalator	12549
cleanse	12548
workings	12547
brazen	12546
hydrocarbons	12545
spleen	12544
mashed	12543
innuendo	12542
clerics	12541
scandals	12540
medallion	12539
mocked	12538
praises	12537
speculator	12536
knuckle	12535
transnational	12534
assay	12533
undeniably	12532
cemeteries	12531
deriving	12530
sightings	12529
infraction	12528
minimized	12527
detects	12526
stumbled	12525
camper	12524
ousted	12523
trailhead	12522
anchors	12521
dipole	12520
abyss	12519
qualm	12518
sentry	12517
goodnight	12516
genders	12515
nostalgic	12514
shines	12513
descends	12512
deft	12511
iceberg	12510
hinted	12509
latitudes	12508
pores	12507
stemming	12506
lifestyles	12505
emigrants	12504
cower	12503
capitalized	12502
finalist	12501
pups	12500
attaining	12499
putt	12498
reprimand	12497
instinctively	12496
walleye	12495
nicknames	12494
chemists	12493
uniting	12492
cub	12491
dukes	12490
unthinkable	12489
shrines	12488
emblematic	12487
corral	12486
disrespect	12485
cripple	12484
attaching	12483
spoonful	12482
hah	12481
ballplayer	12480
caseworker	12479
overworked	12478
demeanor	12477
joyful	12476
frenzied	12475
attaches	12474
individualistic	12473
venetian	12472
swamps	12471
carpeting	12470
imposes	12469
sweating	12468
marketable	12467
cliche	12466
distilled	12465
paddy	12464
infringe	12463
meadows	12462
embassies	12461
pentecostal	12460
attends	12459
launchers	12458
extravaganza	12457
shrubs	12456
firsthand	12455
wraps	12454
slum	12453
slated	12452
multicolored	12451
rivalries	12450
fleshy	12449
es	12448
flavorful	12447
therapists	12446
basque	12445
staffed	12444
subtest	12443
terminating	12442
besiege	12441
smoother	12440
floated	12439
contemplative	12438
sterilize	12437
kitchens	12436
normalcy	12435
heron	12434
tart	12433
manganese	12432
cataract	12431
triggering	12430
carcinogen	12429
leaky	12428
opportunistic	12427
melon	12426
eavesdrop	12425
hostess	12424
luscious	12423
amounting	12422
hysteria	12421
amassed	12420
scooter	12419
meth	12418
fleeting	12417
memorials	12416
breakaway	12415
thickly	12414
somali	12413
carts	12412
rekindle	12411
sag	12410
pimp	12409
blip	12408
kenyan	12407
tamil	12406
periodicals	12405
loader	12404
unforgettable	12403
stocky	12402
leftover	12401
saunter	12400
escorts	12399
plunk	12398
huts	12397
leash	12396
heats	12395
climbs	12394
hush	12393
strident	12392
consular	12391
harmonize	12390
spying	12389
mississippi	12388
torrent	12387
murderers	12386
missouri	12385
breached	12384
islamist	12383
growl	12382
smuggle	12381
industrialist	12380
inertial	12379
bandage	12378
earns	12377
aborted	12376
mannequin	12375
arbiter	12374
oklahoma	12373
inventors	12372
monopolies	12371
breeders	12370
grieving	12369
exemptions	12368
multidisciplinary	12367
guilds	12366
amaze	12365
lotion	12364
gloss	12363
corollary	12362
hurried	12361
frenchman	12360
zealot	12359
loot	12358
ember	12357
putter	12356
binge	12355
ebb	12354
bruised	12353
dives	12352
dependencies	12351
gauges	12350
sever	12349
forlorn	12348
concur	12347
viscosity	12346
eatery	12345
sleeper	12344
exonerate	12343
mayors	12342
rattlesnake	12341
radish	12340
englishman	12339
curfew	12338
shyly	12337
frantically	12336
dismissive	12335
borrower	12334
roundabout	12333
coroner	12332
attachments	12331
poplar	12330
exploding	12329
pow	12328
boasted	12327
vigil	12326
unremarkable	12325
blistering	12324
frosted	12323
tackled	12322
wallow	12321
steely	12320
perfected	12319
inconsistencies	12318
unfriendly	12317
jalapeno	12316
respectability	12315
substrates	12314
hydroxide	12313
drapery	12312
blueberry	12311
vineyards	12310
consumes	12309
correctional	12308
incinerator	12307
venerable	12306
idols	12305
outpace	12304
cavities	12303
flares	12302
buckets	12301
traumatize	12300
sprang	12299
riddle	12298
cobblestone	12297
potted	12296
impotence	12295
scamper	12294
lipid	12293
stripping	12292
tranquility	12291
regretted	12290
pew	12289
dingy	12288
gaudy	12287
visitation	12286
rumored	12285
furrow	12284
hummingbird	12283
chatter	12282
petrified	12281
hospice	12280
skipper	12279
bode	12278
braid	12277
exasperation	12276
grips	12275
rebuttal	12274
fixate	12273
abraham	12272
hustler	12271
flunk	12270
accorded	12269
blatant	12268
drab	12267
denigrate	12266
juries	12265
mosquitoes	12264
contrived	12263
pained	12262
piers	12261
alberta	12260
salespeople	12259
smoky	12258
patriarchy	12257
serene	12256
flanks	12255
philosophically	12254
renown	12253
cheerleader	12252
stuffy	12251
wrest	12250
bribes	12249
loafer	12248
startled	12247
misstep	12246
ashley	12245
cranberry	12244
chug	12243
browsing	12242
whittle	12241
befit	12240
activates	12239
assembling	12238
gentry	12237
forbade	12236
reimbursement	12235
bogus	12234
undulating	12233
suede	12232
biker	12231
euphemism	12230
dismount	12229
twenties	12228
successively	12227
polygraph	12226
enumerate	12225
condemning	12224
entangled	12223
refurbish	12222
generalizations	12221
doughnut	12220
masterful	12219
biases	12218
flaps	12217
truffle	12216
defiant	12215
truthful	12214
gatekeeper	12213
boon	12212
practising	12211
urinate	12210
com	12209
rapids	12208
hassle	12207
elated	12206
lemonade	12205
thoroughfare	12204
errant	12203
spectacularly	12202
goofy	12201
dialogues	12200
lovemaking	12199
promoters	12198
burrows	12197
dublin	12196
aggressiveness	12195
horrendous	12194
brisk	12193
martini	12192
tantamount	12191
fragrant	12190
morphological	12189
misty	12188
pharmacist	12187
contentment	12186
burglary	12185
envisaged	12184
trope	12183
poignant	12182
magma	12181
manicured	12180
apologized	12179
omelet	12178
noticing	12177
aux	12176
effortless	12175
paleontologist	12174
vat	12173
annotated	12172
bicker	12171
tenderly	12170
whim	12169
bemoan	12168
foes	12167
pedophile	12166
brokers	12165
peasantry	12164
pebble	12163
stabbing	12162
cluttered	12161
sixties	12160
discharges	12159
honoring	12158
savory	12157
moisten	12156
glitter	12155
julie	12154
carnivore	12153
kyle	12152
meatball	12151
lukewarm	12150
commend	12149
alerted	12148
obsess	12147
racetrack	12146
awakened	12145
wiper	12144
paprika	12143
hearty	12142
marshmallow	12141
lucas	12140
hone	12139
coalitions	12138
offbeat	12137
tankers	12136
ingestion	12135
endeavors	12134
lurid	12133
disinterested	12132
acquiesce	12131
generously	12130
scum	12129
demos	12128
pelt	12127
partitions	12126
marc	12125
inferiority	12124
grenades	12123
shouts	12122
plaid	12121
bubbly	12120
fiance	12119
michelle	12118
cleat	12117
annoyance	12116
orthography	12115
carton	12114
disservice	12113
blinded	12112
snipers	12111
peppermint	12110
crusaders	12109
proclaiming	12108
rosy	12107
murphy	12106
wilt	12105
greased	12104
barbarians	12103
stripper	12102
anguished	12101
fireman	12100
droop	12099
armchair	12098
heartbreaking	12097
unzip	12096
disqualified	12095
duchy	12094
quadratic	12093
adhered	12092
outlandish	12091
thrift	12090
prod	12089
frameworks	12088
directories	12087
coed	12086
frequented	12085
manufactures	12084
midtown	12083
limo	12082
deli	12081
discredited	12080
ramps	12079
scalpel	12078
paraphernalia	12077
underclass	12076
skid	12075
blacken	12074
homelessness	12073
humiliated	12072
semifinal	12071
hunts	12070
acceptability	12069
seductive	12068
accolade	12067
contends	12066
pleasantly	12065
bogey	12064
murderous	12063
restricts	12062
hushed	12061
incubator	12060
cynicism	12059
poodle	12058
twine	12057
hoot	12056
cashier	12055
poacher	12054
airman	12053
subsume	12052
confesses	12051
meteorologist	12050
perverse	12049
frontiers	12048
battleships	12047
injections	12046
forthright	12045
fleck	12044
hinges	12043
vitro	12042
louse	12041
medic	12040
makeover	12039
overseen	12038
refuel	12037
raincoat	12036
scrapbook	12035
broadened	12034
retrain	12033
consumerism	12032
mono	12031
hereby	12030
wart	12029
villas	12028
wryly	12027
bouts	12026
ax	12025
avocado	12024
sparkle	12023
earnestly	12022
favoring	12021
cursor	12020
bungalow	12019
hitch	12018
moisturizer	12017
bandit	12016
shortcut	12015
wrench	12014
reputed	12013
sioux	12012
ludicrous	12011
downright	12010
favours	12009
initiates	12008
bursting	12007
massacres	12006
compilers	12005
jerky	12004
acne	12003
lineman	12002
spurn	12001
transformative	12000
pander	11999
rant	11998
motivator	11997
whack	11996
remedial	11995
wistful	11994
pulpit	11993
stunts	11992
turnip	11991
entomologist	11990
clientele	11989
loophole	11988
boater	11987
unfurl	11986
thwarted	11985
amuse	11984
slimy	11983
oranges	11982
slat	11981
pulsar	11980
gospels	11979
ab	11978
hammers	11977
retriever	11976
interrogator	11975
locust	11974
despised	11973
strikeout	11972
comedians	11971
pellets	11970
scavenger	11969
mottled	11968
grasshopper	11967
filmmaking	11966
accompanies	11965
grunt	11964
tongs	11963
alaska	11962
democracies	11961
overshadowed	11960
cringe	11959
mousse	11958
layouts	11957
perfectionism	11956
deletion	11955
redistribute	11954
orchestrated	11953
queasy	11952
crux	11951
grassy	11950
gritty	11949
bingo	11948
rollers	11947
fissure	11946
impervious	11945
bumps	11944
confidant	11943
clam	11942
treetop	11941
jesuit	11940
rebate	11939
winery	11938
enticing	11937
prophecies	11936
python	11935
molestation	11934
excelled	11933
macho	11932
gurney	11931
disillusion	11930
epidemics	11929
brad	11928
sesame	11927
exhort	11926
ionization	11925
championed	11924
buoyant	11923
btw	11922
underrepresented	11921
cereals	11920
enliven	11919
limousine	11918
afflicted	11917
understandably	11916
alfalfa	11915
referees	11914
appropriated	11913
rigged	11912
expertly	11911
whomever	11910
squarely	11909
quirky	11908
awkwardly	11907
underpin	11906
secretaries	11905
deformity	11904
breweries	11903
graciously	11902
breeder	11901
perfectionist	11900
noxious	11899
solubility	11898
regency	11897
hectare	11896
pardoned	11895
morbidity	11894
sluggish	11893
brawl	11892
sham	11891
swoop	11890
gnarled	11889
capsules	11888
encroach	11887
perceptive	11886
hoist	11885
cyst	11884
contrive	11883
widows	11882
cos	11881
enhances	11880
forks	11879
jars	11878
concentrates	11877
pomegranate	11876
intrepid	11875
ct	11874
jagged	11873
skyward	11872
blatantly	11871
caucasian	11870
horizons	11869
abet	11868
dennis	11867
cults	11866
dashboard	11865
warplane	11864
algerian	11863
antitrust	11862
shielded	11861
condescending	11860
taiwanese	11859
swish	11858
oatmeal	11857
awning	11856
ceded	11855
obtains	11854
acorn	11853
owls	11852
behaviours	11851
buyout	11850
bends	11849
cottonwood	11848
vigilant	11847
roaming	11846
malpractice	11845
perplex	11844
vertebrae	11843
urchin	11842
drinker	11841
snag	11840
powerhouse	11839
grisly	11838
upstate	11837
watermelon	11836
flanked	11835
compromising	11834
stockbroker	11833
pregnancies	11832
demolish	11831
gingerbread	11830
ravaged	11829
accumulating	11828
undermining	11827
blockage	11826
adversity	11825
suppressing	11824
foyer	11823
cemented	11822
vaccinate	11821
resolves	11820
orthogonal	11819
lentils	11818
possessive	11817
briton	11816
cot	11815
deploying	11814
quarks	11813
braided	11812
uncanny	11811
sprayed	11810
tendon	11809
confidently	11808
reaffirmed	11807
bottoms	11806
musty	11805
coached	11804
resounding	11803
capitalists	11802
audubon	11801
yugoslav	11800
neoliberal	11799
citations	11798
jesse	11797
melanoma	11796
wiggle	11795
blends	11794
squared	11793
grimy	11792
postcards	11791
toenail	11790
medicaid	11789
linda	11788
cynic	11787
astonishingly	11786
marcus	11785
oversize	11784
madam	11783
malaise	11782
fussy	11781
horribly	11780
chained	11779
agonize	11778
litre	11777
airship	11776
sardine	11775
dissenter	11774
bacterium	11773
geologist	11772
mend	11771
gaunt	11770
ne	11769
babble	11768
parenthesis	11767
onerous	11766
exempted	11765
unborn	11764
purified	11763
crossword	11762
conveys	11761
nab	11760
ol	11759
dishonest	11758
keywords	11757
indelible	11756
smuggled	11755
facets	11754
vivo	11753
zipper	11752
insatiable	11751
quaint	11750
sternly	11749
horrifying	11748
broach	11747
confines	11746
precocious	11745
penned	11744
singled	11743
reassurance	11742
upstart	11741
regulars	11740
petals	11739
animations	11738
pep	11737
sleazy	11736
furiously	11735
begs	11734
boneless	11733
rodeo	11732
wretched	11731
fanatic	11730
unscathed	11729
awaited	11728
nearing	11727
stairway	11726
methyl	11725
violator	11724
chores	11723
mats	11722
ordinances	11721
spout	11720
underline	11719
funerals	11718
abortions	11717
coupe	11716
interagency	11715
realistically	11714
innocently	11713
fart	11712
wand	11711
spectra	11710
surnames	11709
relent	11708
impropriety	11707
darkest	11706
reconfigure	11705
auburn	11704
te	11703
alphabetical	11702
cis	11701
demonize	11700
legalize	11699
tofu	11698
purr	11697
ledger	11696
celebratory	11695
drizzle	11694
azalea	11693
assurances	11692
psychometric	11691
swearing	11690
involuntarily	11689
specifics	11688
purveyor	11687
utah	11686
jumpers	11685
predictability	11684
venice	11683
intersections	11682
orbitals	11681
constituting	11680
scripted	11679
disobey	11678
nephews	11677
usurp	11676
servicing	11675
contradicted	11674
busily	11673
rodent	11672
lactose	11671
broiler	11670
thaw	11669
creeping	11668
megawatt	11667
treble	11666
inexorably	11665
athens	11664
communicative	11663
syringe	11662
toughen	11661
blows	11660
lends	11659
conciliatory	11658
breezy	11657
placard	11656
eater	11655
stickers	11654
artful	11653
screenings	11652
gourd	11651
golfing	11650
overgrown	11649
shabby	11648
headway	11647
alters	11646
consign	11645
learners	11644
stubby	11643
jamming	11642
proffer	11641
palpable	11640
dipping	11639
picket	11638
impotent	11637
anoint	11636
crucified	11635
afloat	11634
launder	11633
tit	11632
receptionist	11631
voluminous	11630
inkling	11629
perestroika	11628
err	11627
bemused	11626
envelopes	11625
rbi	11624
swipe	11623
scandinavian	11622
furor	11621
thermostat	11620
embroil	11619
pantry	11618
construed	11617
compatriot	11616
bulkhead	11615
trunks	11614
frigate	11613
nymph	11612
fringes	11611
petite	11610
siphon	11609
umm	11608
tendril	11607
florence	11606
subcontractor	11605
bog	11604
homogeneity	11603
dyed	11602
approves	11601
unforgiving	11600
reciprocate	11599
electing	11598
ballerina	11597
aviator	11596
multifaceted	11595
stuffing	11594
condominium	11593
glassy	11592
zionist	11591
biking	11590
malady	11589
soulful	11588
clipping	11587
quandary	11586
mister	11585
videotaped	11584
emeritus	11583
mightily	11582
conscription	11581
jordanian	11580
jiggle	11579
sauces	11578
professed	11577
koran	11576
colt	11575
epidemiologist	11574
java	11573
dielectric	11572
lopsided	11571
commando	11570
resolutely	11569
tinker	11568
nifty	11567
karl	11566
sensuous	11565
pyramids	11564
trepidation	11563
notary	11562
cajun	11561
tilted	11560
conspirator	11559
signaled	11558
hunker	11557
lo	11556
tutoring	11555
cafes	11554
handsomely	11553
lucy	11552
contacting	11551
inventing	11550
stymie	11549
taps	11548
profanity	11547
accommodated	11546
boosting	11545
talker	11544
tiers	11543
morsel	11542
squeezed	11541
watchdog	11540
backwater	11539
nordic	11538
virginity	11537
geologists	11536
hubris	11535
matured	11534
gutter	11533
situ	11532
gleefully	11531
newcastle	11530
insinuate	11529
introductions	11528
hijacked	11527
horny	11526
stony	11525
renting	11524
instigate	11523
puppets	11522
elevators	11521
bewildering	11520
ridiculed	11519
chairwoman	11518
pr	11517
croon	11516
nicaraguan	11515
cursory	11514
partisans	11513
serviced	11512
governs	11511
ralph	11510
paramedic	11509
artworks	11508
resell	11507
appendage	11506
gambler	11505
richmond	11504
heartland	11503
arcs	11502
renegotiate	11501
segmentation	11500
respectfully	11499
enormity	11498
essayist	11497
tennessee	11496
mater	11495
handbag	11494
adamantly	11493
carnage	11492
ageing	11491
fecal	11490
directives	11489
todd	11488
beige	11487
unequivocal	11486
rhino	11485
wistfully	11484
meltdown	11483
lichen	11482
lizards	11481
gust	11480
sultry	11479
nugget	11478
stereotyping	11477
cutout	11476
departures	11475
subsets	11474
headstone	11473
anecdotes	11472
tensor	11471
testimonial	11470
speckled	11469
behaving	11468
cordless	11467
detonated	11466
rooster	11465
cabins	11464
jasmine	11463
sludge	11462
disordered	11461
albanian	11460
itinerary	11459
leeway	11458
bowed	11457
hairline	11456
millet	11455
abu	11454
spaniard	11453
grille	11452
lunchtime	11451
enquirer	11450
relive	11449
icing	11448
undecided	11447
waive	11446
widower	11445
foreshadow	11444
distortions	11443
attitudinal	11442
anglican	11441
templates	11440
realising	11439
boundless	11438
trademarks	11437
shire	11436
dripping	11435
birdie	11434
sapling	11433
bushy	11432
risking	11431
stoop	11430
triumphantly	11429
bailey	11428
purist	11427
feats	11426
itch	11425
revisited	11424
validated	11423
sinners	11422
fad	11421
vols	11420
dogwood	11419
visas	11418
plugged	11417
dunk	11416
troublemaker	11415
fumes	11414
swapped	11413
drawbacks	11412
quickness	11411
imaginable	11410
roaring	11409
jigsaw	11408
spacetime	11407
preponderance	11406
stricter	11405
dishwasher	11404
jab	11403
strung	11402
creaking	11401
surpassing	11400
secretariat	11399
polenta	11398
adhesion	11397
diagnoses	11396
dwellers	11395
alkali	11394
woefully	11393
fooled	11392
revulsion	11391
finalists	11390
stylist	11389
fray	11388
haunting	11387
vapour	11386
canons	11385
amiable	11384
swimmers	11383
watery	11382
newsroom	11381
adage	11380
mop	11379
surfer	11378
horde	11377
shelve	11376
litres	11375
sampler	11374
shortening	11373
protestantism	11372
trapper	11371
ceilings	11370
washer	11369
sabbatical	11368
airfare	11367
compromises	11366
paltry	11365
gathers	11364
frond	11363
beau	11362
parliaments	11361
mournful	11360
housework	11359
pruning	11358
pretzel	11357
antidote	11356
rubbed	11355
permanence	11354
flashy	11353
poisons	11352
swirling	11351
relentlessly	11350
coinage	11349
riveting	11348
efficiencies	11347
gash	11346
berate	11345
testicle	11344
hatchery	11343
consecration	11342
unending	11341
fr	11340
misread	11339
stalking	11338
baboon	11337
authoritarianism	11336
succinctly	11335
standings	11334
bough	11333
forbids	11332
oblivion	11331
reassemble	11330
budge	11329
footnotes	11328
slosh	11327
battled	11326
foreclosure	11325
advancements	11324
harrison	11323
ideologue	11322
malls	11321
unannounced	11320
matchup	11319
haste	11318
puny	11317
scalar	11316
encampment	11315
holmes	11314
silicone	11313
recline	11312
masse	11311
hughes	11310
upsetting	11309
pedals	11308
warranted	11307
solves	11306
edgy	11305
reheat	11304
unassuming	11303
faceless	11302
deconstruct	11301
nobleman	11300
drool	11299
soundly	11298
insurmountable	11297
resists	11296
eased	11295
catheter	11294
isis	11293
tightened	11292
undeniable	11291
seedy	11290
shambles	11289
karen	11288
outdo	11287
panacea	11286
encapsulate	11285
finality	11284
acuity	11283
mayhem	11282
fragility	11281
nightstand	11280
ailments	11279
delegations	11278
defector	11277
ll	11276
antisocial	11275
brat	11274
donating	11273
inconsequential	11272
disprove	11271
unspoken	11270
rector	11269
luis	11268
evaluator	11267
trivia	11266
jumpsuit	11265
approx	11264
freezes	11263
edged	11262
claimants	11261
secularism	11260
libretto	11259
realignment	11258
ruefully	11257
genteel	11256
colossal	11255
admirers	11254
chafe	11253
referencing	11252
airy	11251
prenatal	11250
foothills	11249
overseer	11248
assail	11247
eave	11246
oily	11245
pursues	11244
reconstitute	11243
pharaoh	11242
friars	11241
goalie	11240
libyan	11239
closures	11238
tenderloin	11237
diligence	11236
wounding	11235
feisty	11234
annuity	11233
yearbook	11232
endearing	11231
tantalize	11230
soups	11229
restaurateur	11228
fender	11227
baggy	11226
masquerade	11225
crumbling	11224
tepid	11223
restroom	11222
forebear	11221
cranes	11220
surcharge	11219
defenseless	11218
dispenser	11217
unfettered	11216
contaminants	11215
belittle	11214
selector	11213
imperfections	11212
entrants	11211
fatten	11210
dissipated	11209
alleyway	11208
ail	11207
bloated	11206
schoolgirl	11205
disrespectful	11204
countable	11203
shaving	11202
constrict	11201
coursework	11200
prohibitions	11199
smudge	11198
ration	11197
glitch	11196
uprooted	11195
zealous	11194
rodents	11193
warmed	11192
boisterous	11191
subpoena	11190
subscriptions	11189
environmentalism	11188
bombarded	11187
deceptively	11186
totalling	11185
nonstop	11184
wicket	11183
senseless	11182
burglar	11181
ominously	11180
anchovy	11179
demeaning	11178
shitty	11177
underestimated	11176
misdemeanor	11175
craftsman	11174
coolness	11173
pastures	11172
hangout	11171
cooperatives	11170
underly	11169
marred	11168
organizes	11167
smells	11166
sizzle	11165
flashback	11164
lured	11163
roil	11162
panamanian	11161
herein	11160
responder	11159
spencer	11158
specializes	11157
pernicious	11156
profusion	11155
waterfowl	11154
incongruous	11153
enlighten	11152
likened	11151
sparrow	11150
indigent	11149
hectic	11148
tel	11147
lite	11146
barrister	11145
epidemiological	11144
pretended	11143
invert	11142
charms	11141
ve	11140
evicted	11139
commencing	11138
immaculate	11137
complemented	11136
ferocity	11135
belligerent	11134
beggar	11133
plod	11132
giddy	11131
towing	11130
lifeguard	11129
serenity	11128
downpour	11127
enshrine	11126
evolves	11125
caterer	11124
tributaries	11123
exemplar	11122
brooks	11121
homey	11120
sundown	11119
portals	11118
approving	11117
smartly	11116
pretrial	11115
fright	11114
sheds	11113
inset	11112
flak	11111
terminus	11110
architectures	11109
psychiatrists	11108
scab	11107
disillusionment	11106
lynching	11105
recuperate	11104
overhang	11103
sunflower	11102
franc	11101
gynecologist	11100
plough	11099
cheesy	11098
aural	11097
venezuelan	11096
plaques	11095
localization	11094
feathered	11093
ducts	11092
reproducing	11091
handiwork	11090
placate	11089
regal	11088
leafy	11087
sellout	11086
overcame	11085
attendants	11084
debacle	11083
unsolicited	11082
tracker	11081
recital	11080
stretcher	11079
whirlpool	11078
layman	11077
tucked	11076
foreword	11075
sayings	11074
determinants	11073
quieter	11072
engross	11071
seamless	11070
embattled	11069
titanic	11068
stipulation	11067
prefect	11066
sassy	11065
incarcerated	11064
jogger	11063
preachers	11062
enthrall	11061
latch	11060
ethylene	11059
twinge	11058
doesnt	11057
windowless	11056
burying	11055
heartfelt	11054
inventive	11053
implanted	11052
furry	11051
retracted	11050
behavioural	11049
subtext	11048
geopolitical	11047
duncan	11046
algebras	11045
dylan	11044
terraces	11043
dryly	11042
ellen	11041
protectionism	11040
mayonnaise	11039
summarizes	11038
hanger	11037
persistently	11036
cutters	11035
spec	11034
toasted	11033
moods	11032
joyous	11031
stewardship	11030
diode	11029
mules	11028
extrinsic	11027
solace	11026
cleaners	11025
jettison	11024
poetics	11023
tweak	11022
freaking	11021
badges	11020
ravine	11019
kilometre	11018
hookup	11017
hypothesized	11016
parisian	11015
leaflets	11014
counterinsurgency	11013
duplicated	11012
microbes	11011
foreclose	11010
centenary	11009
passivity	11008
chagrin	11007
unanticipated	11006
compulsive	11005
observant	11004
vial	11003
applauded	11002
nothingness	11001
ive	11000
backseat	10999
superheroes	10998
odyssey	10997
leaguer	10996
knack	10995
bridging	10994
metrics	10993
rescind	10992
tanned	10991
vents	10990
gruff	10989
shedding	10988
mri	10987
tsar	10986
sweatshop	10985
necessities	10984
pies	10983
slog	10982
archery	10981
stabilizing	10980
diva	10979
silverware	10978
notebooks	10977
expletive	10976
lloyd	10975
afar	10974
stuttering	10973
emptied	10972
wholeness	10971
redeemed	10970
eyeball	10969
bereft	10968
ware	10967
multiracial	10966
forging	10965
ribbons	10964
prejudices	10963
enchanted	10962
nicholas	10961
transporter	10960
bequeath	10959
skiers	10958
disingenuous	10957
detainees	10956
shrivel	10955
motley	10954
ploy	10953
forestall	10952
hires	10951
skipping	10950
noncompliance	10949
inserts	10948
womanhood	10947
haphazard	10946
prof	10945
retailing	10944
masterpieces	10943
tad	10942
illusory	10941
heretofore	10940
deliberations	10939
ps	10938
sojourn	10937
inappropriately	10936
narcotics	10935
sordid	10934
ventilator	10933
harbinger	10932
vagaries	10931
copyrighted	10930
meditate	10929
patronize	10928
unmistakably	10927
showroom	10926
congenial	10925
astrophysicist	10924
minimise	10923
aides	10922
fanatical	10921
buzzer	10920
noisily	10919
narrowed	10918
papaya	10917
siding	10916
desolate	10915
starkly	10914
invitations	10913
sheen	10912
slaughterhouse	10911
enterprising	10910
swat	10909
starlight	10908
banal	10907
affable	10906
bleach	10905
blindly	10904
taker	10903
undercurrent	10902
rs	10901
eucalyptus	10900
intestines	10899
catwalk	10898
obeyed	10897
associating	10896
hem	10895
largemouth	10894
hospitalization	10893
commuting	10892
borderline	10891
leases	10890
collided	10889
signatories	10888
pricey	10887
justifying	10886
uneasiness	10885
meringue	10884
ridiculously	10883
barbershop	10882
jaded	10881
vindication	10880
janitor	10879
businesslike	10878
deduct	10877
gaping	10876
lazily	10875
salvadoran	10874
tryout	10873
clothed	10872
tonne	10871
shillings	10870
outstrip	10869
degrading	10868
reposition	10867
indignity	10866
eminently	10865
gymnast	10864
uncharted	10863
falsify	10862
extracting	10861
flocks	10860
combative	10859
tentacles	10858
charger	10857
miraculously	10856
worshiper	10855
silky	10854
affront	10853
resumes	10852
mutt	10851
embraces	10850
fifths	10849
principled	10848
menacing	10847
magnate	10846
fashions	10845
stigmatize	10844
okra	10843
corduroy	10842
femme	10841
hotline	10840
supervising	10839
tweeted	10838
misrepresent	10837
acutely	10836
specialties	10835
curbside	10834
abatement	10833
loaned	10832
deluge	10831
waterfalls	10830
boron	10829
manicure	10828
storybook	10827
cleanly	10826
massacred	10825
rabid	10824
sunscreen	10823
dandelion	10822
contractions	10821
bullpen	10820
shuttered	10819
buttress	10818
undocumented	10817
cacophony	10816
prefecture	10815
biotech	10814
detest	10813
intrigued	10812
ambushed	10811
woolly	10810
fervently	10809
roost	10808
increments	10807
boxers	10806
kindle	10805
subversion	10804
flavored	10803
mutate	10802
juveniles	10801
burdensome	10800
cameraman	10799
cherished	10798
cal	10797
lightness	10796
blooms	10795
accuses	10794
spotless	10793
jackpot	10792
catalogues	10791
rousing	10790
incite	10789
incessantly	10788
peck	10787
schoolyard	10786
yachts	10785
interfaith	10784
glaring	10783
earshot	10782
provocation	10781
clarke	10780
weariness	10779
stalks	10778
citywide	10777
stoic	10776
condone	10775
groves	10774
irrigate	10773
colin	10772
redden	10771
excesses	10770
tripod	10769
darwinian	10768
graft	10767
indiscriminate	10766
scratches	10765
granulate	10764
squawk	10763
bounced	10762
trimming	10761
evoked	10760
horsemen	10759
strut	10758
audacious	10757
junkie	10756
exasperated	10755
electrostatic	10754
skiff	10753
crewman	10752
centimetres	10751
interchangeably	10750
unattractive	10749
belatedly	10748
marxism	10747
respirator	10746
diana	10745
flounder	10744
insidious	10743
looted	10742
galvanized	10741
crotch	10740
microphones	10739
interlude	10738
staples	10737
sensed	10736
migraine	10735
prosecutions	10734
dashed	10733
canola	10732
trams	10731
commotion	10730
acquires	10729
dietitian	10728
paranormal	10727
tragedies	10726
booths	10725
snippet	10724
uncontrollably	10723
litmus	10722
sitter	10721
beeper	10720
heartily	10719
disregarded	10718
frenetic	10717
aqueous	10716
risked	10715
affiliations	10714
conifer	10713
ghostly	10712
veterinarian	10711
daydream	10710
conduction	10709
goblet	10708
campsite	10707
yelp	10706
wimp	10705
dissonance	10704
mailed	10703
manslaughter	10702
shading	10701
fiasco	10700
refractor	10699
setbacks	10698
elucidate	10697
leveled	10696
ovens	10695
hannah	10694
caterpillar	10693
planar	10692
hart	10691
maximizing	10690
conflicted	10689
tribunals	10688
idiots	10687
derailleur	10686
astounded	10685
anus	10684
denunciation	10683
numbness	10682
rundown	10681
liberalize	10680
blazing	10679
shawl	10678
exited	10677
jo	10676
confectioner	10675
detour	10674
gunpoint	10673
extinguished	10672
blinding	10671
joan	10670
greenish	10669
plumber	10668
teasing	10667
talon	10666
looming	10665
deterministic	10664
patently	10663
comforter	10662
goodies	10661
wispy	10660
expound	10659
breaches	10658
messed	10657
adjourn	10656
posh	10655
putative	10654
glittering	10653
disillusioned	10652
injecting	10651
limbo	10650
criticizes	10649
camels	10648
foreboding	10647
underdog	10646
jammed	10645
mortars	10644
quagmire	10643
munich	10642
risotto	10641
contemplating	10640
rationalization	10639
nurturing	10638
mobster	10637
tributes	10636
gunmen	10635
oncologist	10634
plucked	10633
indignation	10632
summertime	10631
mink	10630
alluded	10629
trifle	10628
bombshell	10627
tidbit	10626
legitimately	10625
readout	10624
registering	10623
smug	10622
fable	10621
fondle	10620
opal	10619
metaphorically	10618
stimulates	10617
rump	10616
shh	10615
perseverance	10614
indexes	10613
amphibian	10612
capacitor	10611
manhood	10610
ethicist	10609
silo	10608
settles	10607
ruth	10606
fared	10605
raccoon	10604
worksheet	10603
slugger	10602
unbelievably	10601
streamline	10600
sclerosis	10599
matron	10598
lowlands	10597
satan	10596
carelessly	10595
rapport	10594
accredit	10593
weekdays	10592
mains	10591
sc	10590
payday	10589
fetish	10588
categorically	10587
intercollegiate	10586
dupe	10585
screwed	10584
beret	10583
encountering	10582
abreast	10581
electrify	10580
storied	10579
hammered	10578
emissary	10577
extremism	10576
trove	10575
interracial	10574
mackerel	10573
resigning	10572
peculiarity	10571
liquidate	10570
stables	10569
blanch	10568
coolant	10567
methamphetamine	10566
figuratively	10565
bullish	10564
spade	10563
cappuccino	10562
beefy	10561
tonnage	10560
insightful	10559
whiz	10558
umbilical	10557
abolishing	10556
discrepancies	10555
hazy	10554
sped	10553
superman	10552
flattering	10551
obstetrician	10550
alleging	10549
frugal	10548
entryway	10547
scanners	10546
contradicts	10545
geranium	10544
heaps	10543
philanthropy	10542
misrepresentation	10541
callous	10540
pubic	10539
swallowing	10538
samba	10537
whiff	10536
unsteady	10535
envisage	10534
cocky	10533
cornstarch	10532
sewn	10531
kilometer	10530
decrepit	10529
scorn	10528
mitten	10527
hump	10526
firestorm	10525
paneling	10524
wasps	10523
radicalism	10522
wallace	10521
abject	10520
mellow	10519
roving	10518
environs	10517
moviegoer	10516
recommending	10515
eraser	10514
resistor	10513
generational	10512
evasive	10511
skinhead	10510
commuters	10509
turtleneck	10508
competes	10507
skitter	10506
untested	10505
safest	10504
flax	10503
evangelist	10502
turrets	10501
manifests	10500
depreciation	10499
tangy	10498
plush	10497
recognising	10496
thunderous	10495
vigilance	10494
adversaries	10493
demoralize	10492
summits	10491
caroline	10490
doubtless	10489
unwelcome	10488
motorcade	10487
exorbitant	10486
tolls	10485
fiancee	10484
televise	10483
isomorphic	10482
impeccable	10481
baffling	10480
olives	10479
obnoxious	10478
rumbling	10477
dimple	10476
tnt	10475
liberally	10474
preparedness	10473
lifeless	10472
reels	10471
peddler	10470
scrolling	10469
pitiful	10468
townships	10467
geese	10466
traitors	10465
woolen	10464
archived	10463
intoxicate	10462
tyre	10461
grandkid	10460
chants	10459
bottomless	10458
amish	10457
clenched	10456
otherworldly	10455
yearning	10454
voracious	10453
paucity	10452
succumbed	10451
embolden	10450
crescendo	10449
grudge	10448
croak	10447
edwards	10446
laughable	10445
imam	10444
bewilderment	10443
strapped	10442
chubby	10441
clutter	10440
woodpecker	10439
checkout	10438
bohemian	10437
careen	10436
bittersweet	10435
infused	10434
extricate	10433
investigates	10432
harmonics	10431
slums	10430
tearful	10429
flannel	10428
mesa	10427
rhubarb	10426
deterrence	10425
folders	10424
gratification	10423
curses	10422
hesitantly	10421
reboot	10420
bureaucrats	10419
bagel	10418
chivalry	10417
geyser	10416
grande	10415
ruddy	10414
grapefruit	10413
harold	10412
dharma	10411
whirlwind	10410
amphitheater	10409
moderated	10408
intimidated	10407
ibid	10406
raindrop	10405
stateroom	10404
thermodynamics	10403
cadaver	10402
intifada	10401
furthest	10400
reelection	10399
noses	10398
isolating	10397
expires	10396
sponsoring	10395
oppositional	10394
brooch	10393
leaps	10392
slink	10391
voicing	10390
remittance	10389
transfusion	10388
iridescent	10387
hostel	10386
granny	10385
lilac	10384
sherry	10383
glut	10382
bookseller	10381
magically	10380
troopers	10379
newsprint	10378
outrun	10377
expectant	10376
opulent	10375
munch	10374
crossfire	10373
songbird	10372
kitty	10371
understatement	10370
compulsion	10369
countrymen	10368
sheaf	10367
infestation	10366
doping	10365
sportswriter	10364
vans	10363
refineries	10362
ointment	10361
louise	10360
speechless	10359
unbridled	10358
nhl	10357
immobilize	10356
buggy	10355
flakes	10354
spotty	10353
logarithm	10352
meddle	10351
intertwined	10350
batsman	10349
hardball	10348
surmount	10347
foggy	10346
accomplice	10345
truckload	10344
benefiting	10343
commensurate	10342
outgrowth	10341
strives	10340
owen	10339
pda	10338
twists	10337
sneeze	10336
rewriting	10335
headers	10334
ugliness	10333
appreciative	10332
loyalists	10331
repellent	10330
foodborne	10329
perpetrated	10328
portland	10327
indexing	10326
irreverent	10325
sudanese	10324
disengagement	10323
hairdo	10322
nip	10321
aphasia	10320
hateful	10319
abhor	10318
micron	10317
captions	10316
lamented	10315
dud	10314
trojan	10313
flowered	10312
heterogeneity	10311
bigotry	10310
sleigh	10309
tulip	10308
expended	10307
disrupting	10306
communes	10305
exhilaration	10304
codex	10303
totalitarianism	10302
genomes	10301
frees	10300
typology	10299
leery	10298
communicates	10297
legume	10296
fowl	10295
assuage	10294
simpson	10293
accords	10292
refractive	10291
ajar	10290
perplexing	10289
dole	10288
geriatric	10287
annals	10286
finder	10285
restarted	10284
peacock	10283
lasagna	10282
bulldoze	10281
activating	10280
glazed	10279
apathy	10278
euphoria	10277
patronizing	10276
brothel	10275
cooperated	10274
char	10273
sympathies	10272
seamlessly	10271
gliding	10270
catechism	10269
heft	10268
blazer	10267
twinkle	10266
blames	10265
servicemen	10264
dreaded	10263
surrendering	10262
scrawny	10261
spooky	10260
distasteful	10259
methodologies	10258
rescues	10257
artfully	10256
campaigner	10255
provenance	10254
invariant	10253
nagging	10252
gratuitous	10251
aces	10250
gusto	10249
wheelbarrow	10248
elapse	10247
gong	10246
pique	10245
arnold	10244
treasured	10243
crosstalk	10242
impressionist	10241
deductible	10240
bins	10239
dollop	10238
outlining	10237
numeric	10236
echelon	10235
parser	10234
adoring	10233
assures	10232
dismissing	10231
goad	10230
botany	10229
empathize	10228
withering	10227
freshmen	10226
restate	10225
bo	10224
tummy	10223
quorum	10222
bros	10221
contemptuous	10220
composure	10219
bryan	10218
precariously	10217
proletariat	10216
pendant	10215
thence	10214
lice	10213
clothesline	10212
daze	10211
untold	10210
mercifully	10209
bedspread	10208
tirade	10207
issuance	10206
irate	10205
parable	10204
eel	10203
unfulfilled	10202
sunburn	10201
haggle	10200
gobbler	10199
fandom	10198
ramble	10197
flavours	10196
roach	10195
stalker	10194
crease	10193
craggy	10192
maim	10191
threaded	10190
tragically	10189
communique	10188
intergenerational	10187
squeaky	10186
dreamy	10185
halter	10184
disseminated	10183
politeness	10182
framer	10181
outlast	10180
appropriations	10179
overblown	10178
lingerie	10177
lackluster	10176
satchel	10175
interfered	10174
resettle	10173
infinitive	10172
transducer	10171
interrupts	10170
splay	10169
detergent	10168
isomorphism	10167
naivete	10166
circumscribe	10165
pita	10164
harming	10163
monotonous	10162
cultivating	10161
bestseller	10160
marginalization	10159
denouncing	10158
ethnographer	10157
inducement	10156
beep	10155
freudian	10154
succulent	10153
dainty	10152
extortion	10151
tranquil	10150
resistors	10149
scruffy	10148
venison	10147
clapboard	10146
brunch	10145
emigrant	10144
opine	10143
deepening	10142
hyperactivity	10141
fastener	10140
rhetorically	10139
mastectomy	10138
pesky	10137
sagging	10136
jittery	10135
faked	10134
trellis	10133
tabs	10132
enunciate	10131
stunted	10130
postpartum	10129
unicorn	10128
impulsive	10127
draconian	10126
reprieve	10125
volt	10124
candidly	10123
cob	10122
ing	10121
nook	10120
ipo	10119
interweave	10118
judicious	10117
bigot	10116
multiples	10115
trumpets	10114
lodges	10113
interminable	10112
orchestras	10111
evocation	10110
choppy	10109
moths	10108
unsigned	10107
precipitous	10106
lowly	10105
rappers	10104
manoeuvre	10103
cambodian	10102
deepened	10101
merciless	10100
bastion	10099
absurdly	10098
kenny	10097
welded	10096
depositor	10095
fang	10094
portfolios	10093
amputee	10092
contenders	10091
mecca	10090
caramel	10089
institutionalization	10088
queues	10087
louisiana	10086
sanguine	10085
pans	10084
ablaze	10083
vacancies	10082
sideshow	10081
indulgence	10080
abiding	10079
enforcer	10078
schoolwork	10077
reckoned	10076
slabs	10075
lingo	10074
exec	10073
formatted	10072
hijack	10071
entwine	10070
cypress	10069
commemorated	10068
underage	10067
unbutton	10066
lavishly	10065
chameleon	10064
carpets	10063
perilous	10062
raze	10061
frontline	10060
leaping	10059
programmatic	10058
unfolded	10057
tusk	10056
hopping	10055
unfounded	10054
emphasise	10053
caddie	10052
responsibly	10051
prioritize	10050
yardstick	10049
strangeness	10048
payback	10047
substandard	10046
epicenter	10045
enigma	10044
dungeons	10043
didactic	10042
militiaman	10041
deregulate	10040
incline	10039
convulsion	10038
renegade	10037
vouchers	10036
nape	10035
palmer	10034
flirtation	10033
accommodating	10032
loath	10031
clot	10030
tailback	10029
syntactic	10028
streamer	10027
snowshoe	10026
stains	10025
toothpaste	10024
regress	10023
topsoil	10022
headboard	10021
defensively	10020
shrunk	10019
abelian	10018
aussie	10017
rote	10016
joked	10015
strikers	10014
instigated	10013
unsavory	10012
falsehood	10011
amputate	10010
councilman	10009
grids	10008
unloading	10007
sockets	10006
intricately	10005
swine	10004
khakis	10003
dab	10002
swordfish	10001
hooded	10000
supremely	9999
deuterium	9998
peculiarly	9997
ensembles	9996
evaluative	9995
shroud	9994
reschedule	9993
thermos	9992
empowering	9991
impel	9990
cuddle	9989
anointed	9988
condiment	9987
aching	9986
auctions	9985
informational	9984
lecturing	9983
rapt	9982
anathema	9981
meek	9980
singh	9979
disaffected	9978
feta	9977
chisel	9976
snails	9975
crosswise	9974
cramp	9973
surreptitiously	9972
sp	9971
rile	9970
implausible	9969
sensuality	9968
hatched	9967
toothbrush	9966
stilt	9965
custard	9964
analyzes	9963
absolve	9962
pompous	9961
maverick	9960
overheated	9959
dependable	9958
lithuanian	9957
consented	9956
nullify	9955
consolidating	9954
distil	9953
plated	9952
crucify	9951
terra	9950
garish	9949
ticking	9948
regrettably	9947
condor	9946
materialistic	9945
centralize	9944
exasperate	9943
centimeters	9942
subsection	9941
profusely	9940
riverboat	9939
cartels	9938
necktie	9937
tweet	9936
recharge	9935
kink	9934
shoddy	9933
inks	9932
recovers	9931
panther	9930
decorum	9929
epiphany	9928
halibut	9927
drowsy	9926
nay	9925
limitless	9924
floured	9923
critiques	9922
hypocritical	9921
millisecond	9920
officiate	9919
waffle	9918
symbolizes	9917
squabble	9916
matinee	9915
suffixes	9914
wedlock	9913
complexities	9912
inasmuch	9911
unmatched	9910
eon	9909
participatory	9908
gargantuan	9907
lunatic	9906
suffuse	9905
checkered	9904
amanda	9903
signifier	9902
soaps	9901
unconcerned	9900
confrontations	9899
hyperbole	9898
robbers	9897
vulture	9896
gawk	9895
tribulation	9894
mindless	9893
lockout	9892
caviar	9891
superpowers	9890
inquisitive	9889
ammo	9888
combating	9887
velvety	9886
cultivars	9885
frailty	9884
inaccuracy	9883
jogging	9882
rafting	9881
bennett	9880
paratrooper	9879
hopper	9878
sunlit	9877
physiologist	9876
ladle	9875
heartbreak	9874
constructivist	9873
futurist	9872
brownstone	9871
balmy	9870
allay	9869
radiance	9868
unhappiness	9867
spectroscopy	9866
bran	9865
harrowing	9864
reticent	9863
draught	9862
raged	9861
drawl	9860
synchronous	9859
calculates	9858
criminally	9857
unrecognized	9856
reciting	9855
aghast	9854
sheepishly	9853
reminiscence	9852
mascara	9851
airstrike	9850
cicada	9849
gregarious	9848
epidemiology	9847
surly	9846
tuft	9845
ramshackle	9844
liqueur	9843
invisibility	9842
fondly	9841
pursuer	9840
decays	9839
dynamism	9838
refill	9837
decoding	9836
retainer	9835
firecracker	9834
indy	9833
vilify	9832
landscaping	9831
subdivide	9830
eddy	9829
sharper	9828
wacky	9827
spousal	9826
hulking	9825
islander	9824
supremacist	9823
bosom	9822
fathom	9821
independents	9820
restlessness	9819
hudson	9818
rinsed	9817
ballgame	9816
reins	9815
blurry	9814
uttered	9813
overcast	9812
carmaker	9811
incurable	9810
mandolin	9809
tumbler	9808
quickest	9807
wristwatch	9806
ouster	9805
hilt	9804
consultations	9803
departmental	9802
organically	9801
cognac	9800
octaves	9799
unyielding	9798
phonemes	9797
fades	9796
trivialize	9795
polynomials	9794
julian	9793
defraud	9792
relegation	9791
amalgam	9790
ported	9789
accountants	9788
layup	9787
inwardly	9786
cystic	9785
scrambled	9784
personification	9783
awkwardness	9782
disinfectant	9781
believable	9780
jurist	9779
preservative	9778
courtly	9777
cages	9776
reputable	9775
sizzling	9774
utensils	9773
baste	9772
promiscuous	9771
gubernatorial	9770
dictum	9769
boardwalk	9768
physique	9767
ricotta	9766
michel	9765
empathetic	9764
gimmick	9763
exalt	9762
afield	9761
docked	9760
daffodil	9759
endocrine	9758
technicality	9757
memorialize	9756
nsfw	9755
dumps	9754
viciously	9753
dehydrate	9752
pulitzer	9751
colloquially	9750
outhouse	9749
carousel	9748
warped	9747
alight	9746
spiky	9745
pedigree	9744
mead	9743
subsist	9742
corset	9741
blasts	9740
grappling	9739
assessor	9738
referent	9737
pester	9736
looms	9735
snob	9734
philharmonic	9733
opposites	9732
smattering	9731
repaid	9730
christen	9729
actuator	9728
fuelled	9727
grapevine	9726
cog	9725
incipient	9724
disparage	9723
scapegoat	9722
burdens	9721
rippling	9720
oysters	9719
sneaky	9718
excursions	9717
waistband	9716
capricious	9715
unloaded	9714
politicization	9713
motherboard	9712
ditches	9711
musing	9710
melodramatic	9709
polishing	9708
ponce	9707
crocodiles	9706
snappy	9705
undaunted	9704
puns	9703
hotbed	9702
revolts	9701
exhortation	9700
needlessly	9699
peacemaker	9698
allergen	9697
thermodynamic	9696
misbehavior	9695
persuading	9694
tweed	9693
genial	9692
magnolia	9691
afoot	9690
toolbox	9689
unstoppable	9688
indebted	9687
forego	9686
miscalculation	9685
electrician	9684
blindfold	9683
enamor	9682
surveyor	9681
parenthood	9680
diapers	9679
rumpled	9678
overpriced	9677
perversion	9676
ravages	9675
covalent	9674
rampage	9673
brainwash	9672
plating	9671
underwriter	9670
devolved	9669
unparalleled	9668
cheerleading	9667
hearsay	9666
madly	9665
retool	9664
ascendancy	9663
revising	9662
pence	9661
straps	9660
sameness	9659
luminary	9658
sparingly	9657
reassign	9656
eucharist	9655
redneck	9654
grasping	9653
midsection	9652
rater	9651
kanji	9650
ineffectual	9649
shackle	9648
upshot	9647
assertiveness	9646
chunky	9645
adaptability	9644
tantalizing	9643
molester	9642
permutation	9641
oeuvre	9640
interrogated	9639
backtrack	9638
vii	9637
maroon	9636
inordinate	9635
pledges	9634
astute	9633
downsizing	9632
petitioner	9631
cusp	9630
diplomatically	9629
disavow	9628
knapsack	9627
westminster	9626
unwrap	9625
handlers	9624
celeb	9623
distracting	9622
brewer	9621
alderman	9620
homely	9619
informer	9618
swimsuit	9617
idealize	9616
disruptions	9615
monopolize	9614
crispy	9613
ingrain	9612
fluff	9611
collarbone	9610
yorkshire	9609
filth	9608
hazelnut	9607
aa	9606
pout	9605
offshoot	9604
snowball	9603
wayside	9602
outmoded	9601
benzene	9600
discriminant	9599
alfred	9598
vulnerabilities	9597
angela	9596
recklessly	9595
angst	9594
anyways	9593
rainstorm	9592
sharia	9591
caribou	9590
calculators	9589
uncooked	9588
tasteful	9587
racy	9586
prosthetic	9585
stocked	9584
inlaid	9583
conjugate	9582
mercantile	9581
grinder	9580
indulgent	9579
insurers	9578
racketeering	9577
backlog	9576
chiropractor	9575
insensitivity	9574
misbehave	9573
blair	9572
delude	9571
dignitaries	9570
teak	9569
bradley	9568
intelligently	9567
salesperson	9566
belch	9565
practicum	9564
slant	9563
bygone	9562
enthuse	9561
exclusionary	9560
formalize	9559
enviable	9558
visceral	9557
enchant	9556
disparities	9555
parallax	9554
godfather	9553
regrettable	9552
col	9551
gripe	9550
liners	9549
giver	9548
chieftain	9547
redraw	9546
contort	9545
welder	9544
unaccustomed	9543
bridal	9542
boldness	9541
minefield	9540
defensible	9539
corp	9538
populism	9537
voodoo	9536
dispatcher	9535
manipulative	9534
infatuation	9533
garland	9532
effortlessly	9531
stalwart	9530
liters	9529
spellings	9528
microchip	9527
dale	9526
prevails	9525
fondness	9524
uncles	9523
internist	9522
holdout	9521
distressing	9520
prodigy	9519
valet	9518
qualifier	9517
chiffon	9516
imperil	9515
husky	9514
circumstantial	9513
tact	9512
corals	9511
marcher	9510
clocked	9509
almonds	9508
incubation	9507
vanishing	9506
loll	9505
shockingly	9504
snipe	9503
fudge	9502
princesses	9501
surgeries	9500
bonnet	9499
shifter	9498
purview	9497
masturbate	9496
scavenge	9495
maggot	9494
lullaby	9493
reclusive	9492
hyperactive	9491
veritable	9490
comfy	9489
slather	9488
commended	9487
hemlock	9486
skimpy	9485
colloquial	9484
lacquer	9483
nag	9482
backside	9481
steelhead	9480
sympathetically	9479
westerly	9478
sidle	9477
ameliorate	9476
extradition	9475
emanating	9474
crusader	9473
complicity	9472
cropland	9471
pariah	9470
boulders	9469
lob	9468
overpowering	9467
ancients	9466
bravely	9465
wrists	9464
unexplored	9463
finisher	9462
genitive	9461
curricula	9460
elation	9459
misdeed	9458
buttery	9457
unwed	9456
hideaway	9455
pitted	9454
cures	9453
jitters	9452
lineages	9451
transom	9450
adjoin	9449
teacup	9448
screener	9447
blemish	9446
leaflet	9445
indentation	9444
pebbles	9443
interferes	9442
inconceivable	9441
projectiles	9440
implode	9439
strides	9438
elm	9437
wrangling	9436
finesse	9435
rung	9434
dike	9433
ventured	9432
jihadist	9431
antidepressants	9430
sieve	9429
zigzag	9428
extraneous	9427
incriminating	9426
dung	9425
indecision	9424
couture	9423
multimillionaire	9422
unionized	9421
resuscitate	9420
mushy	9419
sandbag	9418
masturbation	9417
introspective	9416
agendas	9415
sandinista	9414
malcolm	9413
reinvigorate	9412
imitating	9411
anemic	9410
hammock	9409
amiss	9408
bandanna	9407
viceroy	9406
brewed	9405
checkpoints	9404
unwavering	9403
crazed	9402
deplorable	9401
martha	9400
baguette	9399
craters	9398
denizen	9397
patina	9396
vaporize	9395
dryness	9394
legalization	9393
toaster	9392
preposterous	9391
wraparound	9390
diodes	9389
crass	9388
grooming	9387
justifiably	9386
commissioning	9385
brownie	9384
travail	9383
claustrophobic	9382
acquiescence	9381
spades	9380
demean	9379
dredging	9378
infest	9377
microprocessors	9376
coyotes	9375
gall	9374
pragmatist	9373
touchstone	9372
apprehended	9371
uninformed	9370
oz	9369
dour	9368
contra	9367
flaky	9366
debunk	9365
quantization	9364
polemic	9363
cantaloupe	9362
gladiator	9361
singularly	9360
fluke	9359
demented	9358
unearthed	9357
pittsburgh	9356
lope	9355
antebellum	9354
exterminate	9353
soundbite	9352
cobbler	9351
profane	9350
parcels	9349
favoritism	9348
unleashed	9347
bandwagon	9346
pudgy	9345
blithely	9344
bawl	9343
barbaric	9342
foodstuffs	9341
unseat	9340
anthropologists	9339
tranquilizer	9338
biographers	9337
hypocrite	9336
tirelessly	9335
gizmo	9334
calming	9333
cymbals	9332
dishonesty	9331
unkind	9330
connote	9329
raymond	9328
chopsticks	9327
festoon	9326
waltz	9325
willfully	9324
astounding	9323
horticultural	9322
gearbox	9321
conveying	9320
unfairness	9319
landlady	9318
vex	9317
rumour	9316
smelly	9315
grotto	9314
prompts	9313
sicken	9312
vacated	9311
talkative	9310
autistic	9309
kiwi	9308
peppercorn	9307
juggling	9306
fittings	9305
digitize	9304
tights	9303
inexorable	9302
projective	9301
relativistic	9300
friendliness	9299
ferment	9298
wavy	9297
aspen	9296
bluish	9295
howling	9294
shakespeare	9293
foodstuff	9292
nemesis	9291
warheads	9290
enshrined	9289
habitually	9288
deadlines	9287
powders	9286
enchantment	9285
stopper	9284
antagonize	9283
shoplifting	9282
guaranteeing	9281
gully	9280
auditions	9279
voluptuous	9278
elector	9277
premonition	9276
sr	9275
snugly	9274
strangled	9273
counterbalance	9272
tasteless	9271
blacksmith	9270
underfunded	9269
auctioneer	9268
clink	9267
equalize	9266
dialing	9265
deadpan	9264
blinds	9263
donut	9262
stunningly	9261
achiever	9260
foolishly	9259
feathery	9258
celibate	9257
diligently	9256
trinket	9255
reviving	9254
ovaries	9253
ensconced	9252
overgrow	9251
formalized	9250
sickening	9249
candlestick	9248
irk	9247
homily	9246
affirms	9245
irrevocably	9244
familiarize	9243
uncomplicated	9242
homophobia	9241
conceit	9240
wharf	9239
soles	9238
conservatively	9237
tombstone	9236
antipathy	9235
notepad	9234
gratify	9233
saltwater	9232
swoon	9231
pastors	9230
mayoral	9229
antithetical	9228
underpants	9227
resented	9226
froze	9225
mildew	9224
poaching	9223
inhuman	9222
unpredictability	9221
etched	9220
shameless	9219
planetarium	9218
vend	9217
lifeline	9216
xd	9215
silken	9214
rec	9213
kickback	9212
stockpile	9211
yay	9210
mystify	9209
chests	9208
showcased	9207
shaggy	9206
meditative	9205
hypothermia	9204
diced	9203
affliction	9202
pistachio	9201
sorely	9200
arias	9199
medley	9198
beholder	9197
waddle	9196
bountiful	9195
crucifixion	9194
gilt	9193
cheesecake	9192
trawl	9191
riser	9190
whizz	9189
approximations	9188
uptight	9187
insular	9186
questioner	9185
airstrip	9184
penthouse	9183
belated	9182
balkan	9181
brandon	9180
socialite	9179
chairmanship	9178
anemia	9177
steadfastly	9176
responsiveness	9175
supermodel	9174
devotees	9173
chromatic	9172
racers	9171
amply	9170
explodes	9169
rags	9168
interrelationship	9167
despicable	9166
darkroom	9165
readjust	9164
schooner	9163
vaults	9162
grime	9161
sequester	9160
cauldron	9159
radiologist	9158
cruelly	9157
invoking	9156
painless	9155
showy	9154
infidel	9153
sausages	9152
nuzzle	9151
brunt	9150
obsessively	9149
homesick	9148
snub	9147
delinquent	9146
acumen	9145
reprehensible	9144
sarcastically	9143
bleached	9142
polled	9141
connecticut	9140
beehive	9139
stereotyped	9138
yellowed	9137
gloat	9136
microscopy	9135
fizzle	9134
tumult	9133
currant	9132
crabs	9131
apolitical	9130
shattering	9129
flooring	9128
botch	9127
madman	9126
carefree	9125
overeat	9124
legging	9123
emphysema	9122
weightless	9121
credo	9120
gentleness	9119
adhering	9118
excision	9117
storylines	9116
pathos	9115
loon	9114
doug	9113
hens	9112
cauliflower	9111
fouls	9110
hysterically	9109
jeez	9108
dissidents	9107
uncharacteristically	9106
emails	9105
repaint	9104
neurosurgeon	9103
daycare	9102
trickster	9101
nettle	9100
tuber	9099
coveralls	9098
eyed	9097
furtive	9096
democratize	9095
mediums	9094
swig	9093
rollover	9092
vertigo	9091
crunchy	9090
upturned	9089
carver	9088
retrofit	9087
slander	9086
romanticize	9085
swab	9084
vacationer	9083
aimlessly	9082
anchorage	9081
ravioli	9080
introspection	9079
hugh	9078
beater	9077
withholding	9076
blissful	9075
convincingly	9074
lumbering	9073
analysing	9072
scourge	9071
undervalue	9070
outscore	9069
intoxicating	9068
distributes	9067
decadence	9066
antiquities	9065
jacques	9064
leper	9063
collapsible	9062
foresight	9061
subprime	9060
antiseptic	9059
ricochet	9058
gunners	9057
rectify	9056
bequest	9055
yuppie	9054
merciful	9053
superstitious	9052
rebut	9051
staggered	9050
cranky	9049
vandal	9048
groupie	9047
fractional	9046
steeple	9045
nonviolence	9044
smock	9043
oppressor	9042
omen	9041
kingship	9040
tiresome	9039
clipped	9038
macros	9037
demographer	9036
rhododendron	9035
clueless	9034
unduly	9033
restraints	9032
riparian	9031
preoperative	9030
sentimentality	9029
postulated	9028
lithe	9027
tarragon	9026
accede	9025
scorecard	9024
frosty	9023
reeds	9022
windrow	9021
filet	9020
cleverly	9019
abode	9018
unraveled	9017
indistinct	9016
cinch	9015
passer	9014
spotting	9013
offstage	9012
tossing	9011
recliner	9010
pliers	9009
facedown	9008
prussian	9007
sully	9006
frothy	9005
jumbo	9004
ph	9003
uptown	9002
prospector	9001
patrolling	9000
recollect	8999
statistician	8998
smugglers	8997
phillips	8996
fireball	8995
connectedness	8994
particularity	8993
neglecting	8992
tribesman	8991
grumpy	8990
headband	8989
batches	8988
idealist	8987
unchecked	8986
clumsily	8985
mannerism	8984
ecliptic	8983
puerto	8982
intelligentsia	8981
tractors	8980
balm	8979
qualitatively	8978
miserably	8977
drooping	8976
inoculate	8975
meaningfully	8974
judgements	8973
septic	8972
innkeeper	8971
anachronism	8970
bridesmaid	8969
authorial	8968
alamo	8967
easing	8966
ligands	8965
rescuing	8964
romans	8963
scrunch	8962
horseshoe	8961
crumbled	8960
sara	8959
chalkboard	8958
pillowcase	8957
seamstress	8956
floodwaters	8955
commercialize	8954
woodlands	8953
rebellions	8952
gator	8951
strainer	8950
externalize	8949
gumbo	8948
subgroups	8947
outcast	8946
linkages	8945
floodplain	8944
cleanser	8943
pueblo	8942
girth	8941
llama	8940
transcripts	8939
photovoltaic	8938
hoopla	8937
truthfully	8936
misplaced	8935
marigold	8934
narrowing	8933
scaffold	8932
researches	8931
supposition	8930
hex	8929
flips	8928
snorkel	8927
scot	8926
terse	8925
downtime	8924
uplifting	8923
newsman	8922
unscrew	8921
discouraging	8920
receptacle	8919
snoop	8918
immortalize	8917
politicized	8916
thumbnail	8915
mitt	8914
exporters	8913
indisputable	8912
fugitives	8911
pimple	8910
craziness	8909
unopened	8908
bulletins	8907
federalist	8906
benchmarks	8905
underbrush	8904
retard	8903
cobble	8902
whir	8901
spindly	8900
schoolboy	8899
buzzword	8898
expressionless	8897
ransack	8896
usd	8895
slaying	8894
repugnant	8893
intruders	8892
forester	8891
reused	8890
earthen	8889
seventies	8888
wily	8887
sulfate	8886
bulging	8885
sorority	8884
synagogues	8883
boarder	8882
permissive	8881
reclamation	8880
siberian	8879
invertebrate	8878
wi	8877
emigre	8876
humbling	8875
pleated	8874
trombone	8873
litigate	8872
intergroup	8871
triumphs	8870
ethically	8869
goatee	8868
encore	8867
furnaces	8866
esophagus	8865
arugula	8864
astrodome	8863
allotment	8862
rheumatoid	8861
recalcitrant	8860
vouch	8859
mermaid	8858
unwrapped	8857
suburbia	8856
appraiser	8855
indoctrination	8854
clef	8853
shaker	8852
strum	8851
roundup	8850
admirably	8849
alot	8848
incontinence	8847
authorizing	8846
inaction	8845
annie	8844
dazed	8843
trawler	8842
cfc	8841
pleads	8840
aftershock	8839
stricture	8838
imitated	8837
triathlon	8836
manhunt	8835
pistons	8834
dialysis	8833
sleeveless	8832
humanly	8831
irreplaceable	8830
hiccup	8829
blossoms	8828
peripherals	8827
cluck	8826
mesquite	8825
sleet	8824
housekeeping	8823
misperception	8822
polyhedra	8821
travesty	8820
disabling	8819
crudely	8818
collie	8817
sleepless	8816
rowdy	8815
brady	8814
tightrope	8813
spanned	8812
smokestack	8811
subspace	8810
bristol	8809
stalinist	8808
preemption	8807
evokes	8806
artifice	8805
circling	8804
goof	8803
issuer	8802
untapped	8801
irons	8800
fraternal	8799
prescient	8798
preservationist	8797
haunch	8796
captivating	8795
opting	8794
souvenirs	8793
windswept	8792
franchisee	8791
accusative	8790
fetched	8789
puffing	8788
mace	8787
expectantly	8786
catholics	8785
storeroom	8784
bulletproof	8783
countenance	8782
apostrophe	8781
irritant	8780
saver	8779
milestones	8778
clang	8777
scuff	8776
netting	8775
tutors	8774
tiled	8773
foursome	8772
satanic	8771
hoard	8770
mortuary	8769
sporty	8768
unrecognizable	8767
askew	8766
rancid	8765
bowled	8764
euphoric	8763
stacking	8762
computable	8761
unresponsive	8760
erstwhile	8759
transplantation	8758
cooperatively	8757
vanquished	8756
driftwood	8755
ellipse	8754
nutshell	8753
grammars	8752
congrats	8751
forwarding	8750
pang	8749
souffle	8748
coffeehouse	8747
hexagonal	8746
tacky	8745
firefight	8744
passover	8743
cowboys	8742
lewd	8741
derelict	8740
donkeys	8739
fiscally	8738
moonlit	8737
catchy	8736
aphid	8735
theologically	8734
oscillations	8733
alertness	8732
aisles	8731
devolve	8730
grinning	8729
amok	8728
hellish	8727
folio	8726
coincidental	8725
gazebo	8724
vengeful	8723
derek	8722
reticence	8721
wrongful	8720
sprained	8719
seduced	8718
bayou	8717
quarterfinal	8716
condemns	8715
demote	8714
capitulate	8713
imagines	8712
wiretap	8711
repulse	8710
airships	8709
sorbet	8708
outage	8707
cobweb	8706
illogical	8705
leach	8704
botched	8703
sequin	8702
blacktop	8701
stationery	8700
humanize	8699
gripping	8698
boob	8697
shanty	8696
mortify	8695
nameless	8694
tightness	8693
crock	8692
rubles	8691
sari	8690
boils	8689
bazaar	8688
femur	8687
otherness	8686
tiring	8685
indiscriminately	8684
devious	8683
dynastic	8682
delirious	8681
groggy	8680
adequacy	8679
sensibly	8678
jingle	8677
misjudge	8676
severance	8675
tern	8674
frill	8673
vindictive	8672
hyperbolic	8671
archway	8670
hon	8669
stumbling	8668
lard	8667
abut	8666
snuff	8665
eucharistic	8664
isaac	8663
behead	8662
untouchable	8661
jackie	8660
plagiarism	8659
jefferson	8658
retreats	8657
magnifying	8656
ordinal	8655
precipitously	8654
civics	8653
undersecretary	8652
blower	8651
primes	8650
polyp	8649
fallow	8648
squirt	8647
runny	8646
unquestioned	8645
pessimist	8644
embarking	8643
uncertainly	8642
dragonfly	8641
paws	8640
angling	8639
earphone	8638
washcloth	8637
convoluted	8636
horseradish	8635
sulfuric	8634
juggernaut	8633
meteorology	8632
platelet	8631
thorium	8630
spar	8629
aggrieved	8628
restorative	8627
pucker	8626
guesses	8625
goo	8624
stringy	8623
nakedness	8622
superbly	8621
measles	8620
militancy	8619
timbers	8618
bloodless	8617
beards	8616
briefs	8615
hairdresser	8614
unabashed	8613
quash	8612
blight	8611
vigilante	8610
cheeses	8609
metastasis	8608
legalized	8607
rd	8606
vastness	8605
embellishment	8604
jacks	8603
subcategory	8602
jubilant	8601
savagely	8600
temperamental	8599
skates	8598
staccato	8597
justifiable	8596
misfit	8595
denser	8594
reid	8593
swatch	8592
chauffeur	8591
sidewalks	8590
pox	8589
mirage	8588
messianic	8587
resolute	8586
commandeer	8585
correspondents	8584
dishearten	8583
derision	8582
geometrical	8581
stratification	8580
americanization	8579
quivering	8578
silenced	8577
jaunt	8576
navigating	8575
brainchild	8574
reconstructive	8573
loanwords	8572
arming	8571
turpentine	8570
abrasion	8569
swagger	8568
stallion	8567
clearinghouse	8566
ode	8565
searcher	8564
foreseen	8563
sweltering	8562
theses	8561
idolize	8560
pickups	8559
stan	8558
headlong	8557
ostracize	8556
reproach	8555
astride	8554
parlay	8553
invigorating	8552
tinnitus	8551
verdant	8550
overrated	8549
approvingly	8548
psalms	8547
nightmarish	8546
slush	8545
impressively	8544
seagull	8543
unwitting	8542
diocesan	8541
walt	8540
delectable	8539
clutches	8538
unpretentious	8537
courteous	8536
conquests	8535
photocopy	8534
morbid	8533
deduced	8532
settee	8531
charade	8530
affordability	8529
narcissism	8528
clique	8527
stagnate	8526
functor	8525
primeval	8524
interruptions	8523
wrongs	8522
dilate	8521
portend	8520
topless	8519
hypnotize	8518
wrack	8517
envious	8516
eureka	8515
inscrutable	8514
ar	8513
foolproof	8512
stubbornness	8511
liberator	8510
hew	8509
wasteland	8508
ave	8507
tabulate	8506
freshen	8505
overtaken	8504
unabashedly	8503
landfall	8502
dizziness	8501
soapy	8500
dank	8499
turnovers	8498
rotates	8497
custodian	8496
hologram	8495
spills	8494
malleable	8493
croissant	8492
defibrillator	8491
swans	8490
clover	8489
pacemaker	8488
novo	8487
scoundrel	8486
sardonic	8485
vertebrates	8484
carnation	8483
peep	8482
breathlessly	8481
strapping	8480
doable	8479
chan	8478
tamale	8477
clemency	8476
hotshot	8475
offensively	8474
valiant	8473
duster	8472
quaker	8471
dapper	8470
airfoil	8469
divider	8468
ramadan	8467
teenaged	8466
speechwriter	8465
drunkenness	8464
gutsy	8463
brunette	8462
catalysts	8461
chutney	8460
tracer	8459
impersonate	8458
banter	8457
machinist	8456
expendable	8455
conductive	8454
postmodernist	8453
conjugation	8452
startlingly	8451
impinge	8450
discontinuity	8449
sportsman	8448
draped	8447
goddesses	8446
sagebrush	8445
adhd	8444
vitally	8443
glitzy	8442
seer	8441
disassemble	8440
irradiation	8439
multipurpose	8438
quid	8437
linearly	8436
pearly	8435
macroscopic	8434
arbor	8433
skunk	8432
splurge	8431
superhighway	8430
perky	8429
permutations	8428
disapproving	8427
neckline	8426
complacent	8425
percolate	8424
herder	8423
smallmouth	8422
evince	8421
rhythmically	8420
plotter	8419
runtime	8418
unknowingly	8417
skaters	8416
deodorant	8415
proclivity	8414
nazism	8413
laborious	8412
abysmal	8411
sweeter	8410
hurtful	8409
moustache	8408
squelch	8407
tenacity	8406
livable	8405
rejuvenate	8404
amulet	8403
rubbery	8402
anachronistic	8401
gambit	8400
sportsmanship	8399
hideout	8398
wielding	8397
backpacker	8396
agnostic	8395
embankment	8394
disembark	8393
terrier	8392
inadvertent	8391
anarchism	8390
overzealous	8389
interrupting	8388
disfigure	8387
sturgeon	8386
hillary	8385
savagery	8384
birthright	8383
arable	8382
divest	8381
cranny	8380
headwaters	8379
deducted	8378
microbiologist	8377
redhead	8376
undertone	8375
merrily	8374
predilection	8373
macabre	8372
tenured	8371
zodiac	8370
gravestone	8369
formalism	8368
stingy	8367
nontoxic	8366
mossy	8365
preconception	8364
callers	8363
delusions	8362
degenerative	8361
monolith	8360
glossary	8359
joel	8358
detritus	8357
suspenders	8356
maniac	8355
glower	8354
defenseman	8353
yummy	8352
junkyard	8351
hopi	8350
lbs	8349
sedative	8348
phenotype	8347
reissued	8346
leeds	8345
christmastime	8344
unholy	8343
frowned	8342
tycoon	8341
heinous	8340
jaunty	8339
reorganized	8338
chases	8337
reveler	8336
orthopaedic	8335
chomp	8334
misinformation	8333
unconscionable	8332
defied	8331
ticker	8330
burrito	8329
soiled	8328
fro	8327
effigy	8326
dusky	8325
regressive	8324
materially	8323
alder	8322
treatises	8321
deliciously	8320
tramp	8319
delusional	8318
fleece	8317
midweek	8316
adaptable	8315
stitched	8314
renege	8313
rightfully	8312
assistive	8311
nbc	8310
flagrant	8309
margarita	8308
mastermind	8307
puzzlement	8306
trembling	8305
scorpion	8304
mimetic	8303
undone	8302
syllabus	8301
overloaded	8300
fistful	8299
coaxial	8298
olds	8297
congruence	8296
damper	8295
sugary	8294
dynamical	8293
unfathomable	8292
promenade	8291
despairing	8290
emitter	8289
underwriting	8288
prophesy	8287
canteen	8286
inhospitable	8285
flowery	8284
invoice	8283
swapping	8282
scratchy	8281
admiring	8280
alarmingly	8279
testifying	8278
inattention	8277
reynolds	8276
commoner	8275
payer	8274
curd	8273
extinguisher	8272
permissions	8271
ligand	8270
workhorse	8269
forefather	8268
gated	8267
salads	8266
inculcate	8265
disembodied	8264
hauler	8263
acrid	8262
underserved	8261
sideboard	8260
sadistic	8259
sally	8258
replant	8257
dries	8256
refraction	8255
intermission	8254
rearing	8253
wanderer	8252
neophyte	8251
minutia	8250
dichotomous	8249
corny	8248
omnipresent	8247
overjoyed	8246
cataclysmic	8245
colouring	8244
shamelessly	8243
burlap	8242
recrimination	8241
domed	8240
muffler	8239
sauna	8238
goldfish	8237
starched	8236
menial	8235
spurs	8234
bullion	8233
salience	8232
registrar	8231
dandy	8230
pointy	8229
airfields	8228
moslem	8227
underlined	8226
disclaimer	8225
cachet	8224
paparazzi	8223
binomial	8222
folic	8221
slalom	8220
mailman	8219
powdery	8218
pensive	8217
frock	8216
languid	8215
cutthroat	8214
unkempt	8213
nationalize	8212
powerlessness	8211
knoll	8210
benevolence	8209
commutative	8208
euthanasia	8207
mete	8206
gory	8205
deacons	8204
icu	8203
immunize	8202
stoplight	8201
adjuster	8200
contagion	8199
excommunicated	8198
sheathe	8197
jock	8196
pate	8195
hitchhike	8194
toothless	8193
inductive	8192
sortie	8191
scuffle	8190
cellophane	8189
crisply	8188
unsettling	8187
lifelike	8186
gooey	8185
oxidized	8184
mammography	8183
pawns	8182
tireless	8181
cognizant	8180
localize	8179
winemaker	8178
dyad	8177
clipper	8176
programmable	8175
woodwork	8174
malignancy	8173
sandpaper	8172
pharmacology	8171
slicker	8170
overdrive	8169
endear	8168
apologetically	8167
unmask	8166
evacuee	8165
incubate	8164
dislocate	8163
wettest	8162
bi	8161
pilings	8160
ladders	8159
staid	8158
saute	8157
preconceived	8156
externality	8155
amends	8154
fiesta	8153
implacable	8152
kindred	8151
bloodied	8150
oddball	8149
raptor	8148
lovable	8147
welt	8146
practicable	8145
spinner	8144
spatter	8143
armrest	8142
claire	8141
perplexed	8140
industrious	8139
chickpea	8138
jetty	8137
inadequately	8136
crankshaft	8135
apprentices	8134
realisation	8133
cremate	8132
assuring	8131
diverged	8130
intercut	8129
clinched	8128
salami	8127
repute	8126
buttered	8125
midget	8124
columbus	8123
newness	8122
lightbulb	8121
maturing	8120
saber	8119
coddle	8118
gills	8117
premarital	8116
cuticle	8115
psychopathology	8114
corkscrew	8113
unplugged	8112
godmother	8111
wham	8110
slider	8109
romanticism	8108
neutrinos	8107
hysterectomy	8106
bide	8105
generalizability	8104
tome	8103
ontology	8102
variegated	8101
expedite	8100
annal	8099
nix	8098
peaking	8097
doin	8096
untangle	8095
fingertips	8094
rapes	8093
repudiation	8092
docket	8091
daybreak	8090
europeans	8089
pushy	8088
wept	8087
lumbar	8086
sulk	8085
lacy	8084
patrolman	8083
smarts	8082
realtor	8081
ream	8080
unionists	8079
operationalize	8078
flattery	8077
ga	8076
dreamlike	8075
ilk	8074
headless	8073
drags	8072
beholden	8071
glenn	8070
nicety	8069
waived	8068
rudely	8067
hoe	8066
uproot	8065
airframe	8064
mishandle	8063
raiser	8062
stasis	8061
perforation	8060
alleles	8059
steadfast	8058
rambling	8057
approximated	8056
attentively	8055
chowder	8054
redefinition	8053
hacienda	8052
puke	8051
orgy	8050
conscript	8049
spongy	8048
yer	8047
feverishly	8046
kane	8045
yardage	8044
bipartisanship	8043
canoeing	8042
pacify	8041
quill	8040
precipice	8039
overuse	8038
insoluble	8037
leonard	8036
perceptible	8035
misconceptions	8034
afternoons	8033
reassessment	8032
genie	8031
nominative	8030
ringer	8029
lifeboat	8028
poncho	8027
logan	8026
amorous	8025
raider	8024
parabolic	8023
spender	8022
jetliner	8021
nonsignificant	8020
montana	8019
muddle	8018
normality	8017
refueling	8016
panicky	8015
aeronautical	8014
rejoined	8013
adjudicate	8012
girlish	8011
shone	8010
noah	8009
nefarious	8008
lsd	8007
epitome	8006
iguana	8005
undeterred	8004
teas	8003
kale	8002
docile	8001
dumbfound	8000
judgmental	7999
faltering	7998
bookkeeping	7997
despondent	7996
awed	7995
glassware	7994
kitsch	7993
apologist	7992
alphabets	7991
sup	7990
joist	7989
sketchy	7988
vole	7987
impeccably	7986
contented	7985
criminalize	7984
intercede	7983
diacritics	7982
methadone	7981
pops	7980
sandbox	7979
sprinkling	7978
dexterity	7977
herpes	7976
stirrup	7975
executable	7974
coerced	7973
uninvited	7972
flexion	7971
unhook	7970
promiscuity	7969
unevenly	7968
undemocratic	7967
isomers	7966
slumber	7965
downwind	7964
snicker	7963
fanaticism	7962
transitory	7961
cloudless	7960
firstborn	7959
bulwark	7958
dumpster	7957
pianos	7956
skinless	7955
polygon	7954
paintbrush	7953
ricky	7952
foregoing	7951
fluttering	7950
fawn	7949
polyhedron	7948
unattainable	7947
altercation	7946
schoolmate	7945
interlocutor	7944
sax	7943
shortness	7942
wanton	7941
accost	7940
barb	7939
chewy	7938
florentine	7937
theorized	7936
bodice	7935
idiosyncrasy	7934
broadening	7933
maestro	7932
billiards	7931
nostrils	7930
moccasin	7929
adornment	7928
stills	7927
bucolic	7926
adulation	7925
machete	7924
dogged	7923
arthritic	7922
defiantly	7921
rapprochement	7920
upholding	7919
grudging	7918
copier	7917
prejudiced	7916
yoruba	7915
frustrations	7914
unwarranted	7913
windbreaker	7912
overbearing	7911
caches	7910
enforceable	7909
mortals	7908
stevens	7907
uncharacteristic	7906
fuzz	7905
sprinkled	7904
shapely	7903
leathery	7902
cackle	7901
plaintive	7900
computations	7899
hounds	7898
impassive	7897
pewter	7896
bridle	7895
cryptography	7894
rockfish	7893
ruthlessly	7892
comatose	7891
sterilization	7890
diatribe	7889
picky	7888
cytoplasm	7887
sunspot	7886
stiletto	7885
resound	7884
dynasties	7883
agribusiness	7882
headliner	7881
exalted	7880
heartless	7879
breadwinner	7878
crinkle	7877
tawny	7876
relieving	7875
prosciutto	7874
irritability	7873
induces	7872
threadbare	7871
uneducated	7870
concourse	7869
horrid	7868
treatable	7867
opiate	7866
indecent	7865
plumb	7864
zulu	7863
lonesome	7862
handily	7861
streaks	7860
overtones	7859
visage	7858
workbench	7857
sewers	7856
quench	7855
reflexively	7854
momma	7853
livid	7852
trusty	7851
carelessness	7850
unsweetened	7849
personable	7848
perfunctory	7847
covertly	7846
sedimentary	7845
drumbeat	7844
paragon	7843
concierge	7842
shakespearean	7841
preen	7840
enlistment	7839
brutalize	7838
unanimity	7837
sidekick	7836
bereaved	7835
exclusivity	7834
pvc	7833
reinvention	7832
punter	7831
ire	7830
colonizer	7829
dutiful	7828
yourselves	7827
anesthesiologist	7826
portraiture	7825
dais	7824
selfless	7823
upswing	7822
codified	7821
adrian	7820
cajole	7819
heiress	7818
gent	7817
cryptographic	7816
salaried	7815
wintry	7814
estrangement	7813
equinox	7812
catharsis	7811
heartbroken	7810
understated	7809
impregnate	7808
knotted	7807
unsubstantiated	7806
courtier	7805
herbicides	7804
bulimia	7803
hulls	7802
athleticism	7801
brunswick	7800
newtonian	7799
midwives	7798
mangle	7797
minted	7796
solicitation	7795
patter	7794
imperious	7793
surfers	7792
hurled	7791
cardiff	7790
muddled	7789
glib	7788
breather	7787
ethereal	7786
mojave	7785
retroactive	7784
endoscopic	7783
judo	7782
retraining	7781
conqueror	7780
weevil	7779
aneurysm	7778
lagging	7777
negativity	7776
shotguns	7775
crowning	7774
conspiratorial	7773
enjoin	7772
repose	7771
transmits	7770
elixir	7769
confection	7768
valence	7767
smoldering	7766
wrenching	7765
splice	7764
prong	7763
dem	7762
unhappily	7761
sufferings	7760
sundae	7759
tolerable	7758
atoll	7757
prosaic	7756
incapacitate	7755
naysayer	7754
censors	7753
telescopic	7752
technologist	7751
banister	7750
organisational	7749
acrobat	7748
rapture	7747
glade	7746
doings	7745
recyclable	7744
resorting	7743
echoing	7742
laudable	7741
converges	7740
fickle	7739
converters	7738
emits	7737
homomorphism	7736
friar	7735
ionized	7734
idiotic	7733
modulated	7732
ff	7731
dispositions	7730
radii	7729
gabriel	7728
pretentious	7727
hamas	7726
hawks	7725
taxa	7724
nineties	7723
carp	7722
chechen	7721
urea	7720
vaudeville	7719
janet	7718
joshua	7717
katie	7716
trespass	7715
deadliest	7714
eponymous	7713
inferno	7712
flees	7711
premiers	7710
maine	7709
manuel	7708
marco	7707
helpers	7706
migrations	7705
foolishness	7704
modernized	7703
kneeling	7702
murals	7701
fullback	7700
pontificate	7699
neo	7698
milking	7697
nicole	7696
mayan	7695
sonata	7694
waveform	7693
audacity	7692
cupcake	7691
omg	7690
piazza	7689
ruptured	7688
admissible	7687
baptised	7686
sickle	7685
contours	7684
orchards	7683
drummers	7682
cautioned	7681
blooming	7680
starry	7679
bounces	7678
meningitis	7677
borrowers	7676
chairperson	7675
interpolation	7674
biz	7673
unattended	7672
numerically	7671
considerate	7670
chopping	7669
reassured	7668
fruity	7667
pressurized	7666
moot	7665
uprisings	7664
stanford	7663
washes	7662
undead	7661
cathedrals	7660
headings	7659
cardigan	7658
ciphers	7657
kennel	7656
canning	7655
domes	7654
astray	7653
driest	7652
wholeheartedly	7651
exponent	7650
cropping	7649
downgrade	7648
bolted	7647
kinase	7646
levers	7645
radioactivity	7644
wigs	7643
whats	7642
orchids	7641
tritium	7640
sown	7639
adoration	7638
adelaide	7637
lair	7636
gauntlet	7635
charted	7634
collars	7633
franciscan	7632
touchy	7631
scarred	7630
excommunication	7629
prays	7628
gestation	7627
gliders	7626
hemoglobin	7625
boobs	7624
amalgamation	7623
hijackers	7622
penitentiary	7621
sightseeing	7620
hydrolysis	7619
wick	7618
magnitudes	7617
sceptical	7616
cairo	7615
milder	7614
calgary	7613
pauses	7612
ch	7611
polymerase	7610
intergovernmental	7609
latte	7608
auditing	7607
tinted	7606
dashing	7605
preventable	7604
cnn	7603
supplanted	7602
synthesizers	7601
taxonomic	7600
infiltrated	7599
tectonic	7598
icelandic	7597
thrusters	7596
lymphoma	7595
dill	7594
eden	7593
enchanting	7592
posse	7591
slashed	7590
heartache	7589
excitation	7588
grub	7587
throwback	7586
logarithmic	7585
sobriety	7584
frederick	7583
nested	7582
scented	7581
notations	7580
orientations	7579
paratroopers	7578
regents	7577
precipitated	7576
verifying	7575
telephony	7574
vetoed	7573
cougar	7572
blinking	7571
cheeseburger	7570
joey	7569
allusions	7568
chum	7567
kerry	7566
flemish	7565
cropped	7564
burials	7563
abundantly	7562
legit	7561
leon	7560
arbitrator	7559
cymbal	7558
collusion	7557
unbeaten	7556
mc	7555
finitely	7554
monkeys	7553
fractal	7552
git	7551
cpa	7550
interred	7549
prepaid	7548
aryan	7547
irreducible	7546
nazis	7545
resale	7544
nyc	7543
bubbling	7542
sprinter	7541
orlando	7540
navies	7539
palestinians	7538
beech	7537
oaths	7536
phylogenetic	7535
priori	7534
rebelled	7533
scripting	7532
wannabe	7531
thresholds	7530
pt	7529
undefined	7528
viscous	7527
orb	7526
reagan	7525
whistling	7524
albedo	7523
nuke	7522
peeling	7521
reload	7520
buoyancy	7519
digger	7518
roosevelt	7517
chloroplasts	7516
declension	7515
denoting	7514
anorexia	7513
gallant	7512
embedding	7511
encoder	7510
itchy	7509
totem	7508
formulae	7507
frigates	7506
lefty	7505
infinitesimal	7504
interprets	7503
tits	7502
deactivated	7501
nitric	7500
nucleotides	7499
troy	7498
showcases	7497
endorsing	7496
steered	7495
sod	7494
vladimir	7493
cheddar	7492
thong	7491
aztec	7490
ruse	7489
attenuation	7488
distinguishable	7487
beatles	7486
impacting	7485
emulsion	7484
betty	7483
hereafter	7482
kinases	7481
modems	7480
oscillators	7479
phonemic	7478
planters	7477
precedes	7476
brisbane	7475
untitled	7474
disgraceful	7473
propagated	7472
bruno	7471
recombination	7470
recursion	7469
bs	7468
olympian	7467
repelled	7466
pancreatic	7465
repulsed	7464
canadians	7463
reverses	7462
allocations	7461
subtropical	7460
cohen	7459
aether	7458
clams	7457
conical	7456
valor	7455
leveraged	7454
davies	7453
parsing	7452
rarer	7451
drake	7450
hamster	7449
synaptic	7448
tics	7447
ellis	7446
excuses	7445
fishy	7444
skit	7443
thistle	7442
fab	7441
allele	7440
decoder	7439
hm	7438
skateboard	7437
diploid	7436
dubbing	7435
freedmen	7434
lawless	7433
lobbied	7432
itunes	7431
uncut	7430
deems	7429
mechanized	7428
mitochondria	7427
kay	7426
ores	7425
affirming	7424
seaman	7423
chipped	7422
lyon	7421
eyelids	7420
subunits	7419
mercedes	7418
mediocrity	7417
supernovae	7416
bouncer	7415
tyrosine	7414
ventral	7413
monica	7412
voiceless	7411
hallowed	7410
zeros	7409
synopsis	7408
nsa	7407
temperance	7406
firefly	7405
whoop	7404
inquest	7403
caliph	7402
capacitance	7401
flushed	7400
conceptions	7399
realises	7398
keg	7397
ebony	7396
alum	7395
helical	7394
randy	7393
rebecca	7392
lambda	7391
res	7390
meteorites	7389
northernmost	7388
richardson	7387
recaptured	7386
complements	7385
remarried	7384
shane	7383
sharon	7382
symphonies	7381
slavic	7380
barges	7379
basses	7378
bindings	7377
chloroplast	7376
clitoris	7375
constellations	7374
conservatory	7373
domestication	7372
willie	7371
eclipses	7370
winston	7369
yankees	7368
ana	7367
polka	7366
inductance	7365
andrea	7364
inflected	7363
coo	7362
bruising	7361
modal	7360
papyrus	7359
pejorative	7358
propellers	7357
razed	7356
sulfide	7355
barnes	7354
weasel	7353
waned	7352
platonic	7351
christine	7350
bodyguards	7349
dentistry	7348
dative	7347
deflation	7346
dilution	7345
diatonic	7344
circled	7343
blowout	7342
guitarists	7341
iterative	7340
cum	7339
dakota	7338
wickedness	7337
worshippers	7336
loathing	7335
petitioned	7334
rabbinic	7333
radiocarbon	7332
shortwave	7331
televisions	7330
rebuke	7329
coy	7328
universes	7327
workstations	7326
fortitude	7325
associative	7324
naw	7323
checksum	7322
rabies	7321
fraser	7320
archdiocese	7319
sorcerer	7318
gameplay	7317
garcia	7316
disorderly	7315
disapproved	7314
encodings	7313
griffin	7312
grossing	7311
incompleteness	7310
hampshire	7309
inhaled	7308
hans	7307
mnemonic	7306
multicast	7305
goblin	7304
irishman	7303
nonzero	7302
normalized	7301
plaintext	7300
lupus	7299
oncology	7298
radars	7297
cloned	7296
standardised	7295
stampede	7294
subsystems	7293
ivan	7292
tenets	7291
termites	7290
undergraduates	7289
liam	7288
desolation	7287
vocative	7286
manning	7285
unplanned	7284
med	7283
amphibians	7282
chemo	7281
unconditionally	7280
discerning	7279
inca	7278
molly	7277
muhammad	7276
filaments	7275
nc	7274
cheater	7273
newton	7272
trucking	7271
interspersed	7270
nobel	7269
forensics	7268
clockwork	7267
microcode	7266
compendium	7265
ra	7264
signified	7263
weathering	7262
rt	7261
adverbs	7260
argon	7259
avionics	7258
scotia	7257
libido	7256
sebastian	7255
crafty	7254
cursive	7253
diameters	7252
differentiable	7251
frat	7250
pickled	7249
angelic	7248
sophie	7247
gametes	7246
gentrification	7245
hexadecimal	7244
hydrophobic	7243
hydroxyl	7242
shutout	7241
foundry	7240
lute	7239
travis	7238
multiplicative	7237
neuter	7236
phosphorylation	7235
polygons	7234
prospered	7233
rook	7232
rotors	7231
consultative	7230
leech	7229
tenses	7228
salmonella	7227
andre	7226
aristocrats	7225
berkeley	7224
narcissistic	7223
casey	7222
fibrosis	7221
conscripts	7220
convinces	7219
churchill	7218
countermeasures	7217
curtailed	7216
deflected	7215
divisor	7214
chainsaw	7213
curtis	7212
encompassed	7211
gist	7210
fortresses	7209
haploid	7208
identifiers	7207
interplanetary	7206
inversely	7205
ea	7204
meiosis	7203
motorways	7202
ebola	7201
participle	7200
posited	7199
posits	7198
chaser	7197
replicas	7196
eva	7195
fools	7194
aegis	7193
humbly	7192
stylus	7191
subtraction	7190
tramway	7189
hatchet	7188
gastric	7187
accesses	7186
tot	7185
istanbul	7184
branched	7183
jenny	7182
kurt	7181
compilations	7180
trimester	7179
lauren	7178
cuisines	7177
yiddish	7176
debugging	7175
feasts	7174
lemma	7173
morphisms	7172
criminality	7171
nina	7170
parabola	7169
predates	7168
sorties	7167
pas	7166
cannibal	7165
custodial	7164
laziness	7163
patriots	7162
abomination	7161
sicilian	7160
atmospheres	7159
cardinality	7158
commoners	7157
concave	7156
decommissioned	7155
dimensionless	7154
elects	7153
fluorescence	7152
sci	7151
snowman	7150
lobes	7149
locomotion	7148
upkeep	7147
optionally	7146
prospectus	7145
postulates	7144
privateers	7143
radium	7142
redefined	7141
sloth	7140
deliverance	7139
reworked	7138
semiconductors	7137
yale	7136
symbolized	7135
preventative	7134
psychopath	7133
andrews	7132
accelerates	7131
sabine	7130
apocryphal	7129
archeological	7128
arkansas	7127
scarecrow	7126
provost	7125
assembler	7124
asynchronous	7123
chimpanzees	7122
chromatography	7121
chroniclers	7120
codec	7119
bitches	7118
goon	7117
cranial	7116
elliptic	7115
extracellular	7114
farthest	7113
bulgarian	7112
hyphen	7111
maneuverability	7110
mitosis	7109
modulo	7108
molds	7107
noblemen	7106
phonology	7105
probabilistic	7104
reintroduced	7103
scribes	7102
selenium	7101
solder	7100
cr	7099
tensile	7098
cunt	7097
yarns	7096
lark	7095
accumulates	7094
vendetta	7093
antisemitism	7092
armaments	7091
aurochs	7090
automaton	7089
bromine	7088
clade	7087
connective	7086
cools	7085
dissociation	7084
essex	7083
dissolves	7082
dissolving	7081
electrolyte	7080
equated	7079
franco	7078
gandhi	7077
autopilot	7076
functors	7075
hierarchies	7074
incursions	7073
injective	7072
junctions	7071
ibm	7070
incomparable	7069
necessitated	7068
operands	7067
paradoxes	7066
primers	7065
quantized	7064
ki	7063
staining	7062
subroutine	7061
superimposed	7060
lb	7059
porridge	7058
telegraphy	7057
unofficially	7056
lgbt	7055
vassal	7054
innovate	7053
violins	7052
luther	7051
pinched	7050
nashville	7049
bequeathed	7048
capacitors	7047
cappella	7046
enthalpy	7045
excreted	7044
explorations	7043
discriminating	7042
frescoes	7041
glaciation	7040
rico	7039
homologous	7038
ronald	7037
instructs	7036
magnetosphere	7035
manifolds	7034
miniatures	7033
nomads	7032
orchestration	7031
portability	7030
precepts	7029
provable	7028
radiated	7027
raster	7026
refuted	7025
regaining	7024
serfs	7023
simplifies	7022
subcontinent	7021
sucrose	7020
tunings	7019
usages	7018
vesicles	7017
abstractions	7016
affine	7015
antisemitic	7014
cavitation	7013
clays	7012
codecs	7011
dipoles	7010
divisible	7009
burke	7008
caesar	7007
endpoints	7006
calvin	7005
heretics	7004
hippocampus	7003
humanoid	7002
interlaced	7001
cox	7000
pronunciations	6999
dee	6998
superposition	6997
vassals	6996
dudes	6995
espn	6994
aerodynamics	6993
airbag	6992
gilbert	6991
gregory	6990
axon	6989
hague	6988
banknotes	6987
beryllium	6986
binaries	6985
hayes	6984
chapels	6983
chromatin	6982
consuls	6981
hopkins	6980
deductive	6979
idk	6978
dissipation	6977
ins	6976
exerts	6975
fathered	6974
flyby	6973
isnt	6972
fructose	6971
kenneth	6970
glyphs	6969
immigrated	6968
maya	6967
iterations	6966
kayaks	6965
miranda	6964
milliseconds	6963
mosaics	6962
mtv	6961
parodies	6960
phoneme	6959
pinball	6958
reals	6957
nixon	6956
reloading	6955
remittances	6954
repudiated	6953
subtitled	6952
uninhabited	6951
universals	6950
vibrato	6949
alternated	6948
axons	6947
cremated	6946
roma	6945
fielded	6944
germination	6943
laterally	6942
moles	6941
monarchies	6940
mortally	6939
operand	6938
paganism	6937
prepositions	6936
psilocybin	6935
ragtime	6934
reactivity	6933
sullivan	6932
reprised	6931
surprises	6930
shelved	6929
sponges	6928
synonyms	6927
trevor	6926
trinity	6925
tetrahedron	6924
titular	6923
utilised	6922
afghan	6921
americas	6920
abdication	6919
ambiguities	6918
cacti	6917
choirs	6916
beth	6915
ciphertext	6914
cognate	6913
combinatorial	6912
dwindled	6911
ejection	6910
equivalently	6909
estimator	6908
executes	6907
fermions	6906
heretical	6905
inhibited	6904
def	6903
livery	6902
multiplexing	6901
parachutes	6900
partitioned	6899
dos	6898
principalities	6897
propagating	6896
recreated	6895
recursively	6894
seabed	6893
shallower	6892
skirmishes	6891
gf	6890
smelting	6889
henderson	6888
trajectories	6887
tuba	6886
jeffrey	6885
leslie	6884
antennae	6883
aspirated	6882
mit	6881
nash	6880
ng	6879
emulation	6878
perth	6877
hadith	6876
indentured	6875
inhibiting	6874
lowercase	6873
morphemes	6872
princeton	6871
networked	6870
nozzles	6869
omnipotent	6868
organelles	6867
oxen	6866
plebiscite	6865
radians	6864
silicate	6863
riley	6862
robertson	6861
thiamine	6860
transposition	6859
trombones	6858
smarter	6857
acceded	6856
antlers	6855
carbonyl	6854
convergent	6853
crossbar	6852
decoded	6851
tweets	6850
derivations	6849
enumeration	6848
envoys	6847
epistle	6846
expatriates	6845
inhibitory	6844
insulator	6843
intracellular	6842
jitter	6841
ag	6840
mica	6839
nucleotide	6838
outwards	6837
phytoplankton	6836
procured	6835
radiating	6834
belfast	6833
relinquished	6832
resonator	6831
rhyming	6830
boris	6829
buddha	6828
sequentially	6827
serials	6826
strongholds	6825
subunit	6824
synapses	6823
totalled	6822
transitive	6821
venerated	6820
cyber	6819
dodgers	6818
ds	6817
accumulator	6816
antigens	6815
appended	6814
axiomatic	6813
bosons	6812
ferguson	6811
ferrari	6810
circadian	6809
clustered	6808
fl	6807
colonized	6806
floyd	6805
conjectured	6804
copula	6803
courtiers	6802
cyclones	6801
depressions	6800
electrified	6799
enumerated	6798
excretion	6797
joyce	6796
genomic	6795
heuristic	6794
hobbyists	6793
mickey	6792
hyperinflation	6791
infuriated	6790
nevada	6789
ionizing	6788
nhs	6787
ionosphere	6786
isotopic	6785
legate	6784
majorities	6783
mutated	6782
notated	6781
pac	6780
oscillating	6779
outermost	6778
ovulation	6777
playwrights	6776
preposition	6775
purged	6774
revolved	6773
soundtracks	6772
sherman	6771
veneration	6770
asymptotic	6769
boomerang	6768
conscripted	6767
deafness	6766
droughts	6765
emulated	6764
ferromagnetic	6763
fewest	6762
harmonies	6761
lipids	6760
ahmed	6759
masts	6758
monoid	6757
niches	6756
parsers	6755
armstrong	6754
princely	6753
proboscis	6752
rebounded	6751
republished	6750
resettled	6749
serialized	6748
slits	6747
soared	6746
stochastic	6745
submachine	6744
transliteration	6743
cp	6742
cyrus	6741
darwin	6740
abridged	6739
acetate	6738
adiabatic	6737
alcohols	6736
antimatter	6735
automata	6734
barium	6733
bassoon	6732
botulism	6731
bypassed	6730
caesium	6729
characterizes	6728
chieftains	6727
correlations	6726
crystallized	6725
cuneiform	6724
datum	6723
deprecated	6722
eclipsed	6721
electrochemical	6720
enclosing	6719
equilibria	6718
hinged	6717
gif	6716
isomer	6715
hahaha	6714
omitting	6713
herbert	6712
optimizations	6711
plotters	6710
plumage	6709
plundered	6708
privatized	6707
randomness	6706
rearranged	6705
reprints	6704
symphonic	6703
telemetry	6702
tunneling	6701
maurice	6700
messing	6699
mon	6698
napoleon	6697
adjoint	6696
ncaa	6695
anion	6694
annotations	6693
aortic	6692
newman	6691
basalt	6690
capillaries	6689
capillary	6688
carvings	6687
cation	6686
classifying	6685
cosine	6684
powell	6683
decayed	6682
decryption	6681
engravings	6680
eugenics	6679
evaporated	6678
putin	6677
germanium	6676
quinn	6675
heralded	6674
hyperbola	6673
rand	6672
incarnations	6671
individualist	6670
integrals	6669
islets	6668
jure	6667
lossless	6666
minimizes	6665
portrayals	6664
saskatchewan	6663
positron	6662
precession	6661
projectors	6660
sen	6659
pseudonyms	6658
seth	6657
reciprocating	6656
sheffield	6655
recognisable	6654
revolted	6653
riffs	6652
solidified	6651
speciation	6650
subjunctive	6649
sucked	6648
trent	6647
wealthier	6646
vic	6645
vince	6644
yahoo	6643
aggregates	6642
algal	6641
arabs	6640
bassists	6639
boosters	6638
circulatory	6637
bryant	6636
commuted	6635
concertos	6634
correlates	6633
craps	6632
digested	6631
dioceses	6630
disuse	6629
electronegativity	6628
fingerboard	6627
flutes	6626
gladiators	6625
gradients	6624
hardening	6623
hybridization	6622
inline	6621
irregularly	6620
keying	6619
lengthened	6618
lifetimes	6617
multitasking	6616
notaries	6615
gibson	6614
oxidizing	6613
parodied	6612
peerage	6611
phonics	6610
phosphor	6609
halifax	6608
polymerization	6607
predicates	6606
relented	6605
republicanism	6604
rescinded	6603
retroactively	6602
iso	6601
secreted	6600
subsurface	6599
tapered	6598
thrived	6597
mia	6596
miguel	6595
milton	6594
transcontinental	6593
transitioned	6592
minecraft	6591
traversed	6590
monroe	6589
morrison	6588
typeface	6587
unusable	6586
zoos	6585
paulo	6584
accelerators	6583
airplay	6582
arctos	6581
prix	6580
chariots	6579
chlorophyll	6578
citric	6577
coronal	6576
diurnal	6575
rhodes	6574
garrisons	6573
genealogical	6572
impure	6571
isotropic	6570
lessened	6569
locales	6568
stockholm	6567
morphism	6566
nucleic	6565
omits	6564
panned	6563
perturbation	6562
phage	6561
prefixed	6560
theres	6559
quadrilateral	6558
resonances	6557
retractable	6556
signalled	6555
solute	6554
southernmost	6553
substituting	6552
syndication	6551
venus	6550
triumphal	6549
truncated	6548
typhoid	6547
unopposed	6546
apollo	6545
visualized	6544
apologies	6543
blogs	6542
affixed	6541
asexual	6540
bebop	6539
bromide	6538
cantons	6537
clitoral	6536
clustering	6535
commandos	6534
computationally	6533
conformation	6532
crests	6531
crewmen	6530
disjoint	6529
disrepair	6528
distanced	6527
cs	6526
electromagnetism	6525
espoused	6524
diane	6523
frets	6522
gorillas	6521
grasslands	6520
gravitation	6519
harbors	6518
harbours	6517
inhibits	6516
interned	6515
irradiated	6514
edmonton	6513
katakana	6512
knighthood	6511
felix	6510
microscopes	6509
mitigated	6508
modifies	6507
overtook	6506
paradigms	6505
phonograph	6504
pinyin	6503
recessive	6502
reelected	6501
headphones	6500
reentry	6499
roadways	6498
salamanders	6497
salvaged	6496
kirk	6495
signifying	6494
lisbon	6493
thermocouple	6492
trigonometric	6491
triples	6490
typography	6489
memphis	6488
wielded	6487
windings	6486
montgomery	6485
nebraska	6484
alluvial	6483
amplitudes	6482
pedro	6481
anions	6480
annulled	6479
anthologies	6478
podcast	6477
befriended	6476
bolstered	6475
buffering	6474
completions	6473
cortical	6472
decomposed	6471
diacritic	6470
drow	6469
extremities	6468
fastened	6467
rodgers	6466
fissile	6465
flippers	6464
sd	6463
fricatives	6462
frictional	6461
hydrostatic	6460
imperium	6459
inductor	6458
mediators	6457
methanol	6456
microtubule	6455
nebulae	6454
nuclides	6453
td	6452
opined	6451
overheating	6450
penultimate	6449
perceives	6448
permeability	6447
prehistory	6446
proportionally	6445
reconstructions	6444
refrained	6443
resistive	6442
rewrote	6441
simplifying	6440
speculates	6439
stanzas	6438
strove	6437
africans	6436
suitors	6435
thruster	6434
tripled	6433
uric	6432
vanes	6431
vibrational	6430
waveguide	6429
alphabetic	6428
alternates	6427
bales	6426
biplane	6425
catalogs	6424
cations	6423
choreographed	6422
cilia	6421
colliding	6420
defected	6419
detractors	6418
diphthongs	6417
disintegrated	6416
crawford	6415
dispensed	6414
epics	6413
dat	6412
equates	6411
fanzines	6410
harvests	6409
hemispheres	6408
heraldic	6407
identically	6406
eleanor	6405
elena	6404
inbreeding	6403
inclusions	6402
industrialisation	6401
insulators	6400
integrates	6399
intermediates	6398
fe	6397
irrigated	6396
magnetization	6395
natively	6394
natures	6393
outposts	6392
piezoelectric	6391
glen	6390
plateaus	6389
radiative	6388
rebuffed	6387
redeveloped	6386
retinal	6385
rumoured	6384
sapiens	6383
sculptors	6382
hugo	6381
shrinkage	6380
shuttlecock	6379
sideband	6378
sinusoidal	6377
stoves	6376
taro	6375
lads	6374
telepathy	6373
terminates	6372
thrower	6371
lp	6370
typewriters	6369
waveforms	6368
widths	6367
manila	6366
mick	6365
notre	6364
adrenal	6363
airliners	6362
annulment	6361
antagonists	6360
auditioned	6359
axles	6358
azeotrope	6357
baseband	6356
bicarbonate	6355
bitumen	6354
compensating	6353
crystallization	6352
decimated	6351
designates	6350
discourses	6349
edicts	6348
fertilized	6347
richards	6346
rita	6345
gemstones	6344
halogen	6343
herbivores	6342
rosa	6341
hypothalamus	6340
incisors	6339
jurists	6338
kernels	6337
loyalties	6336
nightclubs	6335
offsets	6334
omnipotence	6333
onshore	6332
overlaps	6331
oxidative	6330
perihelion	6329
polyethylene	6328
polyphony	6327
resins	6326
resupply	6325
retrieving	6324
sacraments	6323
seasonally	6322
separable	6321
sloop	6320
sonatas	6319
spaceflight	6318
speculations	6317
subfamily	6316
syllabic	6315
typesetting	6314
warlords	6313
barack	6312
benedict	6311
beverly	6310
boyd	6309
anesthetic	6308
bp	6307
arbitrage	6306
arcades	6305
assassinations	6304
atolls	6303
bt	6302
canines	6301
censuses	6300
castro	6299
cervix	6298
charting	6297
chiral	6296
cloister	6295
concubine	6294
concubines	6293
deceleration	6292
decrypt	6291
designating	6290
disorganized	6289
electromechanical	6288
electrophoresis	6287
exponents	6286
federations	6285
glyph	6284
gyroscope	6283
heaters	6282
honorific	6281
inclinations	6280
landslides	6279
manipulations	6278
matzo	6277
mourners	6276
multiverse	6275
neuronal	6274
northerly	6273
omnibus	6272
positional	6271
progenitor	6270
propellants	6269
rabbinical	6268
reactants	6267
restructured	6266
shellac	6265
sonnets	6264
gov	6263
survivability	6262
gt	6261
heather	6260
thrusting	6259
hes	6258
unambiguously	6257
unpaved	6256
weaned	6255
johnston	6254
appointees	6253
madonna	6252
astrological	6251
megan	6250
bowlers	6249
bunkers	6248
mins	6247
carbine	6246
cognates	6245
mitch	6244
cremation	6243
curries	6242
digitized	6241
olivia	6240
doped	6239
ot	6238
electrolysis	6237
encircled	6236
epistles	6235
falsified	6234
famines	6233
fluorine	6232
foal	6231
galleys	6230
providence	6229
genotype	6228
glycogen	6227
hesitated	6226
hues	6225
regrets	6224
interceptor	6223
landlocked	6222
lapsed	6221
lauded	6220
lossy	6219
microwaves	6218
millimeters	6217
misinterpreted	6216
newborns	6215
northwards	6214
overlord	6213
pituitary	6212
planks	6211
quantified	6210
redirected	6209
sox	6208
relocating	6207
renaming	6206
repeater	6205
repeaters	6204
restores	6203
revivals	6202
sharpened	6201
tampa	6200
subsided	6199
transcriptions	6198
ushered	6197
wrecks	6196
tracy	6195
ur	6194
wendy	6193
winnipeg	6192
wwe	6191
abalone	6190
acetic	6189
actinides	6188
administers	6187
airbags	6186
appellation	6185
appreciable	6184
auxiliaries	6183
canonization	6182
allan	6181
checkers	6180
colonisation	6179
conclave	6178
contemporaneous	6177
cornet	6176
aww	6175
cryogenic	6174
dens	6173
encapsulated	6172
epithelium	6171
fjords	6170
flocked	6169
browns	6168
flywheel	6167
gels	6166
generalizes	6165
genitalia	6164
christina	6163
geostationary	6162
cincinnati	6161
habeas	6160
herding	6159
howitzers	6158
connor	6157
intakes	6156
iodide	6155
knighted	6154
leprosy	6153
lithography	6152
mainframes	6151
mallets	6150
merchandising	6149
metallurgy	6148
micrometers	6147
molar	6146
mya	6145
duchess	6144
payloads	6143
persecutions	6142
einstein	6141
persuades	6140
perturbations	6139
plurals	6138
predefined	6137
primitives	6136
proliferated	6135
sages	6134
shrank	6133
solvable	6132
subtracted	6131
tetanus	6130
typefaces	6129
usability	6128
vapors	6127
vehicular	6126
gmt	6125
yeasts	6124
gp	6123
hindi	6122
ira	6121
je	6120
beets	6119
johns	6118
katherine	6117
blurring	6116
leicester	6115
broadest	6114
bypassing	6113
canyons	6112
lionel	6111
captors	6110
carnivores	6109
marx	6108
confiscation	6107
conforming	6106
mel	6105
counterclockwise	6104
damping	6103
melissa	6102
deserters	6101
differentiating	6100
disarmed	6099
nothin	6098
ectopic	6097
encodes	6096
evaded	6095
ohh	6094
extinctions	6093
geometries	6092
grasped	6091
prague	6090
handguns	6089
harpsichord	6088
hastened	6087
idioms	6086
imparted	6085
impeded	6084
incurring	6083
indemnity	6082
inferences	6081
intercalary	6080
intersecting	6079
intersects	6078
lectured	6077
lengthening	6076
logarithms	6075
reuters	6074
memorized	6073
menstruation	6072
mistresses	6071
mummies	6070
muon	6069
nitrous	6068
sandra	6067
santiago	6066
osmotic	6065
outfitted	6064
scots	6063
pagans	6062
partitioning	6061
polonium	6060
pulsed	6059
sophia	6058
quarries	6057
reared	6056
redox	6055
reflexive	6054
regimental	6053
remarking	6052
remixed	6051
remixes	6050
reorganised	6049
repulsion	6048
seamen	6047
stalin	6046
separator	6045
sidereal	6044
taiga	6043
thomson	6042
teleprinter	6041
topologies	6040
transliterated	6039
titans	6038
turbocharger	6037
uncredited	6036
utilitarianism	6035
voids	6034
weighting	6033
zoology	6032
valencia	6031
walsh	6030
warsaw	6029
wellington	6028
wikipedia	6027
abdicated	6026
affixes	6025
annealing	6024
aorta	6023
banquets	6022
bayonets	6021
bishopric	6020
buffers	6019
canoes	6018
capitulation	6017
centralised	6016
checkmate	6015
brighton	6014
convolution	6013
creeks	6012
croquet	6011
declination	6010
demarcation	6009
electrodynamics	6008
endogenous	6007
endpoint	6006
glycolysis	6005
devon	6004
harps	6003
histone	6002
hydropower	6001
hyenas	6000
industrialists	5999
donna	5998
industrially	5997
inflicting	5996
kilns	5995
dunno	5994
laymen	5993
lysine	5992
marque	5991
maxima	5990
merges	5989
micrometer	5988
multicellular	5987
opcode	5986
outboard	5985
fletcher	5984
pairwise	5983
peptides	5982
fries	5981
photosynthetic	5980
phylogeny	5979
piloted	5978
pips	5977
propositional	5976
reappeared	5975
rectangles	5974
rectum	5973
hacked	5972
reprisals	5971
reticulum	5970
hank	5969
retrograde	5968
hearted	5967
ribosome	5966
sarcophagus	5965
soldering	5964
spoof	5963
suffices	5962
intro	5961
surjective	5960
symbolizing	5959
jenkins	5958
jung	5957
lambert	5956
unbounded	5955
liz	5954
wetter	5953
lopez	5952
manitoba	5951
mccarthy	5950
mohammed	5949
mvp	5948
nj	5947
alternation	5946
americium	5945
annihilated	5944
appendages	5943
ops	5942
aquifers	5941
arranges	5940
arthropods	5939
boycotted	5938
bridged	5937
carbide	5936
carboxylic	5935
carburetors	5934
carcasses	5933
cassava	5932
petersburg	5931
phillip	5930
commemorates	5929
compactness	5928
converging	5927
correspondences	5926
cyan	5925
dismisses	5924
dormancy	5923
etymological	5922
expansionist	5921
expeditionary	5920
figurines	5919
fugue	5918
furs	5917
gateways	5916
gout	5915
granules	5914
halides	5913
shah	5912
homology	5911
igneous	5910
shawn	5909
incapacitated	5908
soo	5907
infantrymen	5906
installments	5905
southampton	5904
isthmus	5903
leaching	5902
lookup	5901
magnetron	5900
modulating	5899
modulus	5898
nonempty	5897
thrones	5896
timothy	5895
operetta	5894
optimizing	5893
paralleled	5892
phenylalanine	5891
phosphates	5890
plummeted	5889
ussr	5888
pollination	5887
precedents	5886
predominance	5885
viii	5884
protectorate	5883
quilting	5882
reconstituted	5881
redesignated	5880
scurvy	5879
seedlings	5878
asses	5877
semitone	5876
soundboard	5875
southerly	5874
stringed	5873
subsonic	5872
superstructure	5871
symmetries	5870
thylacine	5869
turntables	5868
ungulates	5867
unincorporated	5866
carson	5865
clara	5864
dana	5863
darren	5862
alkaloids	5861
amine	5860
anthropogenic	5859
apostasy	5858
dom	5857
aspartame	5856
biosynthesis	5855
bolus	5854
caching	5853
calcite	5852
carburetor	5851
chanted	5850
cirrus	5849
ec	5848
coiled	5847
coining	5846
condenser	5845
conferring	5844
conspiracies	5843
crossbow	5842
cyclotron	5841
datagram	5840
declarative	5839
detachable	5838
displeased	5837
disproved	5836
fucks	5835
enclaves	5834
epithelial	5833
eradicated	5832
etymologies	5831
euphonium	5830
greeks	5829
exclaimed	5828
favourably	5827
funerary	5826
ganglia	5825
halved	5824
int	5823
intercepting	5822
intercepts	5821
interconnect	5820
larval	5819
levees	5818
lindsay	5817
lubricants	5816
lymphedema	5815
maggie	5814
melanin	5813
metabolized	5812
midfielder	5811
metamorphic	5810
ml	5809
monophyletic	5808
nucleosynthesis	5807
oboe	5806
nicolas	5805
offensives	5804
nm	5803
ornamentation	5802
plasmids	5801
oakland	5800
popularised	5799
principality	5798
omar	5797
processions	5796
protactinium	5795
reassigned	5794
rehabilitated	5793
reliefs	5792
repatriated	5791
replenished	5790
reprise	5789
reproductions	5788
penn	5787
semitones	5786
shunned	5785
philippe	5784
southwards	5783
sovereigns	5782
spectroscopic	5781
pitt	5780
pl	5779
statesmen	5778
subnet	5777
subroutines	5776
subservient	5775
tapioca	5774
torus	5773
sanchez	5772
sf	5771
silva	5770
skype	5769
adoptees	5768
adverb	5767
allocating	5766
amide	5765
attenuated	5764
auctioned	5763
azimuth	5762
bandy	5761
beatings	5760
bleaching	5759
boulevards	5758
byproduct	5757
bystanders	5756
captioning	5755
catalyzed	5754
causeway	5753
cerebellum	5752
tumblr	5751
codon	5750
convective	5749
copyrights	5748
countably	5747
courted	5746
cryptanalysis	5745
curium	5744
devoured	5743
dikes	5742
diplomas	5741
webb	5740
discarding	5739
allison	5738
energized	5737
exemplifies	5736
factorization	5735
bb	5734
bon	5733
gallium	5732
broncos	5731
buenos	5730
hiragana	5729
hooves	5728
hydration	5727
casa	5726
impairments	5725
infanticide	5724
infinitives	5723
clifford	5722
inheriting	5721
initiator	5720
interacted	5719
intercity	5718
interstitial	5717
leopards	5716
levies	5715
lighthouses	5714
lyricist	5713
magicians	5712
mated	5711
maximise	5710
moderates	5709
modifiers	5708
multiplexer	5707
nomen	5706
overlordship	5705
overruled	5704
overthrew	5703
dawson	5702
parentage	5701
patronymic	5700
penalized	5699
phenotypic	5698
denis	5697
polypeptide	5696
prequel	5695
presides	5694
psychoactive	5693
pulleys	5692
punctuated	5691
quadrature	5690
readability	5689
reestablished	5688
reruns	5687
edgar	5686
retaliatory	5685
revolutionized	5684
ribosomes	5683
sacking	5682
epa	5681
screenplays	5680
seabirds	5679
sketched	5678
slugs	5677
fernando	5676
stabilizer	5675
subjugated	5674
subsumed	5673
surmounted	5672
thickening	5671
traverses	5670
traversing	5669
tusks	5668
unfavourable	5667
warlike	5666
wavelet	5665
wildfires	5664
hating	5663
hq	5662
isle	5661
ja	5660
abbots	5659
lego	5658
abortive	5657
actuators	5656
adhesives	5655
lookin	5654
administratively	5653
lynn	5652
airlift	5651
aligning	5650
macdonald	5649
antimony	5648
arithmetical	5647
baptismal	5646
maxwell	5645
biogas	5644
natalie	5643
carnivorous	5642
cartography	5641
cetaceans	5640
nigel	5639
characterizing	5638
cohabitation	5637
conjugated	5636
panthers	5635
coups	5634
peterson	5633
crystallography	5632
customarily	5631
pg	5630
disenfranchised	5629
divinely	5628
elicited	5627
embellished	5626
enclosures	5625
encrypt	5624
entailed	5623
entertainments	5622
epidermis	5621
esters	5620
figurehead	5619
garnet	5618
guar	5617
gypsum	5616
handicrafts	5615
homeomorphic	5614
humorously	5613
husbandry	5612
hydrochloric	5611
idolatry	5610
improvisational	5609
saul	5608
instructing	5607
intensities	5606
intercession	5605
intrigues	5604
invariance	5603
kava	5602
knitted	5601
laminar	5600
landmass	5599
lanthanide	5598
logics	5597
lubrication	5596
marshy	5595
muskets	5594
nationalized	5593
nucleons	5592
octets	5591
oxidizer	5590
panes	5589
patrician	5588
playfield	5587
popularizing	5586
postsynaptic	5585
precluded	5584
preferentially	5583
protruding	5582
val	5581
pyridine	5580
refinements	5579
reservists	5578
sieges	5577
singly	5576
sparking	5575
spearheaded	5574
spreadsheets	5573
sprites	5572
steeper	5571
xp	5570
synonymously	5569
tolerances	5568
touted	5567
transducers	5566
afl	5565
alexandria	5564
typhus	5563
ultramarine	5562
uncompressed	5561
uncountable	5560
unpaired	5559
verbatim	5558
vocalists	5557
bf	5556
xenon	5555
brett	5554
copenhagen	5553
cornwall	5552
abbeys	5551
cuz	5550
abundances	5549
acetylcholine	5548
adheres	5547
alludes	5546
davidson	5545
antecedents	5544
db	5543
archbishops	5542
attributing	5541
autonomic	5540
caterpillars	5539
coconuts	5538
dorothy	5537
coda	5536
conformal	5535
conspired	5534
cytoplasmic	5533
decompression	5532
dendrites	5531
diagonals	5530
eugene	5529
dragoons	5528
dressage	5527
dyeing	5526
egoism	5525
fda	5524
empiricism	5523
emulator	5522
engulfed	5521
evaluates	5520
flanking	5519
gazette	5518
fusing	5517
gags	5516
gloria	5515
halteres	5514
heraldry	5513
hippies	5512
immorality	5511
impassable	5510
indivisible	5509
inflectional	5508
inverses	5507
kana	5506
lagoons	5505
lanthanum	5504
larynx	5503
lingua	5502
lures	5501
metastable	5500
methylation	5499
microcomputer	5498
molybdenum	5497
mutineers	5496
judy	5495
narrates	5494
naturalization	5493
nominating	5492
lakers	5491
observances	5490
observatories	5489
lil	5488
octet	5487
olfactory	5486
oligarchy	5485
optically	5484
originator	5483
mackenzie	5482
outlived	5481
overtures	5480
oxygenated	5479
parametric	5478
pegs	5477
monte	5476
phlogiston	5475
plantains	5474
polyphonic	5473
professorship	5472
propelling	5471
quantification	5470
radix	5469
nascar	5468
rationalism	5466
nat	5465
repetitions	5464
resonators	5463
retaliated	5462
nt	5461
romances	5460
rowers	5459
semantically	5458
pablo	5457
splicing	5456
steamboat	5455
steels	5454
strikeouts	5453
subclass	5452
substitutions	5451
subtracting	5450
supervises	5449
tarot	5448
thermometers	5447
rooney	5446
transduction	5445
triage	5444
underlies	5443
ventricle	5442
sofia	5441
stephanie	5440
sundays	5439
aberrations	5438
aborigines	5437
adjectival	5436
alkanes	5435
altars	5434
anthropomorphic	5433
talkin	5432
boreal	5431
breads	5430
cartoonists	5429
cassettes	5428
castes	5427
catalysis	5426
centripetal	5425
condensate	5424
windsor	5423
yelled	5422
differentiates	5421
diffused	5420
dominions	5419
eigenvalues	5418
endoplasmic	5417
enzymatic	5416
expelling	5415
favouring	5414
baghdad	5413
fertilisation	5412
filenames	5411
flagella	5410
forgave	5409
frosts	5408
glans	5407
governess	5406
br	5405
granular	5404
bravo	5403
burton	5402
headlined	5401
heredity	5400
impeached	5399
invertible	5398
carrie	5397
legates	5396
lightest	5395
linguistically	5394
lymphatic	5393
maidens	5392
matrilineal	5391
metabolites	5390
misfortunes	5389
motets	5388
neared	5387
necessitates	5386
damascus	5385
organist	5384
perceiving	5383
permafrost	5382
piecemeal	5381
polygyny	5380
porters	5379
portico	5378
potash	5377
privateer	5376
proportionality	5375
dwight	5374
ramjet	5373
reactant	5372
elvis	5371
refracted	5370
refractory	5369
relayed	5368
evan	5367
revolvers	5366
ridership	5365
rioters	5364
robustness	5363
simplex	5362
squatters	5361
forbes	5360
steppes	5359
frankfurt	5358
freddie	5357
surged	5356
systematics	5355
tampering	5354
gettin	5353
tectonics	5352
timescale	5351
topographic	5350
trolleybus	5349
hammond	5348
ultrasonic	5347
understandings	5346
heath	5345
undesired	5344
vellum	5343
vices	5342
vortices	5341
woodcut	5340
imf	5339
indies	5338
irs	5337
kingston	5336
knox	5335
mcdonald	5334
adjusts	5333
airmen	5332
airspeed	5331
approximates	5330
nate	5329
newfoundland	5328
barricades	5327
barristers	5326
bellows	5325
betrothed	5324
nile	5323
booms	5322
bootstrap	5321
borrows	5320
breakthroughs	5319
caesarean	5318
caldera	5317
choruses	5316
chromosomal	5315
clarinets	5314
cleft	5313
cognomen	5312
commas	5311
comparator	5310
confers	5309
contraceptives	5308
cookers	5307
crystallographic	5306
degrades	5305
popping	5304
delineated	5303
devoting	5302
dialectal	5301
diminishes	5300
disassembled	5299
dispatches	5298
distrusted	5297
edema	5296
ellipsoid	5295
embouchure	5294
endgame	5293
endothermic	5292
engendered	5291
epitaph	5290
epithets	5289
excitatory	5288
experimenters	5287
romeo	5286
forfeited	5285
freeways	5284
furthered	5283
fuze	5282
heritability	5281
schmidt	5280
hypoglycemia	5279
idempotent	5278
imaged	5277
imbued	5276
sherlock	5275
inefficiencies	5274
inflamed	5273
intermarriage	5272
invalidated	5271
librettist	5270
liquefied	5269
magnates	5268
massed	5267
mimics	5266
multimeter	5265
multiplex	5264
tate	5263
neutralized	5262
nontrivial	5261
ochre	5260
overtaking	5259
palladium	5258
tina	5257
tories	5256
pavilions	5255
percussive	5254
perforations	5253
phenomenology	5252
turks	5251
pianists	5250
plantings	5249
presbytery	5248
propagates	5247
quarrels	5246
quartets	5245
quilts	5244
reagent	5243
rearmament	5242
rediscovery	5241
reflectivity	5240
vikings	5239
retrofitted	5238
abbott	5237
rifled	5236
aberdeen	5235
sacs	5234
secretions	5233
semigroup	5232
shearing	5231
alexis	5230
alison	5229
alps	5228
socializing	5227
soloists	5226
sparring	5225
spectacles	5224
stabilizers	5223
badass	5222
subordinated	5221
tangential	5220
telepathic	5219
tetrahedra	5218
brooke	5217
tetrahedral	5216
buddies	5215
thymus	5214
canterbury	5213
carey	5212
transposed	5211
carroll	5210
tubers	5209
typified	5208
chandler	5207
cl	5206
unpopularity	5205
uppercase	5204
wafers	5203
wagers	5202
wildebeest	5201
wingspan	5200
wormhole	5199
worshiped	5198
eco	5197
eli	5196
acoustics	5195
adenosine	5194
aerosols	5193
eyebrows	5192
aircrew	5191
alchemical	5190
anointing	5189
benthic	5188
blossomed	5187
byproducts	5186
canonized	5185
catchphrase	5184
catenary	5183
ceasing	5182
chronologically	5181
cinematography	5180
circularly	5179
circumcised	5178
gore	5177
classifies	5176
commercialized	5175
compactification	5174
compensates	5173
conjectures	5172
consulship	5171
corroborated	5170
culminates	5169
decomposing	5168
definable	5167
demoted	5165
dendritic	5164
jonas	5163
dials	5162
disallowed	5161
disbanding	5160
dismounted	5159
leigh	5158
dissected	5157
diverting	5156
divorces	5155
embroiled	5154
encyclical	5153
entertainers	5152
epochs	5151
escorting	5150
evaporates	5149
mart	5148
feeders	5147
matthews	5146
fingering	5145
foci	5144
mic	5143
fuses	5142
geometrically	5141
hadrons	5140
hyphae	5139
infeasible	5138
norton	5137
inns	5136
integrable	5135
keystrokes	5134
offs	5133
koala	5132
leftmost	5131
lidar	5130
luminance	5129
magnified	5128
paula	5127
modifier	5126
nodules	5125
octagonal	5124
octahedron	5123
octane	5122
outbursts	5121
pacifism	5120
peacekeepers	5119
pendulums	5118
personified	5117
phonation	5116
phonetically	5115
plantar	5114
polytope	5113
predating	5112
prohibitively	5111
radiates	5110
ramparts	5109
reagents	5108
robbie	5107
reflectors	5106
royals	5105
reinterpreted	5104
reputedly	5103
resurfaced	5102
saddles	5101
sapphires	5100
scuttled	5099
sensibilities	5098
sequenced	5097
serpents	5096
severing	5095
simulating	5094
singularities	5093
solicited	5092
songwriters	5091
stefan	5090
stratified	5089
structuralism	5088
subtype	5087
surrealist	5086
swelled	5085
tapering	5084
taverns	5083
tellurium	5082
ternary	5081
teresa	5080
thermally	5079
tillage	5078
tilting	5077
topographical	5076
toroidal	5075
traversal	5074
trophic	5073
trumps	5072
turbojet	5071
une	5070
unaided	5069
unicameral	5068
unproven	5067
utterances	5066
vanadium	5065
ventricles	5064
vertebral	5063
vestigial	5062
zach	5061
zombies	5060
workmen	5059
yaw	5058
zygote	5057
ashton	5056
baldwin	5055
beck	5054
bedrooms	5053
carlo	5052
chapman	5051
airframes	5050
amalgamated	5049
arboreal	5048
asymptotically	5047
auk	5046
authenticated	5045
battlefields	5044
bombarding	5043
capitulated	5042
dexter	5041
catalogued	5040
categorised	5039
cleave	5038
coinciding	5037
colloids	5036
courtyards	5035
crankshafts	5034
deified	5033
elliot	5032
deployments	5031
elliott	5030
deviates	5029
discontinuous	5028
displacing	5027
ernest	5026
disused	5025
dodecahedron	5024
eastwards	5023
elevating	5022
encapsulation	5021
ester	5020
eunuchs	5019
expounded	5018
extruded	5017
factored	5016
flavoring	5015
formalised	5014
gerard	5013
girdle	5012
grammatically	5011
grabbing	5010
histones	5009
imbalances	5008
inherits	5007
insufficiently	5006
interwar	5005
inwards	5004
iridium	5003
isometric	5002
kamikaze	5001
laureates	5000
ligaments	4999
loosened	4998
loudspeakers	4997
irving	4996
mechanization	4995
ix	4994
jared	4993
miso	4992
jill	4991
mitzvah	4990
johannesburg	4989
mnemonics	4988
modernisation	4987
monotheistic	4986
klein	4985
motorised	4984
multiplies	4983
necrosis	4982
neurotransmitters	4981
numerator	4980
obstructed	4979
obstructions	4978
onlookers	4977
orbited	4976
orthographic	4975
osmium	4974
oxidase	4973
permeable	4972
permittivity	4971
phenomenological	4970
physicalism	4969
mann	4968
pillaged	4967
plebeians	4966
porting	4965
marilyn	4964
positivism	4963
procreation	4962
proximate	4961
quartered	4960
reachable	4959
milwaukee	4958
rectified	4957
nailed	4956
reinstatement	4955
reissue	4954
renunciation	4953
naples	4952
reproduces	4951
reworking	4950
seaport	4949
separations	4948
otto	4947
shards	4946
sidelined	4945
sitcoms	4944
payne	4943
speculators	4942
pearson	4941
stabs	4940
stews	4939
stiffer	4938
summing	4937
synapse	4936
taboos	4935
preston	4934
taxon	4933
tempera	4932
toga	4931
translational	4930
undercarriage	4929
unmodified	4928
victors	4927
walrus	4926
windward	4925
zebras	4924
romney	4923
samantha	4922
santos	4921
screenshot	4920
simmons	4919
sol	4918
somerset	4917
sq	4916
alignments	4915
alphanumeric	4914
antipsychotic	4913
banked	4912
ts	4911
beeswax	4910
bijection	4909
blocs	4908
botulinum	4907
brothels	4906
catalyze	4905
wagner	4904
caudal	4903
characterizations	4902
chiropractic	4901
coastlines	4900
compacted	4899
wesley	4898
conformance	4897
constriction	4896
controversially	4895
couscous	4894
youre	4893
covalently	4892
dengue	4891
depots	4890
derided	4889
diatomic	4888
diphtheria	4887
dissociate	4886
assholes	4885
divisors	4884
dormitories	4883
ay	4882
editorials	4881
embossed	4880
encircling	4879
epilogue	4878
bayern	4877
excepting	4876
bieber	4875
expedient	4874
factorial	4873
flange	4872
fluently	4871
gadolinium	4870
geographers	4869
coleman	4868
heritable	4867
imitations	4866
indulged	4865
inelastic	4864
inhabiting	4863
intelligibility	4862
councillor	4861
intermediaries	4860
intermolecular	4859
damon	4858
intervenes	4857
intuitions	4856
koto	4855
dd	4854
lagged	4853
lattices	4852
lawlessness	4851
lodgings	4850
longships	4849
luxuries	4848
manipulates	4847
mercantilism	4846
milled	4845
minimization	4844
molars	4843
monarchical	4842
multilingual	4841
negated	4840
niacin	4839
novelists	4838
gerald	4837
nucleon	4836
oars	4835
omissions	4834
guessed	4833
oracles	4832
orifice	4831
orthographies	4830
hassan	4829
overlaid	4828
oxidize	4827
hbo	4826
parallelism	4825
parsed	4824
peculiarities	4823
pharmacological	4822
phenotypes	4821
phosphorylated	4820
plankton	4819
plasticity	4818
ploughs	4817
plucking	4816
polarizations	4815
polygonal	4814
polyurethane	4813
pomp	4812
preeminent	4811
prewar	4810
purists	4809
ir	4808
quadrangle	4807
quintet	4806
ish	4805
ramming	4804
jules	4803
recollections	4802
redistributed	4801
referendums	4800
leonardo	4799
reintroduction	4798
lib	4797
replicating	4796
retitled	4795
ripening	4794
sanctuaries	4793
mans	4792
schoolchildren	4791
seminaries	4790
marion	4789
spectrometry	4788
minneapolis	4787
stencil	4786
stitching	4785
modi	4784
subtypes	4783
summoning	4782
supergiant	4781
suzerainty	4780
swims	4779
syndromes	4778
ned	4777
theistic	4776
thorax	4775
threading	4774
norfolk	4773
nos	4772
thylakoid	4771
tonality	4770
ole	4769
transcends	4768
transplanted	4767
omega	4766
transponder	4765
tribunes	4764
patricia	4763
tryptophan	4762
unconnected	4761
undivided	4760
unstressed	4759
unsupported	4758
urbanized	4757
ventricular	4756
weavers	4755
qaeda	4754
wingtip	4753
woks	4752
quitting	4751
rb	4750
regina	4749
sanders	4748
shannon	4747
soviets	4746
ablative	4745
adapters	4744
adventurers	4743
surrey	4742
aldermen	4741
algorithmic	4740
alluding	4739
ambulances	4738
thames	4737
amines	4736
annotation	4735
automorphism	4734
awakens	4733
banishment	4732
bijective	4731
bitmap	4730
breakage	4729
ty	4728
canids	4727
ufc	4726
catered	4725
cements	4724
una	4723
chakras	4722
christened	4721
clearest	4720
couplet	4719
courtesan	4718
customization	4717
webster	4716
cysteine	4715
decoders	4714
deism	4713
directorial	4712
discus	4711
dissociative	4710
downloadable	4709
dramatist	4708
durations	4707
dysentery	4706
dystopian	4705
enacting	4704
encirclement	4703
failings	4702
asap	4701
feudalism	4700
fictionalized	4699
aston	4698
fingerings	4697
aus	4696
firefighting	4695
flagellum	4694
fracturing	4693
avengers	4692
franca	4691
frieze	4690
generalised	4689
budapest	4688
geologically	4687
glycine	4686
gravitationally	4685
guilders	4684
cds	4683
haemophilia	4682
hamsters	4681
harsher	4680
hashing	4679
holomorphic	4678
icosahedron	4677
imparts	4676
infractions	4675
ironclad	4674
delaware	4673
kinetics	4672
deutsche	4671
koi	4670
laments	4669
landless	4668
liquidated	4667
livres	4666
meridians	4665
metrical	4664
midshipmen	4663
militaries	4662
monotheism	4661
dm	4660
mores	4659
morpheme	4658
doyle	4657
morphologically	4656
mythologies	4655
narrowest	4654
neptunium	4653
obverse	4652
peso	4651
phonetics	4650
pinochle	4649
pizzicato	4648
plasmid	4647
plebeian	4646
popularization	4645
postures	4644
prescriptive	4643
gardner	4642
printmaking	4641
privateering	4640
proclaims	4639
progressions	4638
pronouncing	4637
punts	4636
pylons	4635
rackets	4634
greene	4633
redistricting	4632
refurbishment	4631
rehearsed	4630
hamburg	4629
retelling	4628
riveted	4627
royalist	4626
rugs	4625
sedimentation	4624
shamanism	4623
shamans	4622
shipyards	4621
irene	4620
skeptics	4619
lancaster	4618
socialized	4617
spares	4616
spirals	4615
mayo	4614
stateless	4613
stratospheric	4612
messi	4611
subatomic	4610
subfamilies	4609
mlb	4608
mls	4607
sympathizers	4606
synergistic	4605
tempore	4604
tethered	4603
toads	4602
toppled	4601
obamacare	4600
triode	4599
umlaut	4598
unintelligible	4597
usefully	4596
vanishes	4595
vaulted	4594
vegetarians	4593
vestments	4592
volumetric	4591
walkways	4590
pokemon	4589
por	4588
westernmost	4587
xylem	4586
zakat	4585
pros	4584
qb	4583
rafael	4582
repost	4581
rory	4580
rp	4579
seahawks	4578
sidney	4577
sim	4576
sims	4575
socio	4574
stella	4573
storey	4572
abacus	4571
abiotic	4570
agarose	4569
aikido	4568
alabaster	4567
analogues	4566
analyzers	4565
anisotropic	4564
appendices	4563
aqueducts	4562
ascertained	4561
asceticism	4560
attains	4559
attentions	4558
authenticate	4557
banded	4556
batters	4555
blackouts	4554
ucla	4553
bluffs	4552
bodywork	4551
boson	4550
botanists	4549
bounding	4548
cabling	4547
cancellations	4546
vanessa	4545
castling	4544
causative	4543
cautions	4542
cerebellar	4541
channeled	4540
chroma	4539
clearances	4538
clouded	4537
xx	4536
collectible	4535
colonizers	4534
compresses	4533
compressing	4532
computes	4531
conflated	4530
conquerors	4529
afc	4528
aires	4527
airways	4526
ak	4525
av	4524
blu	4523
capt	4522
chester	4521
clyde	4520
dis	4519
durham	4518
frankie	4517
guts	4516
hc	4515
henri	4514
jacobs	4513
jupiter	4512
kiev	4511
laurent	4510
midwest	4509
ow	4508
porto	4507
roberto	4506
rodriguez	4505
ronnie	4504
screamed	4503
sheikh	4502
shirley	4501
sussex	4500
torres	4499
tucker	4498
vera	4497
verizon	4496
wheeler	4495
assad	4494
bella	4493
byron	4492
chloe	4491
cody	4490
everton	4489
gimme	4488
gta	4487
italians	4486
jakarta	4485
jerome	4484
jessie	4483
ko	4482
lenin	4481
maths	4480
percy	4479
ronaldo	4478
sacramento	4477
sans	4476
snp	4475
tasted	4474
tri	4473
vermont	4472
albany	4471
aurora	4470
bam	4469
bernie	4468
bradford	4467
brent	4466
burma	4465
chatting	4464
ellie	4463
esther	4462
footballer	4461
frances	4460
gavin	4459
girlfriends	4458
haired	4457
harley	4456
hulk	4455
idaho	4454
indianapolis	4453
judith	4452
lebron	4451
llc	4450
lotus	4449
mack	4448
moms	4447
oi	4446
richie	4445
roland	4444
sep	4443
texting	4442
tr	4441
uni	4440
wii	4439
abdul	4438
bali	4437
bart	4436
basel	4435
brendan	4434
carlton	4433
champs	4432
dixon	4431
ella	4430
flyers	4429
gus	4428
hal	4427
hastings	4426
hilton	4425
hyde	4424
icc	4423
julius	4422
kosovo	4421
louisville	4420
martinez	4419
mil	4418
nottingham	4417
nz	4416
packers	4415
pcs	4414
pe	4413
poop	4412
porsche	4411
ramsey	4410
rodney	4409
rupert	4408
smokers	4407
sonny	4406
stevie	4405
theo	4404
thor	4403
thumbs	4402
toby	4401
towels	4400
uv	4399
valentine	4398
whitney	4397
willis	4396
willy	4395
wong	4394
zoe	4393
aaa	4392
acc	4391
admin	4390
analytics	4389
bastards	4388
burgers	4387
cbc	4386
charleston	4385
christie	4384
compliments	4383
conrad	4382
courtney	4381
dev	4380
egyptians	4379
erik	4378
europa	4377
expo	4376
gibbs	4375
gran	4374
hmmm	4373
ln	4372
marcel	4371
meyer	4370
mindset	4369
nam	4368
newport	4367
peters	4366
piper	4365
saxon	4364
scares	4363
selfie	4362
shakes	4361
suarez	4360
subs	4359
tbh	4358
theodore	4357
yankee	4356
augusta	4355
babylon	4354
bengal	4353
bombay	4352
bothering	4351
carmen	4350
carrots	4349
cb	4348
clarence	4347
clayton	4346
cynthia	4345
daniels	4344
doo	4343
ee	4342
everytime	4341
greetings	4340
hercules	4339
holt	4338
kanye	4337
kung	4336
lester	4335
marty	4334
marvin	4333
medicare	4332
nas	4331
nolan	4330
og	4329
pls	4328
reg	4327
rey	4326
rochester	4325
rouge	4324
sabbath	4323
saddam	4322
sammy	4321
slapped	4320
sunderland	4319
tara	4318
tehran	4317
torah	4316
ukip	4315
ut	4314
vernon	4313
vis	4312
yugoslavia	4311
af	4310
apologise	4309
banging	4308
beirut	4307
bonnie	4306
brittany	4305
brock	4304
carr	4303
clippers	4302
colts	4301
dante	4300
edmund	4299
emerson	4298
fb	4297
geoffrey	4296
gina	4295
jennings	4294
jess	4293
joker	4292
kardashian	4291
katy	4290
mag	4289
meredith	4288
messiah	4287
nicer	4286
norwich	4285
nsw	4284
ottoman	4283
redskins	4282
saunders	4281
sutton	4280
swansea	4279
tyson	4278
usc	4277
vale	4276
wizards	4275
xl	4274
ada	4273
ahmad	4272
clare	4271
clive	4270
comin	4269
dl	4268
fcc	4267
ferdinand	4266
fowler	4265
harriet	4264
herman	4263
higgins	4262
homo	4261
hs	4260
hussein	4259
ibn	4258
imagining	4257
isa	4256
jp	4255
kathy	4254
mal	4253
midlands	4252
morton	4251
myers	4250
nigga	4249
nikki	4248
nissan	4247
noel	4246
randall	4245
ser	4244
thighs	4243
tx	4242
yr	4241
abe	4240
alicia	4239
alt	4238
anita	4237
arlington	4236
baba	4235
bauer	4234
bruins	4233
confederate	4232
cornell	4231
dunn	4230
edt	4229
erin	4228
franz	4227
gerry	4226
gluten	4225
goodman	4224
helena	4223
hoffman	4222
holden	4221
hugs	4220
hydro	4219
ibrahim	4218
jong	4217
kobe	4216
kyoto	4215
lana	4214
laurie	4213
lima	4212
ls	4211
mae	4210
mayer	4209
mis	4208
mohamed	4207
nairobi	4206
nokia	4205
patterson	4204
peyton	4203
qui	4202
raf	4201
sm	4200
sylvia	4199
tc	4198
tha	4197
tibet	4196
tor	4195
wal	4194
wasnt	4193
wh	4192
alec	4191
angus	4190
anton	4189
benny	4188
braves	4187
bullied	4186
chamberlain	4185
cons	4184
cv	4183
dominic	4182
eg	4181
evelyn	4180
fest	4179
fitzgerald	4178
forrest	4177
fx	4176
geo	4175
georges	4174
hernandez	4173
hyper	4172
jorge	4171
juliet	4170
kashmir	4169
kirby	4168
lagos	4167
mails	4166
mccoy	4165
mohammad	4164
normandy	4163
np	4162
nw	4161
pd	4160
pseudo	4159
puppies	4158
reich	4157
ro	4156
shits	4155
steelers	4154
tis	4153
typhoon	4152
uc	4151
vita	4150
weber	4149
australians	4148
awaits	4147
bach	4146
baden	4145
bathrooms	4144
bolton	4143
brennan	4142
bulldogs	4141
canberra	4140
cannes	4139
classmates	4138
dans	4137
electro	4136
ethan	4135
excellency	4134
flynn	4133
groceries	4132
havana	4131
hawkins	4130
hogan	4129
interviewing	4128
isles	4127
janeiro	4126
kerr	4125
koch	4124
kris	4123
levi	4122
listens	4121
lydia	4120
mariners	4119
mets	4118
naomi	4117
nd	4116
ness	4115
norris	4114
osborne	4113
perkins	4112
plymouth	4111
promo	4110
rams	4109
rc	4108
rm	4107
sicily	4106
sis	4105
snaps	4104
springfield	4103
tt	4102
whispers	4101
woah	4100
abdullah	4099
abusing	4098
angelo	4097
ankara	4096
antoine	4095
auckland	4094
barney	4093
bates	4092
biscuits	4091
chargers	4090
claudia	4089
corey	4088
countess	4087
domingo	4086
donovan	4085
edith	4084
edwin	4083
elaine	4082
ernst	4081
ev	4080
exp	4079
faggot	4078
favourites	4077
fiona	4076
garrett	4075
govt	4074
happiest	4073
harlem	4072
hector	4071
imo	4070
isabel	4069
isaiah	4068
israelis	4067
krishna	4066
leafs	4065
lennon	4064
lorenzo	4063
mccartney	4062
mexicans	4061
neal	4060
neville	4059
om	4058
parsons	4057
quran	4056
rf	4055
rosie	4054
royce	4053
sergio	4052
seymour	4051
simpsons	4050
somethin	4049
stein	4048
thru	4047
truman	4046
vp	4045
wembley	4044
xvi	4043
yah	4042
alarms	4041
aviv	4040
blanc	4039
brit	4038
cas	4037
dicks	4036
endeavour	4035
essentials	4034
figuring	4033
freaks	4032
gareth	4031
giles	4030
giovanni	4029
gomez	4028
ia	4027
ib	4026
kat	4025
klaus	4024
knicks	4023
lama	4022
macmillan	4021
malik	4020
mas	4019
mk	4018
mn	4017
newark	4016
nipples	4015
oo	4014
punjab	4013
rebounds	4012
reggie	4011
renault	4010
sayin	4009
sinclair	4008
theresa	4007
waterloo	4006
wimbledon	4005
wyoming	4004
zeus	4003
agnes	4002
archie	4001
arse	4000
barrett	3999
bloggers	3998
carnegie	3997
dalton	3996
danielle	3995
deborah	3994
duh	3993
elijah	3992
existent	3991
falcons	3990
flirting	3989
hanna	3988
hansen	3987
ind	3986
itv	3985
jasper	3984
jen	3983
ky	3982
lawson	3981
lea	3980
luna	3979
meg	3978
meme	3977
peggy	3976
perez	3975
poo	3974
qc	3973
rhode	3972
roth	3971
salem	3970
sheila	3969
sid	3968
slammed	3967
smelling	3966
stevenson	3965
youngsters	3964
yuri	3963
zimmerman	3962
ama	3961
andreas	3960
ariel	3959
bae	3958
barbie	3957
barker	3956
becky	3955
benson	3954
bentley	3953
bordeaux	3952
bothers	3951
cindy	3950
clarkson	3949
clears	3948
denise	3947
diaz	3946
diy	3945
doris	3944
dundee	3943
ew	3942
funniest	3941
gamer	3940
geoff	3939
gil	3938
hale	3937
howe	3936
irwin	3935
kendall	3934
kickstarter	3933
lg	3932
marquis	3931
miley	3930
monty	3929
niagara	3928
notifications	3927
oc	3926
olivier	3925
pancakes	3924
perks	3923
pga	3922
pratt	3921
psalm	3920
quasi	3919
sb	3918
serena	3917
shaun	3916
shelley	3915
sk	3914
strauss	3913
suns	3912
thugs	3911
tm	3910
toni	3909
tottenham	3908
ulster	3907
wes	3906
wyatt	3905
xii	3904
alerts	3903
badger	3902
baxter	3901
blogging	3900
bong	3899
bronx	3898
cain	3897
catalan	3896
cheque	3895
choking	3894
condolences	3893
debbie	3892
dept	3891
fischer	3890
fleming	3889
hicks	3888
hoover	3887
isbn	3886
javascript	3885
karachi	3884
kathleen	3883
keller	3882
labrador	3881
lorraine	3880
marseille	3879
monsieur	3878
nl	3877
oaks	3876
oecd	3875
oslo	3874
pam	3873
pamela	3872
philly	3871
php	3870
pissing	3869
sahara	3868
saturdays	3867
saturn	3866
savannah	3865
seo	3864
sergei	3863
sinai	3862
valerie	3861
veronica	3860
viktor	3859
alma	3858
augustine	3857
augustus	3856
avant	3855
avery	3854
barton	3853
benghazi	3852
buckingham	3851
chem	3850
cheryl	3849
cocktails	3848
cory	3847
crimea	3846
dads	3845
directorate	3844
dow	3843
dt	3842
dvds	3841
elle	3840
fanny	3839
finch	3838
freaked	3837
gaga	3836
havent	3835
hazel	3834
hindus	3833
hrs	3832
indo	3831
javier	3830
jedi	3829
jubilee	3828
kara	3827
koreans	3826
liga	3825
lindsey	3824
lowe	3823
marvellous	3822
mata	3821
mccain	3820
mma	3819
mona	3818
mustang	3817
mw	3816
ns	3815
pascal	3814
picasso	3813
psa	3812
rad	3811
replying	3810
rhine	3809
rooting	3808
santo	3807
sg	3806
sgt	3805
skinned	3804
suzanne	3803
tn	3802
vc	3801
volunteering	3800
welcomes	3799
xiii	3798
ain	3797
alberto	3796
ari	3795
atleast	3794
benz	3793
cathy	3792
comcast	3791
dinners	3790
enrique	3789
esp	3788
faa	3787
gc	3786
goldman	3785
homepage	3784
jeremiah	3783
jj	3782
katrina	3781
kumar	3780
lancashire	3779
lara	3778
lena	3777
lex	3776
locke	3775
mont	3774
mozart	3773
multiplayer	3772
nicky	3771
nicola	3770
paige	3769
pauline	3768
playboy	3767
playlist	3766
plc	3765
portsmouth	3764
sasha	3763
shalt	3762
sheldon	3761
slams	3760
smartphones	3759
sonia	3758
stakeholders	3757
stoned	3756
turin	3755
whoops	3754
winchester	3753
wouldnt	3752
xavier	3751
abby	3750
abel	3749
ae	3748
ahhh	3747
ala	3746
audrey	3745
bitten	3744
boyle	3743
buchanan	3742
butts	3741
calcutta	3740
cho	3739
cisco	3738
claus	3737
cobb	3736
constantinople	3735
deleting	3734
ezra	3733
forecasting	3732
gallagher	3731
genoa	3730
hampton	3729
hancock	3728
hee	3727
horace	3726
ic	3725
ida	3724
jensen	3723
kaiser	3722
lilly	3721
lois	3720
lurking	3719
meh	3718
nana	3717
petit	3716
poe	3715
poly	3714
pos	3713
prussia	3712
quentin	3711
ripping	3710
riverside	3709
rocked	3708
siberia	3707
sighs	3706
simone	3705
sl	3704
snowden	3703
stokes	3702
sulphur	3701
sw	3700
thanking	3699
tipping	3698
toulouse	3697
waved	3696
wwii	3695
aj	3694
alexandra	3693
alonso	3692
ambrose	3691
arent	3690
beckham	3689
bloke	3688
bryce	3687
burgundy	3686
canary	3685
cdc	3684
cecil	3683
choked	3682
crosby	3681
dared	3680
gr	3679
greenland	3678
iss	3677
manny	3676
mortgages	3675
mourinho	3674
ngos	3673
nicest	3672
overs	3671
pickles	3670
piled	3669
pts	3668
raj	3667
ricardo	3666
steele	3665
tiffany	3664
toughest	3663
tripping	3662
uefa	3661
unix	3660
var	3659
wc	3658
wiki	3657
wilkinson	3656
williamson	3655
abbas	3654
addicts	3653
ajax	3652
alain	3651
amelia	3650
amos	3649
ankles	3648
az	3647
barking	3646
bedford	3645
beethoven	3644
caleb	3643
clint	3642
counselling	3641
crows	3640
cunningham	3639
dickens	3638
dolly	3637
eliot	3636
eps	3635
francois	3634
gifs	3633
gonzalez	3632
gs	3631
guinness	3630
hanoi	3629
hilary	3628
isabella	3627
jaime	3626
jeanne	3625
jenna	3624
joanna	3623
jonah	3622
julio	3621
jurassic	3620
legged	3619
lf	3618
madeleine	3617
malware	3616
mandarin	3615
michele	3614
midfield	3613
murdoch	3612
nichols	3611
nora	3610
paced	3609
qur	3608
rovers	3607
sas	3606
schneider	3605
shelby	3604
skinner	3603
smelled	3602
stanton	3601
strawberries	3600
suffolk	3599
syracuse	3598
tackling	3597
tanner	3596
texans	3595
tp	3594
wr	3593
xv	3592
aap	3591
atp	3590
ava	3589
bbq	3588
becker	3587
bert	3586
brushed	3585
burgess	3584
clement	3583
cn	3582
como	3581
coughing	3580
daft	3579
dar	3578
det	3577
dp	3576
eisenhower	3575
erie	3574
eur	3573
fargo	3572
freud	3571
fuckers	3570
gadgets	3569
gerrard	3568
gloucester	3567
harding	3566
hayden	3565
humphrey	3564
johann	3563
kc	3562
kuala	3561
lamar	3560
lexington	3559
lsu	3558
mattered	3557
mckay	3556
meds	3555
melanie	3554
middleton	3553
moe	3552
ngo	3551
nico	3550
nord	3549
ont	3548
ox	3547
paolo	3546
pf	3545
pisses	3544
sawyer	3543
scratched	3542
screenshots	3541
stafford	3540
trending	3539
tryin	3538
utc	3537
versailles	3536
warwick	3535
weir	3534
wonderland	3533
zack	3532
afro	3531
als	3530
bangalore	3529
bermuda	3528
bien	3527
brenda	3526
bruises	3525
cass	3524
choi	3523
dover	3522
elsa	3521
ernie	3520
exeter	3519
fairfax	3518
friedrich	3517
georgetown	3516
gg	3515
gotcha	3514
gpa	3513
greenwich	3512
griffith	3511
highness	3510
italia	3509
jude	3508
jul	3507
levine	3506
marian	3505
midi	3504
miriam	3503
mv	3502
nic	3501
partying	3500
pbs	3499
ppl	3498
psych	3497
raleigh	3496
ramsay	3495
randolph	3494
reeves	3493
rivera	3492
salisbury	3491
scarlett	3490
schwartz	3489
semitic	3488
sherwood	3487
shia	3486
snyder	3485
thatcher	3484
thine	3483
thornton	3482
uhh	3481
whining	3480
wilde	3479
wilhelm	3478
winger	3477
wiser	3476
achilles	3475
angelina	3474
blasting	3473
booker	3472
bowie	3471
breastfeeding	3470
briggs	3469
bumped	3468
cassidy	3467
catalonia	3466
cgi	3465
chrysler	3464
cobra	3463
complains	3462
constantine	3461
damien	3460
darius	3459
edison	3458
fritz	3457
gail	3456
granada	3455
grayson	3454
hanson	3453
hobbies	3452
ieee	3451
judah	3450
kittens	3449
laptops	3448
malone	3447
marcos	3446
morse	3445
nicholson	3444
omaha	3443
pals	3442
peaches	3441
pradesh	3440
principals	3439
refs	3438
seine	3437
springer	3436
stephens	3435
strasbourg	3434
techno	3433
tex	3432
townsend	3431
vous	3430
walkers	3429
wanderers	3428
weiss	3427
werner	3426
xiv	3425
yells	3424
yoo	3423
zion	3422
amir	3421
atlantis	3420
balkans	3419
brushing	3418
cj	3417
crackers	3416
crappy	3415
dems	3414
derrick	3413
dudley	3412
emmanuel	3411
feds	3410
felipe	3409
flanders	3408
foley	3407
friedman	3406
goa	3405
goldberg	3404
gotham	3403
hannibal	3402
htc	3401
hugging	3400
ig	3399
irvine	3398
judas	3397
keepers	3396
kylie	3395
lac	3394
lenders	3393
luc	3392
lyons	3391
mcgill	3390
morrow	3389
natasha	3388
ons	3387
oooh	3386
oprah	3385
pong	3384
pst	3383
rae	3382
raping	3381
reese	3380
rockefeller	3379
rudy	3378
russ	3377
seeded	3376
shri	3375
slayer	3374
snapping	3373
stirling	3372
subscribed	3371
tasmania	3370
tumour	3369
ul	3368
vacations	3367
vicar	3366
adele	3365
aristotle	3364
asa	3363
asians	3362
bethlehem	3361
beyonce	3360
blasted	3359
bowen	3358
buckley	3357
camden	3356
chevrolet	3355
chow	3354
connie	3353
dir	3352
djs	3351
dora	3350
downing	3349
dumbass	3348
durant	3347
earrings	3346
ein	3345
eta	3344
extremists	3343
fellas	3342
filmmakers	3341
footballers	3340
gamers	3339
germain	3338
grail	3337
haley	3336
hast	3335
haters	3334
helsinki	3333
hk	3332
hurdles	3331
idf	3330
jamal	3329
kabul	3328
kathryn	3327
kramer	3326
laurence	3325
leah	3324
leipzig	3323
mackay	3322
maureen	3321
mclaren	3320
merrill	3319
monde	3318
nfc	3317
orion	3316
phelps	3315
plugin	3314
raphael	3313
ryder	3312
shuts	3311
sutherland	3310
suv	3309
tripped	3308
tvs	3307
ville	3306
volvo	3305
wah	3304
wally	3303
wat	3302
watkins	3301
wenger	3300
yum	3299
addison	3298
amin	3297
auschwitz	3296
bangs	3295
beckett	3294
bel	3293
bernstein	3292
billie	3291
blackburn	3290
blanche	3289
boyfriends	3288
buffy	3287
buster	3286
byrne	3285
cadillac	3284
carla	3283
caucasus	3282
cheeky	3281
cinderella	3280
clowns	3279
corinthians	3278
cruises	3277
cyril	3276
daly	3275
dearest	3274
decker	3273
desmond	3272
dewey	3271
doncaster	3270
douche	3269
elias	3268
fn	3267
francesco	3266
fri	3265
fullest	3264
fundraiser	3263
giggles	3262
herr	3261
hobbit	3260
ich	3259
io	3258
juniors	3257
kensington	3256
kurdistan	3255
kurds	3254
loch	3253
louie	3252
mara	3251
marley	3250
mikhail	3249
morons	3248
neighbourhoods	3247
nr	3246
oswald	3245
owens	3244
paralympic	3243
persia	3242
pillows	3241
ramos	3240
rene	3239
roe	3238
schultz	3237
screwing	3236
sears	3235
sheridan	3234
shes	3233
slater	3232
smokes	3231
sobbing	3230
spitting	3229
stockings	3228
temps	3227
underwood	3226
walton	3225
worcester	3224
yorker	3223
advert	3222
beatrice	3221
belgrade	3220
bis	3219
bjp	3218
chevy	3217
clicked	3216
coco	3215
coupons	3214
cpr	3213
dh	3212
dillon	3211
disneyland	3210
elbows	3209
eliza	3208
everett	3207
fists	3206
fran	3205
freddy	3204
garde	3203
gould	3202
inspires	3201
iphones	3200
itching	3199
kappa	3198
kemp	3197
lam	3196
licking	3195
lola	3194
ludwig	3193
miliband	3192
moto	3191
nb	3190
nk	3189
overheard	3188
pb	3187
pearce	3186
plato	3185
prescriptions	3184
ptsd	3183
rican	3182
samson	3181
sigma	3180
smartest	3179
sooo	3178
sourced	3177
spartan	3176
stacy	3175
suicides	3174
tomas	3173
tunisian	3172
tweeting	3171
volkswagen	3170
vr	3169
vu	3168
wandered	3167
wigan	3166
wiley	3165
workouts	3164
xxx	3163
adolf	3162
alvarez	3161
anders	3160
avec	3159
bd	3158
bollywood	3157
bologna	3156
braces	3155
bucharest	3154
cad	3153
calif	3152
carolyn	3151
cheney	3150
chills	3149
czechoslovakia	3148
duff	3147
enquiry	3146
esa	3145
faire	3144
faking	3143
fallon	3142
farrell	3141
faux	3140
fortnight	3139
fyi	3138
gwen	3137
hipster	3136
huntington	3135
ike	3134
ist	3133
kristen	3132
len	3131
liars	3130
lowell	3129
lulu	3128
mikey	3127
motorola	3126
neymar	3125
northampton	3124
protestants	3123
reps	3122
rihanna	3121
rossi	3120
sal	3119
sentinel	3118
shepard	3117
shoved	3116
smiley	3115
sos	3114
ter	3113
trolls	3112
twain	3111
uss	3110
viva	3109
walters	3108
woes	3107
anticipating	3106
antony	3105
bender	3104
bodied	3103
bowman	3102
bras	3101
brewers	3100
bullies	3099
bullock	3098
burt	3097
ceasefire	3096
chung	3095
couldnt	3094
creeps	3093
cutler	3092
dani	3091
darts	3090
dea	3089
dorset	3088
dortmund	3087
erica	3086
forgets	3085
freakin	3084
fridays	3083
gibraltar	3082
haram	3081
highschool	3080
hyped	3079
igor	3078
jacksonville	3077
jays	3076
juventus	3075
lmao	3074
marianne	3073
mclean	3072
merlin	3071
metadata	3070
nathaniel	3069
nh	3068
nirvana	3067
pines	3066
pv	3065
reno	3064
robbins	3063
rss	3062
rv	3061
saharan	3060
serie	3059
shitting	3058
spoiler	3057
tat	3056
vid	3055
weston	3054
whispering	3053
wolfe	3052
woodward	3051
adler	3050
amor	3049
berkshire	3048
boogie	3047
calais	3046
canucks	3045
carlisle	3044
cctv	3043
chanel	3042
chateau	3041
ching	3040
conan	3039
concord	3038
coventry	3037
cristina	3036
daryl	3035
dre	3034
everest	3033
gst	3032
hayley	3031
heidi	3030
homophobic	3029
hoops	3028
inbox	3027
jang	3026
jax	3025
kendrick	3024
lafayette	3023
lumpur	3022
magnus	3021
malay	3020
mandela	3019
mariah	3018
moi	3017
moran	3016
nadal	3015
nil	3014
nuggets	3013
nypd	3012
ooo	3011
paso	3010
patton	3009
phi	3008
phoebe	3007
pinky	3006
polly	3005
sar	3004
saviour	3003
selfies	3002
snatched	3001
sneaking	3000
spaniards	2999
squirrels	2998
starr	2997
suing	2996
toledo	2995
tripoli	2994
vaughan	2993
vicky	2992
virgil	2991
wildcats	2990
wiping	2989
withdrawals	2988
zac	2987
aca	2986
admiralty	2985
antiques	2984
baird	2983
barnett	2982
baroness	2981
birthdays	2980
bmi	2979
breakers	2978
bridget	2977
browne	2976
browning	2975
burnley	2974
cara	2973
celtics	2972
cheshire	2971
cms	2970
commodore	2969
consultancy	2968
cw	2967
distractions	2966
dominique	2965
donuts	2964
drawers	2963
eduardo	2962
elton	2961
emailed	2960
ems	2959
fag	2958
ferris	2957
freaky	2956
funnier	2955
gujarat	2954
heinrich	2953
hobart	2952
hoo	2951
hovering	2950
hubert	2949
hugged	2948
hutchinson	2947
intra	2946
joys	2945
julien	2944
kaplan	2943
lars	2942
lc	2941
luca	2940
magnum	2939
mana	2938
michaels	2937
nielsen	2936
od	2935
otis	2934
outsourcing	2933
pandora	2932
parry	2931
qualifies	2930
ramon	2929
rosen	2928
rpg	2927
sainte	2926
semitism	2925
seville	2924
sharma	2923
sire	2922
slovenian	2921
soaking	2920
soooo	2919
stamford	2918
stoked	2917
talbot	2916
tanya	2915
tattooed	2914
texted	2913
tucson	2912
upton	2911
vin	2910
vivian	2909
vt	2908
vw	2907
wolfgang	2906
wolverine	2905
afp	2904
ames	2903
avon	2902
beauties	2901
berger	2900
bianca	2899
bl	2898
blackpool	2897
blooded	2896
bnp	2895
bono	2894
britney	2893
busting	2892
caracas	2891
cardio	2890
colbert	2889
counsellor	2888
crete	2887
curls	2886
dickinson	2885
dreamt	2884
dresden	2883
fife	2882
flushing	2881
fukushima	2880
germs	2879
hartley	2878
hehe	2877
hewitt	2876
honolulu	2875
hyun	2874
institut	2873
js	2872
mastering	2871
mckenzie	2870
mf	2869
motivating	2868
nano	2867
natal	2866
nods	2865
osama	2864
png	2863
poking	2862
previews	2861
prob	2860
quits	2859
raptors	2858
rn	2857
robbing	2856
roche	2855
sachs	2854
sandals	2853
scientology	2852
sloan	2851
tae	2850
trey	2849
tristan	2848
underrated	2847
vending	2846
vinci	2845
voyager	2844
wd	2843
wrecking	2842
yukon	2841
albuquerque	2840
anaheim	2839
ante	2838
antwerp	2837
barlow	2836
baylor	2835
bk	2834
bragging	2833
bulldog	2832
camille	2831
canadiens	2830
cheered	2829
constance	2828
conway	2827
denny	2826
desks	2825
dion	2824
doha	2823
duffy	2822
elisabeth	2821
faulkner	2820
fernandez	2819
flickr	2818
garry	2817
geez	2816
gemma	2815
gl	2814
graders	2813
gregg	2812
grimm	2811
hartford	2810
haute	2809
herrera	2808
howell	2807
hz	2806
ids	2805
jai	2804
jarvis	2803
jd	2802
jk	2801
judd	2800
katz	2799
lawmakers	2798
liv	2797
lockdown	2796
louvre	2795
lux	2794
macbook	2793
manu	2792
mein	2791
meps	2790
mercer	2789
mimi	2788
moaning	2787
mondays	2786
moreno	2785
naruto	2784
ndp	2783
novak	2782
ob	2781
olga	2780
paterson	2779
prescott	2778
provence	2777
remuneration	2776
ridley	2775
roc	2774
roi	2773
roommates	2772
rr	2771
rutherford	2770
sbs	2769
std	2768
stoner	2767
stuttgart	2766
sweetest	2765
tagging	2764
tf	2763
thinkin	2762
toned	2761
tuscany	2760
unfolding	2759
vargas	2758
vega	2757
webber	2756
wp	2755
alba	2754
alvin	2753
appreciates	2752
aqua	2751
banged	2750
bas	2749
bey	2748
bloomberg	2747
blvd	2746
brody	2745
cary	2744
compton	2743
conn	2742
cor	2741
cottages	2740
coworkers	2739
cromwell	2738
cummings	2737
dirk	2736
dyke	2735
felicity	2734
fulham	2733
galileo	2732
garfield	2731
goodwin	2730
gutted	2729
hara	2728
heist	2727
housewives	2726
ict	2725
ik	2724
intoxicated	2723
inventories	2722
jacqueline	2721
joanne	2720
jpg	2719
keystone	2718
ks	2717
lahore	2716
langley	2715
lenny	2714
mcgraw	2713
medina	2712
mich	2711
motherfucking	2710
moyes	2709
mx	2708
negatives	2707
nerds	2706
nevermind	2705
olsen	2704
philips	2703
poised	2702
raja	2701
rollins	2700
routledge	2699
savages	2698
slippers	2697
socrates	2696
spamming	2695
stacey	2694
suez	2693
sweeps	2692
taipei	2691
tj	2690
trafford	2689
tyrone	2688
upfront	2687
uploading	2686
vets	2685
vida	2684
woken	2683
www	2682
yeh	2681
yves	2680
zelda	2679
abigail	2678
amc	2677
atkinson	2676
barrow	2675
berg	2674
bern	2673
bn	2672
bom	2671
boone	2670
butch	2669
cba	2668
centric	2667
cesar	2666
cio	2665
clinging	2664
cosy	2663
cumberland	2662
dalai	2661
damian	2660
delights	2659
galloway	2658
garth	2657
handheld	2656
hanover	2655
harassing	2654
hezbollah	2653
isil	2652
keynes	2651
lankan	2650
lashes	2649
ld	2648
lte	2647
luigi	2646
mer	2645
mir	2644
morales	2643
nom	2642
oem	2641
ohhh	2640
ollie	2639
pap	2638
patel	2637
pats	2636
pennies	2635
pisa	2634
rama	2633
rentals	2632
rolex	2631
showtime	2630
siemens	2629
suzuki	2628
swam	2627
thierry	2626
usda	2625
viper	2624
virgins	2623
whitman	2622
whores	2621
yates	2620
zeppelin	2619
albion	2618
apologizing	2617
arenas	2616
atheists	2615
auf	2614
barca	2613
bashing	2612
bavaria	2611
bengals	2610
blackhawks	2609
breton	2608
brits	2607
buns	2606
burlington	2605
cali	2604
cavaliers	2603
chocolates	2602
comforts	2601
cooke	2600
crimean	2599
danube	2598
dayton	2597
dixie	2596
dustin	2595
eminence	2594
eq	2593
erm	2592
fingerprints	2591
flores	2590
foo	2589
godzilla	2588
hallelujah	2587
hiroshima	2586
jfk	2585
knuckles	2584
kraft	2583
lizzie	2582
lori	2581
lunches	2580
madras	2579
mandy	2578
memes	2577
mentoring	2576
mj	2575
mundo	2574
neptune	2573
nero	2572
nightingale	2571
oj	2570
ombudsman	2569
orioles	2568
pak	2567
prosecuting	2566
quincy	2565
ramirez	2564
rockies	2563
romero	2562
rotterdam	2561
sami	2560
selves	2559
serge	2558
slapping	2557
snapchat	2556
soho	2555
spoilers	2554
tailed	2553
tau	2552
throats	2551
vance	2550
viet	2549
whipping	2548
wilder	2547
wilkins	2546
ww	2545
aleppo	2544
anc	2543
annoys	2542
armenians	2541
asean	2540
asl	2539
auntie	2538
bertrand	2537
bois	2536
brasil	2535
burmese	2534
caldwell	2533
carly	2532
chavez	2531
cheats	2530
chops	2529
clarifying	2528
collier	2527
comm	2526
coop	2525
cps	2524
cramps	2523
cursing	2522
dal	2521
davey	2520
demi	2519
ditto	2518
dwayne	2517
eiffel	2516
eileen	2515
eminem	2514
enquiries	2513
faq	2512
fedex	2511
flattered	2510
forster	2509
fs	2508
fulton	2507
gabe	2506
gma	2505
harrington	2504
hemingway	2503
ign	2502
infested	2501
interns	2500
ipswich	2499
isabelle	2498
janice	2497
joaquin	2496
kia	2495
lazarus	2494
livingston	2493
malibu	2492
muller	2491
nih	2490
nwa	2489
oscars	2488
pasadena	2487
pip	2486
pleases	2485
ponies	2484
reyes	2483
rl	2482
rubin	2481
scraps	2480
ses	2479
shea	2478
sikh	2477
sino	2476
skye	2475
spence	2474
squeezing	2473
stung	2472
sweeney	2471
tac	2470
tacos	2469
teaser	2468
tue	2467
ungrateful	2466
uno	2465
alfonso	2464
angie	2463
ans	2462
auditors	2461
bard	2460
bea	2459
blackwell	2458
boosts	2457
bourne	2456
braun	2455
brigadier	2454
burr	2453
cher	2452
chinatown	2451
clapping	2450
clegg	2449
clinicians	2448
cocks	2447
cvs	2446
debuts	2445
doubting	2444
eighties	2443
elise	2442
fitz	2441
flashed	2440
francesca	2439
gabrielle	2438
goggles	2437
griffiths	2436
guantanamo	2435
hacks	2434
hendrix	2433
hume	2432
hydra	2431
inquisition	2430
jackass	2429
jericho	2428
jesuits	2427
kremlin	2426
lambs	2425
leopold	2424
lockheed	2423
luiz	2422
mais	2421
maj	2420
melville	2419
melvin	2418
milano	2417
nadia	2416
norma	2415
nwt	2414
palin	2413
pci	2412
pluto	2411
prettier	2410
rained	2409
raul	2408
reminders	2407
ritchie	2406
rosenberg	2405
rutgers	2404
shepherds	2403
shoppers	2402
sorta	2401
streamed	2400
strengthens	2399
summaries	2398
sykes	2397
tal	2396
theyre	2395
titus	2394
tudor	2393
tutorials	2392
unionist	2391
ver	2390
watered	2389
wellbeing	2388
wipes	2387
wits	2386
wrinkles	2385
zur	2384
acl	2383
adjourned	2382
alfredo	2381
approvals	2380
baffled	2379
barkley	2378
bayer	2377
boner	2376
bubba	2375
cbd	2374
changer	2373
cornish	2372
cristiano	2371
crowley	2370
curled	2369
cy	2368
dae	2367
dickson	2366
docs	2365
dracula	2364
ent	2363
eurozone	2362
flagged	2361
fooling	2360
forte	2359
frankenstein	2358
gon	2357
greenwood	2356
harms	2355
hauling	2354
hb	2353
hermann	2352
het	2351
houghton	2350
hyundai	2349
ifs	2348
iraqis	2347
josephine	2346
lausanne	2345
levin	2344
lobbyists	2343
ly	2342
makin	2341
mcgee	2340
motherfuckers	2339
muir	2338
myspace	2337
napoli	2336
nguyen	2335
nye	2334
org	2333
ortiz	2332
pacers	2331
partnering	2330
phoned	2329
pizzas	2328
pk	2327
pol	2326
pretends	2325
psp	2324
ramifications	2323
rubio	2322
rufus	2321
sant	2320
scandinavia	2319
shiva	2318
smithsonian	2317
standalone	2316
stares	2315
stratford	2314
thankyou	2313
thorpe	2312
tinder	2311
trident	2310
tsa	2309
upsets	2308
weirdest	2307
winnie	2306
wto	2305
abrams	2304
andrei	2303
athena	2302
att	2301
bah	2300
bartlett	2299
bethany	2298
blaine	2297
bop	2296
caitlin	2295
chiang	2294
commandant	2293
confederacy	2292
csi	2291
cullen	2290
devolution	2289
dino	2288
disclosures	2287
durban	2286
eastwood	2285
ethel	2284
fide	2283
flashbacks	2282
fresno	2281
gideon	2280
giorgio	2279
glorified	2278
gmbh	2277
gupta	2276
histoire	2275
hms	2274
hodges	2273
homeowners	2272
hooper	2271
infirmary	2270
jc	2269
jolie	2268
kelley	2267
kgb	2266
kimberly	2265
kinder	2264
lordship	2263
lucifer	2262
mahmoud	2261
mamma	2260
marta	2259
milo	2258
mina	2257
minnie	2256
mira	2255
mos	2254
nacional	2253
nouveau	2252
npr	2251
oilers	2250
pacing	2249
padres	2248
pepe	2247
phillies	2246
phyllis	2245
positives	2244
rahman	2243
ramen	2242
reinforces	2241
renee	2240
ros	2239
sanskrit	2238
santana	2237
sardinia	2236
sharif	2235
sourcing	2234
spartans	2233
specs	2232
spectre	2231
spilling	2230
ticks	2229
tito	2228
tobias	2227
verlag	2226
voicemail	2225
waldo	2224
whitehall	2223
yee	2222
yvonne	2221
aeroplane	2220
alejandro	2219
alta	2218
ami	2217
apa	2216
aubrey	2215
axel	2214
bailed	2213
baptiste	2212
bcs	2211
bethesda	2210
bitcoins	2209
blazers	2208
bolshevik	2207
bona	2206
bonn	2205
bookings	2204
brides	2203
brows	2202
camped	2201
cecilia	2200
cena	2199
ceos	2198
cg	2197
christy	2196
cir	2195
clair	2194
connolly	2193
crawled	2192
darcy	2191
dawg	2190
deco	2189
df	2188
dhabi	2187
donnie	2186
dupont	2185
entre	2184
fascists	2183
flung	2182
footprints	2181
fra	2180
godfrey	2179
henrik	2178
hinduism	2177
hurley	2176
ipa	2175
isp	2174
isps	2173
jb	2172
jonny	2171
justifies	2170
kidd	2169
kt	2168
leftovers	2167
leroy	2166
lexus	2165
lynne	2164
macbeth	2163
mansfield	2162
mcguire	2161
mentors	2160
meow	2159
paisley	2158
paramedics	2157
penelope	2156
presenters	2155
proc	2154
rahul	2153
reilly	2152
rhys	2151
sabrina	2150
slamming	2149
squats	2148
squire	2147
studs	2146
tempest	2145
tesco	2144
thc	2143
thorns	2142
toro	2141
tulsa	2140
typo	2139
wb	2138
welch	2137
westwood	2136
wha	2135
akbar	2134
aol	2133
barr	2132
basing	2131
beaumont	2130
bg	2129
bj	2128
blacked	2127
boko	2126
bosch	2125
brandt	2124
calibre	2123
cassie	2122
charley	2121
chico	2120
ck	2119
cornelius	2118
counselors	2117
cree	2116
crumbs	2115
cutie	2114
dentists	2113
deux	2112
dodd	2111
draper	2110
excused	2109
fay	2108
footed	2107
fracking	2106
gaelic	2105
gilles	2104
gillian	2103
gilmore	2102
gmail	2101
granger	2100
greenberg	2099
grimes	2098
haifa	2097
ingrid	2096
jeb	2095
kali	2094
kart	2093
kudos	2092
kw	2091
laced	2090
lille	2089
lim	2088
liza	2087
lng	2086
lyle	2085
macarthur	2084
macau	2083
manson	2082
mathieu	2081
maui	2080
mep	2079
millionaires	2078
misled	2077
mixtape	2076
obi	2075
olson	2074
pasha	2073
paused	2072
paz	2071
pius	2070
policymakers	2069
pont	2068
poole	2067
pretoria	2066
quay	2065
recap	2064
recognises	2063
reflexes	2062
refreshed	2061
riviera	2060
robb	2059
rolf	2058
rudolph	2057
semifinals	2056
sens	2055
sera	2054
serb	2053
shelly	2052
sledge	2051
sorrows	2050
spat	2049
strangest	2048
sv	2047
swedes	2046
tanaka	2045
timmy	2044
vaughn	2043
vulcan	2042
yrs	2041
abd	2040
accrued	2039
adored	2038
alexandre	2037
alia	2036
aswell	2035
avg	2034
bellamy	2033
bergen	2032
betsy	2031
bm	2030
bracelets	2029
briefed	2028
brig	2027
bumping	2026
bw	2025
cairns	2024
caregivers	2023
carole	2022
charmed	2021
childcare	2020
choo	2019
colombo	2018
costello	2017
dangling	2016
dartmouth	2015
dildo	2014
dlc	2013
doggy	2012
downey	2011
eb	2010
edna	2009
ef	2008
emile	2007
feelin	2006
fidel	2005
fifties	2004
franks	2003
frederic	2002
gaulle	2001
gearing	2000
gis	1999
gogh	1998
gras	1997
gsm	1996
hari	1995
hdmi	1994
headlights	1993
hooray	1992
horton	1991
huron	1990
informants	1989
internships	1988
iroquois	1987
jehovah	1986
jenner	1985
johan	1984
johannes	1983
josef	1982
jt	1981
kahn	1980
kodak	1979
lau	1978
lew	1977
louisa	1976
marin	1975
matilda	1974
maynard	1973
mcbride	1972
mcgregor	1971
mitsubishi	1970
nadine	1969
nationale	1968
nazareth	1967
nicki	1966
nino	1965
organisers	1964
parte	1963
pau	1962
petra	1961
pooh	1960
ppp	1959
putnam	1958
remy	1957
responders	1956
rowan	1955
rowe	1954
scaring	1953
sidelines	1952
sinatra	1951
sirius	1950
slag	1949
slovak	1948
someones	1947
spoons	1946
stephenson	1945
syrians	1944
tam	1943
thingy	1942
thu	1941
tres	1940
trolling	1939
ventura	1938
vhs	1937
wanda	1936
wikileaks	1935
workin	1934
abi	1933
aint	1932
andersen	1931
austen	1930
aziz	1929
badgers	1928
beggars	1927
bonaparte	1926
bradshaw	1925
bray	1924
burnett	1923
chaplin	1922
cheltenham	1921
chilli	1920
chuckles	1919
concordia	1918
csr	1917
darryl	1916
derailed	1915
digs	1914
discriminated	1913
ditched	1912
dod	1911
dodging	1910
dyer	1909
eaters	1908
edo	1907
ensign	1906
fg	1905
fours	1904
gaddafi	1903
galilee	1902
geelong	1901
gertrude	1900
giuseppe	1899
glover	1898
goldstein	1897
guineas	1896
har	1895
hawking	1894
heals	1893
hedgehog	1892
hedges	1891
ibiza	1890
inverness	1889
jerks	1888
johansson	1887
khalifa	1886
kinky	1885
labelling	1884
loki	1883
loo	1882
magna	1881
maids	1880
mari	1879
marketers	1878
mathews	1877
maxi	1876
mazda	1875
mccann	1874
melinda	1873
missy	1872
mojo	1871
mums	1870
nemo	1869
netanyahu	1868
olaf	1867
palais	1866
palermo	1865
peugeot	1864
piggy	1863
playa	1862
prettiest	1861
renewing	1860
saigon	1859
scooby	1858
scumbag	1857
seinfeld	1856
serbs	1855
shorty	1854
shrugged	1853
siena	1852
slade	1851
sobs	1850
soc	1849
spd	1848
staffordshire	1847
ste	1846
stead	1845
str	1844
swami	1843
takers	1842
telly	1841
terminator	1840
thursdays	1839
toddlers	1838
tuesdays	1837
tumours	1836
tunis	1835
waller	1834
werewolf	1833
westbrook	1832
wichita	1831
wiggins	1830
yosemite	1829
aches	1828
aero	1827
alistair	1826
andes	1825
archibald	1824
atkins	1823
aunts	1822
babysitting	1821
bane	1820
belmont	1819
benton	1818
boa	1817
boilers	1816
bournemouth	1815
breaths	1814
budgeting	1813
calmed	1812
channing	1811
chats	1810
collingwood	1809
conor	1808
copa	1807
corvette	1806
cpi	1805
creams	1804
cupcakes	1803
danes	1802
daytona	1801
deus	1800
dk	1799
dodgy	1798
doodle	1797
dubstep	1796
dum	1795
ebook	1794
emir	1793
fanbase	1792
farts	1791
fledged	1790
geeks	1789
germanic	1788
goldsmith	1787
guido	1786
gustav	1785
gypsies	1784
haskell	1783
heathrow	1782
hooking	1781
humbled	1780
humming	1779
hyderabad	1778
iggy	1777
ioc	1776
jae	1775
jaguars	1774
keane	1773
lacey	1772
leans	1771
lemons	1770
loco	1769
lowry	1768
mach	1767
macleod	1766
mah	1765
maison	1764
marguerite	1763
mcqueen	1762
metallica	1761
mgm	1760
mueller	1759
mustafa	1758
nel	1757
nigh	1756
northumberland	1755
nra	1754
nrl	1753
nuevo	1752
olympus	1751
orton	1750
porte	1749
potomac	1748
radcliffe	1747
rapping	1746
ravi	1745
reaper	1744
reuben	1743
rh	1742
rips	1741
ruiz	1740
russo	1739
sana	1738
scams	1737
seams	1736
sevens	1735
sheppard	1734
snoring	1733
steaks	1732
taj	1731
taping	1730
tardis	1729
teased	1728
thx	1727
trois	1726
ulysses	1725
vettel	1724
waffles	1723
wallets	1722
weirdo	1721
wilkes	1720
wolff	1719
accomplishing	1718
adm	1717
aidan	1716
alfie	1715
babes	1714
biden	1713
blanks	1712
borg	1711
bret	1710
buddhists	1709
cartwright	1708
centro	1707
coa	1706
colleen	1705
cordon	1704
daphne	1703
diablo	1702
doth	1701
dumbest	1700
eaton	1699
eau	1698
ellison	1697
epstein	1696
erasmus	1695
este	1694
fabio	1693
filings	1692
flops	1691
gangsters	1690
georg	1689
gillespie	1688
gladstone	1687
gnome	1686
gracie	1685
grievous	1684
guillaume	1683
hawthorn	1682
hebrews	1681
heidelberg	1680
hermes	1679
hodge	1678
hodgson	1677
hoodie	1676
hubbard	1675
inbound	1674
incumbents	1673
israelites	1672
kerala	1671
kfc	1670
lange	1669
lillian	1668
lovin	1667
maguire	1666
maher	1665
mani	1664
margot	1663
marriott	1662
massa	1661
mckenna	1660
mcmahon	1659
michelangelo	1658
milford	1657
moors	1656
nasser	1655
nell	1654
nuremberg	1653
oft	1652
orr	1651
palo	1650
parkinson	1649
pax	1648
perched	1647
pesos	1646
poked	1645
politic	1644
porno	1643
prem	1642
proportionate	1641
qualifiers	1640
retires	1639
richter	1638
rockstar	1637
rowland	1636
saddest	1635
sadie	1634
scully	1633
sharpe	1632
shelton	1631
sufficiency	1630
supra	1629
takin	1628
tammy	1627
trainees	1626
trays	1625
truss	1624
twat	1623
vaccinated	1622
vibes	1621
wakefield	1620
wallis	1619
worded	1618
workflow	1617
alessandro	1616
algiers	1615
anon	1614
assaulting	1613
asus	1612
beaufort	1611
bikers	1610
bitching	1609
bled	1608
breathes	1607
carlyle	1606
carmichael	1605
carte	1604
cassandra	1603
castillo	1602
chatham	1601
cherries	1600
chewed	1599
christophe	1598
congratulated	1597
debra	1596
determinations	1595
dickhead	1594
djokovic	1593
dmitry	1592
dodger	1591
donaldson	1590
donetsk	1589
drs	1588
drummond	1587
eachother	1586
ek	1585
fatima	1584
fitch	1583
fulfilment	1582
gaal	1581
gd	1580
giggling	1579
gladys	1578
graeme	1577
greener	1576
harcourt	1575
hasan	1574
hawthorne	1573
heinz	1572
heller	1571
hermione	1570
hikes	1569
hitchcock	1568
holloway	1567
ht	1566
hussain	1565
iain	1564
insanely	1563
iu	1562
jacked	1561
joachim	1560
justine	1559
karim	1558
kaufman	1557
kev	1556
kirsten	1555
kool	1554
levant	1553
libby	1552
lm	1551
lyndon	1550
macedonian	1549
mansions	1548
marbles	1547
meyers	1546
mh	1545
minions	1544
msc	1543
mussolini	1542
myrtle	1541
napa	1540
nietzsche	1539
odin	1538
packard	1537
padre	1536
paleo	1535
peterborough	1534
pharma	1533
plz	1532
prescribing	1531
protestors	1530
psg	1529
qa	1528
ras	1527
revue	1526
ritz	1525
rts	1524
runnin	1523
sabres	1522
scotty	1521
sevilla	1520
shapiro	1519
silas	1518
sinn	1517
sinned	1516
smiths	1515
smokey	1514
sous	1513
sparta	1512
stalked	1511
startups	1510
steph	1509
stockton	1508
straining	1507
taft	1506
tanning	1505
tatum	1504
taurus	1503
tds	1502
testicles	1501
tracey	1500
trojans	1499
verona	1498
vidal	1497
voltaire	1496
weibo	1495
westerners	1494
wiener	1493
yamaha	1492
zionism	1491
annette	1490
awww	1489
ballard	1488
bathurst	1487
billboards	1486
blowjob	1485
boca	1484
bolsheviks	1483
busch	1482
carlson	1481
castor	1480
cfa	1479
cheyenne	1478
colby	1477
colo	1476
contraband	1475
crates	1474
cricketer	1473
cunts	1472
dempsey	1471
denton	1470
dg	1469
disagrees	1468
dw	1467
emilio	1466
etienne	1465
ey	1464
fabian	1463
fated	1462
fil	1461
ftc	1460
gage	1459
gardiner	1458
gibbons	1457
guerrero	1456
gums	1455
gw	1454
halle	1453
hamid	1452
hg	1451
hispanics	1450
historia	1449
imdb	1448
inuit	1447
ips	1446
islamabad	1445
iucn	1444
jazeera	1443
jimi	1442
kelsey	1441
khmer	1440
larson	1439
lemme	1438
livin	1437
loire	1436
macintosh	1435
mam	1434
maori	1433
marshals	1432
matty	1431
mavericks	1430
mclaughlin	1429
merkel	1428
messes	1427
michelin	1426
minh	1425
monterey	1424
msnbc	1423
nassau	1422
olympia	1421
peabody	1420
pediatrics	1419
peeing	1418
pervert	1417
pia	1416
pickering	1415
pietro	1414
piling	1413
pj	1412
pours	1411
powerpoint	1410
premieres	1409
rai	1408
rea	1407
realty	1406
robberies	1405
sama	1404
sarajevo	1403
scarborough	1402
schumacher	1401
seeding	1400
sega	1399
shaming	1398
sipping	1397
som	1396
spelt	1395
steiner	1394
superstars	1393
susie	1392
sven	1391
swag	1390
tak	1389
tata	1388
teaming	1387
tees	1386
tenders	1385
thirties	1384
thorne	1383
timberlake	1382
trudeau	1381
ua	1380
unc	1379
unites	1378
vader	1377
watchers	1376
wednesdays	1375
welp	1374
whistler	1373
wiltshire	1372
wm	1371
yellowstone	1370
ymca	1369
adnan	1368
akron	1367
amour	1366
ata	1365
banda	1364
bavarian	1363
bst	1362
bundesliga	1361
carmel	1360
cartier	1359
ccp	1358
ceylon	1357
chennai	1356
chesapeake	1355
chevron	1354
clemson	1353
cleopatra	1352
cochrane	1351
comptroller	1350
congolese	1349
coulson	1348
crafting	1347
damnit	1346
daredevil	1345
davenport	1344
defaults	1343
derbyshire	1342
div	1341
droid	1340
dunbar	1339
dx	1338
dyson	1337
eels	1336
ewing	1335
faber	1334
gentiles	1333
goddard	1332
hadley	1331
handcuffs	1330
hanks	1329
hella	1328
hookers	1327
hopped	1326
huffington	1325
iot	1324
iranians	1323
ita	1322
kant	1321
keating	1320
latina	1319
lds	1318
lehman	1317
leighton	1316
lien	1315
lincolnshire	1314
lorry	1313
mabel	1312
marlon	1311
mccall	1310
mens	1309
microbiology	1308
milner	1307
myles	1306
nada	1305
nee	1304
nehru	1303
palazzo	1302
partridge	1301
pharrell	1300
placements	1299
pointe	1298
pollard	1297
privatisation	1296
progressives	1295
purdue	1294
qpr	1293
rims	1292
ringo	1291
robson	1290
roxy	1289
salman	1288
salvatore	1287
scraped	1286
sig	1285
sloane	1284
sochi	1283
spoiling	1282
sti	1281
sturridge	1280
swallows	1279
sylvester	1278
tarzan	1277
tbs	1276
terri	1275
tormented	1274
torturing	1273
tos	1272
turing	1271
ursula	1270
veg	1269
waiters	1268
weiner	1267
wil	1266
wildest	1265
willard	1264
winslow	1263
wis	1262
yikes	1261
acm	1260
adriatic	1259
alcoholics	1258
arte	1257
biggie	1256
bismarck	1255
bohemia	1254
boise	1253
cahill	1252
calhoun	1251
cantor	1250
carleton	1249
cbi	1248
celia	1247
charlton	1246
cheerleaders	1245
chihuahua	1244
cosmo	1243
crowdfunding	1242
crucible	1241
cutest	1240
deceiving	1239
dips	1238
dolores	1237
drugged	1236
eastenders	1235
edm	1234
esque	1233
fait	1232
forsaken	1231
girly	1230
gnu	1229
goethe	1228
graces	1227
greer	1226
gregor	1225
gucci	1224
guthrie	1223
hae	1222
hayward	1221
hogs	1220
hornets	1219
hoy	1218
hpv	1217
ina	1216
irc	1215
jameson	1214
jinx	1213
lawns	1212
librarians	1211
lotto	1210
loudest	1209
maddie	1208
marjorie	1207
mayweather	1206
mcdowell	1205
midland	1204
mohawk	1203
monique	1202
monsanto	1201
mortimer	1200
motorists	1199
msg	1198
musk	1197
nasdaq	1196
negotiable	1195
odessa	1194
odi	1193
overflowing	1192
pcb	1191
pranks	1190
presley	1189
qt	1188
rainbows	1187
refunds	1186
regan	1185
rem	1184
ripley	1183
rookies	1182
royale	1181
rudd	1180
rudolf	1179
saddened	1178
sanderson	1177
sergey	1176
showcasing	1175
signings	1174
smurf	1173
sta	1172
staten	1171
strippers	1170
stu	1169
tellin	1168
tess	1167
timers	1166
titties	1165
tomlinson	1164
ud	1163
undertakings	1162
unveiling	1161
viagra	1160
wendell	1159
wheeling	1158
whips	1157
yahweh	1156
yak	1155
zachary	1154
acta	1153
addis	1152
aggravating	1151
alsace	1150
appreciating	1149
arrears	1148
bargains	1147
bernardo	1146
bidders	1145
boasting	1144
bragg	1143
breathed	1142
bums	1141
caf	1140
campers	1139
cancelling	1138
ces	1137
chalmers	1136
chaps	1135
christi	1134
clifton	1133
cravings	1132
dakar	1131
dares	1130
darth	1129
deb	1128
dislikes	1127
dossier	1126
drenched	1125
drinkers	1124
dubois	1123
embodies	1122
ere	1121
eyeballs	1120
fitzpatrick	1119
fla	1118
gaston	1117
gloucestershire	1116
gmo	1115
grange	1114
grizzlies	1113
hahah	1112
hatching	1111
healy	1110
heres	1109
hobbs	1108
hutton	1107
hye	1106
ingram	1105
inspecting	1104
irl	1103
isla	1102
johnstone	1101
kawasaki	1100
keaton	1099
kilos	1098
kingsley	1097
lager	1096
lear	1095
leblanc	1094
lev	1093
licked	1092
ligue	1091
lollipop	1090
lui	1089
mariano	1088
medici	1087
mendoza	1086
merci	1085
minsk	1084
narendra	1083
negotiators	1082
nelly	1081
newt	1080
nikita	1079
nuances	1078
packer	1077
patched	1076
patrice	1075
pears	1074
pensioners	1073
personalised	1072
picard	1071
pla	1070
pollock	1069
postings	1068
rapists	1067
rees	1066
referrals	1065
rhinos	1064
rus	1063
schulz	1062
shouldnt	1061
shoving	1060
showered	1059
shrek	1058
sissy	1057
snowboarding	1056
sprite	1055
sprouts	1054
stewards	1053
sts	1052
studded	1051
sundance	1050
swears	1049
threesome	1048
torches	1047
tung	1046
undermines	1045
veggies	1044
wentworth	1043
woodstock	1042
abstracts	1041
aden	1040
adverts	1039
aladdin	1038
amman	1037
amps	1036
ars	1035
asher	1034
astral	1033
astros	1032
avi	1031
balfour	1030
bein	1029
beit	1028
bios	1027
blanco	1026
bose	1025
britons	1024
bugging	1023
bundy	1022
camilla	1021
casablanca	1020
cavalier	1019
conveyance	1018
cornered	1017
cosplay	1016
crowe	1015
crutches	1014
cupid	1013
daley	1012
davy	1011
dehydrated	1010
disclosing	1009
dogg	1008
dolan	1007
donnelly	1006
donny	1005
dorian	1004
earners	1003
emil	1002
ez	1001
flo	1000
frazier	999
gable	998
gallo	997
gardeners	996
gatsby	995
gaul	994
getty	993
goliath	992
greats	991
haas	990
habs	989
hades	988
hahahaha	987
hathaway	986
haunts	985
haynes	984
hester	983
hillsborough	982
homme	981
hordes	980
internationale	979
issa	978
jed	977
jus	976
kd	975
khalid	974
kilo	973
klan	972
knowles	971
kristin	970
kruger	969
latvian	968
lennox	967
lucian	966
mahal	965
marcelo	964
marcia	963
mcnamara	962
meade	961
ment	960
middlesex	959
mio	958
morley	957
motorbike	956
mubarak	955
nec	954
nes	953
neurology	952
nueva	951
ocd	950
okinawa	949
ono	948
osce	947
ova	946
oy	945
parma	944
pct	943
peking	942
peta	941
plastered	940
podcasts	939
prometheus	938
questionnaires	937
raffle	936
rbs	935
rca	934
rockin	933
rothschild	932
safeguarding	931
savoy	930
seconded	929
selena	928
seneca	927
sexiest	926
shite	925
signage	924
smacked	923
sniffing	922
snuck	921
spiderman	920
spiked	919
staffs	918
stalling	917
stinks	916
sumner	915
swanson	914
sweaters	913
tasmanian	912
temptations	911
thirdly	910
tia	909
tlc	908
tod	907
toxicology	906
trashed	905
trenton	904
ukrainians	903
undertaker	902
unlocking	901
vicente	900
vijay	899
vlad	898
walcott	897
wharton	896
wilmington	895
workplaces	894
wrestlemania	893
zagreb	892
abdel	891
ahem	890
andres	889
annapolis	888
anwar	887
armory	886
ati	885
atv	884
audits	883
barclay	882
barclays	881
beale	880
bertha	879
boomers	878
britannia	877
brodie	876
brownies	875
bunnies	874
busts	873
caliphate	872
cicero	871
claudio	870
cosby	869
cowards	868
crusades	867
ctrl	866
cubans	865
cuckoo	864
dawkins	863
delaney	862
doughnuts	861
duma	860
dummies	859
dunham	858
emanuel	857
emilia	856
emory	855
endeavours	854
errands	853
exaggerating	852
exchequer	851
fakes	850
firth	849
fontaine	848
fremantle	847
friggin	846
gestapo	845
gunn	844
gunshots	843
hammering	842
hepburn	841
hf	840
hitman	839
hubble	838
hud	837
imp	836
insecurities	835
jails	834
josie	833
juliette	832
kimmel	831
lamborghini	830
lanterns	829
lesley	828
letterman	827
livingstone	826
loc	825
lockhart	824
lumps	823
mcconnell	822
mcdonnell	821
mcgrath	820
mendes	819
midfielders	818
milne	817
mindfulness	816
misunderstandings	815
mla	814
motivates	813
msm	812
narrows	811
natalia	810
nav	809
newsweek	808
nf	807
norse	806
nous	805
oakley	804
oleg	803
ost	802
parishioners	801
polk	800
precautionary	799
proto	798
pryor	797
puma	796
purgatory	795
rankin	794
recon	793
reginald	792
rewind	791
rg	790
ripper	789
rodrigo	788
rosetta	787
rounder	786
rowling	785
ruben	784
salzburg	783
scrubs	782
shhh	781
shutters	780
siri	779
snl	778
spp	777
stiles	776
storming	775
sufferers	774
swaps	773
tahiti	772
templar	771
testimonies	770
thumping	769
tolkien	768
tori	767
unclean	766
uw	765
vanderbilt	764
versed	763
vick	762
vicki	761
wilcox	760
woolf	759
wwf	758
zara	757
aba	756
abba	755
ara	754
astro	753
avalon	752
awoke	751
bac	750
bain	749
baja	748
banco	747
barrie	746
biennial	745
booted	744
brewster	743
bummer	742
burdened	741
byrd	740
cabs	739
canaan	738
carbs	737
carrick	736
cavendish	735
chandra	734
chopin	733
cleans	732
cochran	731
cpc	730
crickets	729
crooks	728
crt	727
cushions	726
devin	725
doj	724
doomsday	723
doves	722
ecb	721
edmond	720
emery	719
ezekiel	718
fairytale	717
fanatics	716
fates	715
fatherland	714
fenced	713
fingernails	712
focussed	711
fol	710
fosters	709
fps	708
gah	707
godly	706
goldie	705
grover	704
handedly	703
heathen	702
hendricks	701
hh	700
insiders	699
invests	698
ironing	697
jody	696
juno	695
kapoor	694
kepler	693
kira	692
kristina	691
latinos	690
laval	689
loopholes	688
lotta	687
lund	686
marlins	685
mcmillan	684
memberships	683
mmmm	682
monies	681
montpellier	680
moo	679
ola	678
osu	677
overlooks	676
paine	675
peed	674
perl	673
perverted	672
pounded	671
powering	670
ppv	669
pres	668
pri	667
ratchet	666
rattling	665
reopening	664
robyn	663
rohan	662
rwandan	661
ryu	660
samaritan	659
sanford	658
sarkozy	657
saskatoon	656
schuster	655
sj	654
spanking	653
stargate	652
stoppage	651
suckers	650
tabernacle	649
teh	648
terence	647
thessaloniki	646
transplants	645
tuscan	644
twas	643
ugandan	642
ust	641
vb	640
walden	639
warcraft	638
wight	637
wingers	636
ws	635
wt	634
xmas	633
yemeni	632
yusuf	631
zee	630
akira	629
alam	628
alexei	627
antioch	626
apc	625
arya	624
azure	623
badminton	622
bastille	621
batted	620
bearers	619
bengali	618
bernadette	617
bihar	616
bilbao	615
billings	614
billionaires	613
bloomington	612
bolivian	611
breakdowns	610
britt	609
casper	608
chakra	607
comforted	606
composites	605
craigslist	604
crammed	603
crunching	602
dah	601
deluded	600
didier	599
disappointments	598
dons	597
dutton	596
dv	595
emo	594
eurovision	593
fer	592
ffs	591
filipinos	590
fink	589
fives	588
gators	587
gigi	586
goku	585
goth	584
goto	583
gowns	582
gracias	581
harmon	580
henley	579
hess	578
highlanders	577
hilda	576
himalayas	575
homicides	574
hornet	573
htm	572
hypocrites	571
iaea	570
inf	569
innocents	568
ismail	567
ithaca	566
jag	565
josiah	564
kr	563
laird	562
lorde	561
loretta	560
lucius	559
luz	558
lyme	557
marius	556
martins	555
mckinley	554
mellon	553
mor	552
mora	551
mort	550
movers	549
muffins	548
noone	547
nosed	546
num	545
offside	544
ofthe	543
outback	542
panicking	541
parkway	540
parlour	539
patti	538
pavel	537
perm	536
pharmacies	535
phew	534
pitfalls	533
postman	532
prada	531
prentice	530
pritchard	529
proctor	528
rajasthan	527
rin	526
rj	525
roberta	524
rochelle	523
romo	522
rubs	521
sakura	520
salaam	519
saxony	518
scariest	517
schooled	516
sheik	515
shivering	514
slowest	513
sowing	512
speciality	511
spongebob	510
springsteen	509
stamping	508
stupidest	507
suspensions	506
swayed	505
syd	504
synth	503
tamara	502
tay	501
tessa	500
thi	499
toto	498
toulon	497
tpp	496
uhm	495
vo	494
warms	493
wearable	492
willed	491
yoon	490
acacia	489
aeronautics	488
agatha	487
arturo	486
assam	485
atrocious	484
baines	483
bce	482
bdsm	481
bellevue	480
bello	479
berman	478
brah	477
burnham	476
callahan	475
challengers	474
chechnya	473
cheques	472
chernobyl	471
cora	470
cowan	469
cowell	468
coworker	467
craven	466
craziest	465
criticise	464
cuffs	463
curt	462
cyborg	461
darfur	460
derry	459
dex	458
dhaka	457
dobson	456
dps	455
duane	454
elgin	453
emu	452
erika	451
estonian	450
evo	449
fairer	448
ffa	447
flanagan	446
footy	445
fuji	444
fy	443
gals	442
gh	441
golfers	440
gopro	439
harlan	438
hippo	437
hitters	436
hives	435
homie	434
hubby	433
insolvency	432
jagger	431
joss	430
kershaw	429
kk	428
larsen	427
lauderdale	426
leland	425
leningrad	424
levelled	423
linden	422
lok	421
lucille	420
madeira	419
marissa	418
mateo	417
matteo	416
mildred	415
monet	414
mormons	413
munro	412
munster	411
nantes	410
nativity	409
nyse	408
oda	407
ofc	406
orwell	405
otc	404
outlaws	403
oxfordshire	402
paces	401
parc	400
pontifical	399
primetime	398
pug	397
pumpkins	396
rascal	395
regis	394
requiem	393
rigs	392
riyadh	391
romano	390
rosario	389
rx	388
schizophrenic	387
scorers	386
scotsman	385
scrambling	384
shreds	383
sikhs	382
sn	381
snitch	380
soundcloud	379
stefano	378
straightened	377
subaru	376
sud	375
sudbury	374
suzy	373
tele	372
tennant	371
terre	370
timeout	369
trampoline	368
trieste	367
turnbull	366
unbeatable	365
unfolds	364
unhcr	363
utrecht	362
vas	361
villiers	360
waivers	359
watergate	358
whitehead	357
ado	356
aga	355
amherst	354
anastasia	353
announcers	352
argentinian	351
autographs	350
babysitter	349
bathed	348
belinda	347
betraying	346
bhai	345
bling	344
boer	343
bora	342
bowing	341
bronson	340
canceling	339
caspian	338
ccc	337
celine	336
certifications	335
cet	334
chez	333
christensen	332
clogged	331
coe	330
complainant	329
complying	328
confucius	327
congressmen	326
corbett	325
croft	324
csa	323
daw	322
defying	321
depp	320
dinah	319
disgraced	318
distillery	317
dit	316
doherty	315
dsm	314
eton	313
fam	312
fdr	311
figs	310
filly	309
fished	308
fp	307
fremont	306
gonzales	305
greenpeace	304
gulls	303
hana	302
hebron	301
horatio	300
humboldt	299
huskies	298
inciting	297
intensifies	296
ipcc	295
irina	294
ito	293
ives	292
jest	291
jn	290
kano	289
khaled	288
kitchener	287
knoxville	286
kyiv	285
lamont	284
lampard	283
larkin	282
libre	281
lucien	280
mcleod	279
medics	278
moffat	277
molotov	276
mortem	275
movin	274
mugs	273
musa	272
newtown	271
niggers	270
nikolai	269
nodding	268
norwood	267
oa	266
obeying	265
palma	264
panasonic	263
pegasus	262
pixie	261
plugins	260
potty	259
proletarian	258
punta	257
rebates	256
rehearsing	255
rei	254
remit	253
replays	252
resigns	251
ret	250
salford	249
scarves	248
sch	247
scrum	246
servings	245
shamed	244
shortcuts	243
shoulda	242
showering	241
silvia	240
simeon	239
southbound	238
sus	237
taser	236
teal	235
terrence	234
thom	233
timelines	232
tk	231
trespassing	230
tsp	229
turd	228
ulcers	227
urdu	226
vfl	225
wailing	224
waitin	223
whooping	222
wiz	221
woodrow	220
yoko	219
abusers	218
addictions	217
aldo	216
apis	215
apologizes	214
appellant	213
argh	212
arkham	211
asiatic	210
bal	209
bouncy	208
bowels	207
brainwashed	206
brutus	205
bummed	204
burlesque	203
cams	202
cancels	201
carrington	200
cfl	199
chevalier	198
cid	197
civilised	196
cma	195
coles	194
coliseum	193
concealing	192
confessing	191
corsica	190
croix	189
dada	188
dina	187
diss	186
easton	185
eec	184
ellington	183
endangering	182
epl	181
eto	180
fancied	179
farage	178
faust	177
ferns	176
fk	175
flamenco	174
fsa	173
fsu	172
gabby	171
gallows	170
gazing	169
geniuses	168
gents	167
giro	166
gonzalo	165
gorbachev	164
gorman	163
greets	162
greta	161
gripped	160
hobbes	159
hof	158
hola	157
horne	156
howie	155
ipl	154
ism	153
jos	152
katharine	151
kessler	150
laguna	149
lancet	148
largo	147
lawfully	146
lecturers	145
leds	144
llp	143
mallory	142
markus	141
marseilles	140
martina	139
massages	138
massey	137
mau	136
mccormick	135
meatballs	134
melo	133
micah	132
mime	131
mindy	130
minion	129
mitigating	128
mme	127
moines	126
molested	125
mongolian	124
mons	123
monsignor	122
motorsport	121
newbie	120
niall	119
nurtured	118
nyt	117
odour	116
pandas	115
pelican	114
piero	113
pinto	112
plenary	111
purchasers	110
pussies	109
pyrenees	108
raisins	107
rambo	106
raoul	105
redmond	104
rembrandt	103
riddled	102
rollin	101
rousseau	100
rsa	99
rw	98
saith	97
sampson	96
schwarzenegger	95
sem	94
sion	93
skateboarding	92
smackdown	91
snowing	90
soliciting	89
solicitors	88
strewn	87
suisse	86
ther	85
tiered	84
tran	83
traumatized	82
tre	81
twigs	80
uma	79
unjustified	78
valentino	77
valle	76
viz	75
vm	74
vogel	73
volta	72
vultures	71
watford	70
whew	69
whig	68
whit	67
widget	66
wildcard	65
zoned	64
accomplices	63
aegean	62
alf	61
allie	60
americana	59
ams	58
aps	57
ares	56
asp	55
atletico	54
bagged	53
bakers	52
bantu	51
bartholomew	50
bots	49
carthage	48
cavs	47
chet	46
chomsky	45
clutching	44
cns	43
combs	42
complimented	41
constipation	40
crept	39
croydon	38
cuddly	37
dahl	36
darrell	35
depriving	34
deutsch	33
dictators	32
diem	31
dieting	30
dio	29
disposing	28
dwarves	27
engels	26
enzo	25
ernesto	24
eyeliner	23
eyre	22
fez	21
floss	20
formulating	19
franck	18
gamergate	17
giroud	16
glastonbury	15
glimpses	14
goons	13
grenoble	12
greyhound	11
hahn	10
happenings	9
hardworking	8
havin	7
hawkeye	6
hertfordshire	5
hikers	4
hirsch	3
hl	2
hobo	1
